[
  {
    "review_id": "9472912",
    "movie_id": "100099",
    "author": "odjs****",
    "review": "정말 감동깊고 재밌는 실화영화입니다.오토다케 히로타다는 저런 장애를 갖고 있으면서도 연기실력이 매우 뛰어나요.",
    "rating": "10",
    "date": "14.12.14"
  },
  {
    "review_id": "9322876",
    "movie_id": "100099",
    "author": "rhdl****",
    "review": "배우 본인의 실화라는게 정말 놀라웠고 진정성에서 우러나오는 연기에 놀라웠어요... 아이들도 정말 순수하고 착한아이들이 나와서 좋았구요... 그 눈큰 여자애 이쁨",
    "rating": "10",
    "date": "14.10.27"
  },
  {
    "review_id": "9208740",
    "movie_id": "100099",
    "author": "cora****",
    "review": "아 - 번역이 이게 무언가요.. 아 -",
    "rating": "8",
    "date": "14.09.12"
  },
  {
    "review_id": "9199477",
    "movie_id": "100099",
    "author": "sjh1****",
    "review": "따뜻한영화~사람은 겉모습보다 마음에 크기가 더 크다~ 를 알수있는 좋은영화~",
    "rating": "10",
    "date": "14.09.10"
  },
  {
    "review_id": "8867390",
    "movie_id": "100099",
    "author": "milk****",
    "review": "누구나 장애를 가지고 있다 단지 어떻게 보여 질지가 다를 뿐이다...내 장애를 덮어 줄 누군가를 찾고 싶다",
    "rating": "8",
    "date": "14.06.29"
  },
  {
    "review_id": "8853121",
    "movie_id": "100099",
    "author": "dnql****",
    "review": "더 많은 사람들이 이 작품을 봤으면 하네요. 좋아요.",
    "rating": "10",
    "date": "14.06.25"
  },
  {
    "review_id": "8395277",
    "movie_id": "100099",
    "author": "ion0****",
    "review": "작위적 연출로 감동을 강요함.",
    "rating": "6",
    "date": "14.01.18"
  },
  {
    "review_id": "8337760",
    "movie_id": "100099",
    "author": "seon****",
    "review": "가슴따뜻한영화이네요.훌륭한선생님덕에평생잊지못할추억을가졌네요..장애는아무것도아니고 어떻게살고어떻게극복하느냐에생이달라지는것을...감동이에요 이게본인실화라니...박수를보내요.",
    "rating": "8",
    "date": "14.01.02"
  },
  {
    "review_id": "8273345",
    "movie_id": "100099",
    "author": "kos4****",
    "review": "한국의 교육현실을 보면 참으로 암담해진다.",
    "rating": "10",
    "date": "13.12.22"
  },
  {
    "review_id": "8191934",
    "movie_id": "100099",
    "author": "yasa****",
    "review": "교육적측면에서는 만점일수있으나...글쎄요 영화적구성이나 연출 중간중간 몰입을깨는 발연기와 뜬금없는 연출 사건전개는 마치 안맞는옷을 입은것처럼 불편합니다 감동을 위한 감동은 진부할 수 있다는것과 연기는 연기자가 해야한다는것을 느끼게하는 영화군요",
    "rating": "5",
    "date": "13.12.05"
  },
  {
    "review_id": "8180218",
    "movie_id": "100099",
    "author": "hhhh****",
    "review": "많은걸 배우고가네요 이영화를 통해 더 성장된것같아 기쁘구요, 보는내내 행복한 미소지으면서 봤습니다 아이들도 너무 귀여워요 ㅎㅎ",
    "rating": "10",
    "date": "13.11.30"
  },
  {
    "review_id": "8004828",
    "movie_id": "100099",
    "author": "pg02****",
    "review": "乃 진짜 베스트오브베스트영화",
    "rating": "10",
    "date": "13.09.21"
  },
  {
    "review_id": "7963031",
    "movie_id": "100099",
    "author": "alsw****",
    "review": "와..감동이고 너무 재미있네요^^ 그런데 상영관이 별로 없어서 아쉬워요 ㅠㅠ",
    "rating": "10",
    "date": "13.09.09"
  },
  {
    "review_id": "7961405",
    "movie_id": "100099",
    "author": "fine****",
    "review": "장애 인식 개성이라는 거창한 독려 없이도 이런 평범한 영화들로 인해 조금씩 달라지는 우리의 시선이 필요하다고.. 절실하게 느껴졌던 영화..활동보조인으로 나온 선생님의 깨달음이 나중에 어떻게 발현되는지 궁금해집니다..",
    "rating": "7",
    "date": "13.09.09"
  },
  {
    "review_id": "7961059",
    "movie_id": "100099",
    "author": "yeye****",
    "review": "오랜만에 감동적이고 힘이되는 영화였습니다 눈물이나고 소름이 계속 끼치던...고맙습니다 이런영화만들어주셔서^^주인공 선생님 존경스럽네요",
    "rating": "10",
    "date": "13.09.09"
  },
  {
    "review_id": "7959808",
    "movie_id": "100099",
    "author": "4fkd****",
    "review": "내용의 뜻은 좋아는데 지루해지는 감이 있네요.감동적인부분도 약간 울리다만듯한 느낌이랄까..?기대보다 아쉬운 영화네요",
    "rating": "5",
    "date": "13.09.08"
  },
  {
    "review_id": "7952828",
    "movie_id": "100099",
    "author": "jung****",
    "review": "순수한 아이들 연기 좋아하시면 보시구요.. 기본적인 영화의 재미는 좀 떨어집니다. 클로즈업이 너무 많이 나와서 좀 부담...",
    "rating": "6",
    "date": "13.09.06"
  },
  {
    "review_id": "7951595",
    "movie_id": "100099",
    "author": "silv****",
    "review": "저는 정말 잘 보고 왔어요. 힐링도 되고 용기도 생기는 따뜻한 영화입니다. 다만 해석이 엉망이라 그게 좀 ㅠㅠ대사에 따라 느낌이 많이 달라지는데 너무 멋대로 번역해놔서 아쉬웠어요",
    "rating": "9",
    "date": "13.09.06"
  },
  {
    "review_id": "7951110",
    "movie_id": "100099",
    "author": "qjat****",
    "review": "사지가 없는 사람이 나오길래 오토다케 인줄 알았더니 본인 실화... 왘보고 싶다",
    "rating": "10",
    "date": "13.09.05"
  },
  {
    "review_id": "7950639",
    "movie_id": "100099",
    "author": "wbqm****",
    "review": "쓰레기 일본 영화. 일본은 당장 한국에서 꺼져라 이런 걸 영화라고 만들었냐?",
    "rating": "1",
    "date": "13.09.05"
  },
  {
    "review_id": "7949063",
    "movie_id": "100099",
    "author": "wjdt****",
    "review": "진짜 아직 예고편만 봤는데 감동적임 ㅇㅇ 근데 닉부이치치생각남 평점 깍지마라구요",
    "rating": "10",
    "date": "13.09.05"
  },
  {
    "review_id": "7948933",
    "movie_id": "100099",
    "author": "gukb****",
    "review": "시사회 잘 봤습니다. 장애라는 소재를 다룬 영화 꼭  필요합니다. 내용은 평이해서 다소 지루한 점도 있었습니다. 우리 담임선생과 동료분....비정규직이셨나요? 1년 하시고 바로  떠나시네요.  떠나서 슬픈게 아니라.. 비정규직인거 같아서..쩝..",
    "rating": "5",
    "date": "13.09.05"
  }
]