[
  {
    "review_id": "9941565",
    "movie_id": "100069",
    "author": "mino****",
    "review": "뭔지몰라도호기심자극하게생겨서 10점 걍 줘야될거같음 ㅋㅋ;;ㅋ",
    "rating": "10",
    "date": "15.05.23"
  },
  {
    "review_id": "9937566",
    "movie_id": "100069",
    "author": "knig****",
    "review": "아놔 밑에인간한테낚여서봄 이런시베리아벌판에핀개나리를입에문OOO같은영화는첨봄.여자몸매욜구리고액션은발뒤꿈치도안댐스토리도발꼬락으로쓴듯...차라리용가리나우뢰매가 98배는잘만든영화임..별반개도아까븜",
    "rating": "1",
    "date": "15.05.22"
  },
  {
    "review_id": "9935774",
    "movie_id": "100069",
    "author": "chae****",
    "review": "ㅋㅋㅋ여자분 몸매가 아주 쩜ㅋㅋ 액션연기도 잘하고 추천~!!",
    "rating": "10",
    "date": "15.05.21"
  }
]