[
  {
    "review_id": "10277024",
    "movie_id": "100026",
    "author": "allw****",
    "review": "좋은영화인데 평점이 너무 낮네요.",
    "rating": "10",
    "date": "15.08.26"
  },
  {
    "review_id": "10167841",
    "movie_id": "100026",
    "author": "byul****",
    "review": "화려한 캐스팅에 한참 못미치는 어정쩡한 복고 스릴러",
    "rating": "6",
    "date": "15.07.31"
  },
  {
    "review_id": "10008906",
    "movie_id": "100026",
    "author": "heeb****",
    "review": "캬~~~~배우들의  심리...적절한 몰입도~~",
    "rating": "9",
    "date": "15.06.18"
  },
  {
    "review_id": "9829895",
    "movie_id": "100026",
    "author": "jude****",
    "review": "재밋네요. 그리스 신화와 스릴러가 절묘하게 어울렸어요.",
    "rating": "8",
    "date": "15.04.05"
  },
  {
    "review_id": "9748245",
    "movie_id": "100026",
    "author": "hana****",
    "review": "비고모텐슨과 오스카 아이삭덕에 몰입도는 있었으나 뭔가 부족한듯한 아쉬움이 남는 작품.",
    "rating": "5",
    "date": "15.03.01"
  },
  {
    "review_id": "9677557",
    "movie_id": "100026",
    "author": "glay****",
    "review": "의문을 남긴 두사람...",
    "rating": "10",
    "date": "15.02.08"
  },
  {
    "review_id": "9667387",
    "movie_id": "100026",
    "author": "hnj1****",
    "review": "별 대단한 스토리도 아니고, 뭐 대단한 반전이 있는것도 아닌데 왜 이리 흥미진진하죠??",
    "rating": "9",
    "date": "15.02.05"
  },
  {
    "review_id": "9653444",
    "movie_id": "100026",
    "author": "wjsr****",
    "review": "엔틱풍.. 매력은 충분. 뭐 실제 오래된 골동품보단 그 가치가 떨어질지도 모르지만",
    "rating": "6",
    "date": "15.01.31"
  },
  {
    "review_id": "9647248",
    "movie_id": "100026",
    "author": "lydf****",
    "review": "스릴러 마지막 여운도 좋았다",
    "rating": "9",
    "date": "15.01.29"
  },
  {
    "review_id": "9637420",
    "movie_id": "100026",
    "author": "wdtr****",
    "review": "복고풍 스릴러 괜찮네요...초반 전개에 지루함을 느겼는데 갈수록 몰입도가 있습니다.",
    "rating": "9",
    "date": "15.01.26"
  },
  {
    "review_id": "9636613",
    "movie_id": "100026",
    "author": "bles****",
    "review": "한방이 아쉬운 고전풍 스릴러",
    "rating": "6",
    "date": "15.01.25"
  },
  {
    "review_id": "9567577",
    "movie_id": "100026",
    "author": "guev****",
    "review": "이야기의  촛점이  세명의 인물에게만 맞춰져 있다보니고전스릴러의 분위기가  물씬 풍기지만 임팩트가 부족해서 그럭저럭 킬링타임용에 그치는군",
    "rating": "6",
    "date": "15.01.06"
  },
  {
    "review_id": "9430376",
    "movie_id": "100026",
    "author": "rikk****",
    "review": "배우들의 열연과 독특한 연출에 흡인되어 나도 모르게 영화속으로 빠져든 기분이다. 아름다운 배경은 보너스",
    "rating": "7",
    "date": "14.11.28"
  },
  {
    "review_id": "9418602",
    "movie_id": "100026",
    "author": "psp2****",
    "review": "고전적스럽게 반전없이",
    "rating": "6",
    "date": "14.11.24"
  },
  {
    "review_id": "9406633",
    "movie_id": "100026",
    "author": "phss****",
    "review": "제목이 특이해서 봤다.  무언가 빠진것 같은 느낌??  라이달과 콜레트의 러브신은 어디로???",
    "rating": "7",
    "date": "14.11.21"
  },
  {
    "review_id": "9380796",
    "movie_id": "100026",
    "author": "neph****",
    "review": "풍경과 의상만으로도 행복",
    "rating": "9",
    "date": "14.11.13"
  },
  {
    "review_id": "9251787",
    "movie_id": "100026",
    "author": "chjk****",
    "review": "반전은 없지만 긴장감있게 흘러가는 스토리와 몰입할 수 있게 만들어 주는 배우들의 연기가 무척이나 좋았던 영화",
    "rating": "10",
    "date": "14.10.01"
  },
  {
    "review_id": "9240443",
    "movie_id": "100026",
    "author": "pale****",
    "review": "<리플리>를 현대적으로 각색/연출한 앤서니 밍겔라의 위대함을 다시금 떠올리게 하는 범작",
    "rating": "5",
    "date": "14.09.25"
  },
  {
    "review_id": "9238327",
    "movie_id": "100026",
    "author": "heyu****",
    "review": "리플리 작가라더니 역시  ....아버지란 짜증나도록 술만마시고 담배만 피는 실망스런 그런  존재.... 참 그들은 어쩜 누구보다 이토록  한 가족 같은지 ....",
    "rating": "8",
    "date": "14.09.24"
  },
  {
    "review_id": "9238198",
    "movie_id": "100026",
    "author": "post****",
    "review": "비고 모르텐슨보다 늙은 배우가 나오고 여배우는 더 매력적이었으면, 젊은 두 남녀의 끌림, 늙은 남편의 질투, 두 남자의 사이비 부자관계 같은게 훨씬 설득력 있지 않았을까 싶다. 이야기 자체는 리플리 못지않게 매력적인데, 연출은 좀 아쉬단 생각.",
    "rating": "6",
    "date": "14.09.24"
  },
  {
    "review_id": "9232038",
    "movie_id": "100026",
    "author": "lake****",
    "review": "배우들은 너무 눈이 즐거웠지만 원작을 제대로 못 살린 것 같아서 아쉬웠던ㅋㅋ",
    "rating": "6",
    "date": "14.09.21"
  },
  {
    "review_id": "9221297",
    "movie_id": "100026",
    "author": "anar****",
    "review": "그리스 아테네 아름다운 향연만 남고 스토리의 힘이 약간 미흡한듯",
    "rating": "6",
    "date": "14.09.17"
  },
  {
    "review_id": "9220700",
    "movie_id": "100026",
    "author": "ymin****",
    "review": "캐스팅과 연출력 부족. 그리스의 볼거리 또한 결핍..",
    "rating": "3",
    "date": "14.09.17"
  },
  {
    "review_id": "9220632",
    "movie_id": "100026",
    "author": "stor****",
    "review": "흥미진진한 초중반, 너무 편한 결론",
    "rating": "6",
    "date": "14.09.17"
  },
  {
    "review_id": "9219131",
    "movie_id": "100026",
    "author": "nakj****",
    "review": "반전을 너무 기대했어요. 좋았지만 살짝 부족한 느낌이에요.",
    "rating": "7",
    "date": "14.09.16"
  },
  {
    "review_id": "9216017",
    "movie_id": "100026",
    "author": "zomb****",
    "review": "지중해 배경의 아름다운 영상과 의상과 음악. 클래식한 1960년대의 느낌. 모텐슨과 아이작의 대단히 훌륭한 연기. 하이스미스의 멋진 원작을 우아한 서스펜스로 잘 각색하고 연출한 감독. 데뷔작으로 충분히 인상적이었다. 그냥 내가 사랑하는 영화가 됐다.",
    "rating": "10",
    "date": "14.09.15"
  },
  {
    "review_id": "9215346",
    "movie_id": "100026",
    "author": "jj74****",
    "review": "나쁘진않군여ㅋㅋㅋㅋ",
    "rating": "7",
    "date": "14.09.14"
  },
  {
    "review_id": "9215172",
    "movie_id": "100026",
    "author": "teon****",
    "review": "하이스미스의 복잡한 감정을 우아하게 표현한 비고와 오스카 원츄",
    "rating": "10",
    "date": "14.09.14"
  },
  {
    "review_id": "9212993",
    "movie_id": "100026",
    "author": "conf****",
    "review": "진짜 개 노잼..하..돈과 시간이 아까움.",
    "rating": "4",
    "date": "14.09.14"
  },
  {
    "review_id": "9210457",
    "movie_id": "100026",
    "author": "534k****",
    "review": "좋은데 평점이 낮은듯..",
    "rating": "9",
    "date": "14.09.13"
  },
  {
    "review_id": "9210401",
    "movie_id": "100026",
    "author": "edga****",
    "review": "반전을 기대하지 않는다면 마지막까지 볼만할 것 같다는 말에 같은 생각이에요. 후반부의 스토리 구성이 조금 아쉽다는 생각이 드는데 그 자체가 감독 또는 원작 작가의 의도를 반영한 것이라 생각됩니다.",
    "rating": "7",
    "date": "14.09.13"
  },
  {
    "review_id": "9205249",
    "movie_id": "100026",
    "author": "grun****",
    "review": "영화 보는 내내 긴장감을 늦출 수 없습니다 ㅎ 강추합니다 !",
    "rating": "10",
    "date": "14.09.11"
  },
  {
    "review_id": "9203626",
    "movie_id": "100026",
    "author": "will****",
    "review": "매우 지적인 스릴러이며 관객을 몰입하게 하는 현실성도 플러스",
    "rating": "10",
    "date": "14.09.11"
  },
  {
    "review_id": "9203264",
    "movie_id": "100026",
    "author": "myli****",
    "review": "그저 시도에 그친 분위기와 이야기에 가려지는 배우들의 호연.",
    "rating": "6",
    "date": "14.09.11"
  },
  {
    "review_id": "9203113",
    "movie_id": "100026",
    "author": "taku****",
    "review": "스릴러인 듯하나 결국은 드라마. 반전을 기대하지 않는다면 괜찮을지도.",
    "rating": "5",
    "date": "14.09.11"
  },
  {
    "review_id": "9203061",
    "movie_id": "100026",
    "author": "sexy****",
    "review": "라이달에게서 양성애성을 느끼다.  극장 개봉작이라기 보다는 TV영화 정도면 딱일 듯.",
    "rating": "6",
    "date": "14.09.11"
  }
]