[
  {
    "review_id": "10182166",
    "movie_id": "100023",
    "author": "kkjh****",
    "review": "지극히 단순한 의미를 전달하기 위해 지극히 지루한 방법으로 풀어나간 영화, 관객의 시간을 낭비하게 만든 영화",
    "rating": "1",
    "date": "15.08.04"
  },
  {
    "review_id": "10167109",
    "movie_id": "100023",
    "author": "ppff****",
    "review": "뭔진 모르지만 가슴을 메우는 영화.",
    "rating": "10",
    "date": "15.07.31"
  },
  {
    "review_id": "10108641",
    "movie_id": "100023",
    "author": "bles****",
    "review": "저마다 마음에 품은 환상 찾기",
    "rating": "5",
    "date": "15.07.16"
  },
  {
    "review_id": "10096829",
    "movie_id": "100023",
    "author": "yshb****",
    "review": "심심한 영화이기도 하지만 그래도 희망은 보이는 영화.",
    "rating": "6",
    "date": "15.07.12"
  },
  {
    "review_id": "10070673",
    "movie_id": "100023",
    "author": "daup****",
    "review": "딱 꼬집어 말할 수는 없지만, 응?",
    "rating": "10",
    "date": "15.07.05"
  },
  {
    "review_id": "10061729",
    "movie_id": "100023",
    "author": "qdfj****",
    "review": "딱히 특별할것없는 스토리 특색없는 연출 꽤지루함.",
    "rating": "3",
    "date": "15.07.02"
  },
  {
    "review_id": "10060323",
    "movie_id": "100023",
    "author": "dlar****",
    "review": "다큐로 흘러가는 듯한 영화",
    "rating": "4",
    "date": "15.07.02"
  },
  {
    "review_id": "10054519",
    "movie_id": "100023",
    "author": "baby****",
    "review": "흔한 이야기, 흔한 풍경",
    "rating": "1",
    "date": "15.06.30"
  },
  {
    "review_id": "10052636",
    "movie_id": "100023",
    "author": "guev****",
    "review": "이야기가 진부하지만 지루하지는 않군",
    "rating": "5",
    "date": "15.06.29"
  },
  {
    "review_id": "9934609",
    "movie_id": "100023",
    "author": "lsm9****",
    "review": "어설프지만 꽉차있는 느낌이네요",
    "rating": "9",
    "date": "15.05.21"
  },
  {
    "review_id": "9892825",
    "movie_id": "100023",
    "author": "aehe****",
    "review": "치열하고 냉혹한 세상 속에서 살아남기 위해 잊고 지낸 나의 '부곡 하와이'는 무엇이었는지 곰곰이 생각해 보았다.",
    "rating": "10",
    "date": "15.05.04"
  },
  {
    "review_id": "9885225",
    "movie_id": "100023",
    "author": "534k****",
    "review": "여자가 볼 영화네...",
    "rating": "10",
    "date": "15.05.02"
  },
  {
    "review_id": "9883128",
    "movie_id": "100023",
    "author": "ghfj****",
    "review": "여자 분들에게 추천 합니다",
    "rating": "10",
    "date": "15.05.01"
  },
  {
    "review_id": "9879970",
    "movie_id": "100023",
    "author": "5_sa****",
    "review": "한번 쯤 쉼표가 필요한 이세상 모든 그녀들에게 추천합니다.",
    "rating": "10",
    "date": "15.04.30"
  }
]