[
  {
    "review_id": "10203216",
    "movie_id": "100086",
    "author": "webe****",
    "review": "명작 애니는 제발 실사 영화화 좀 하지 마라 아오 ;;;",
    "rating": "1",
    "date": "15.08.08"
  },
  {
    "review_id": "10201345",
    "movie_id": "100086",
    "author": "edga****",
    "review": "그래 일본인들은 중2때 뇌성장이 멈춰서 드래곤볼, 원피스, 건담, 슈퍼마리오, 드래곤퀘스트 등등 세계적인 문화를 만들었다. 무슨 표현만 하면 오글거린다며 무시해버리는 한국인들보단 중2병이 낫다.  액션영화에서도 교훈을 얻길 바라는 고지식함",
    "rating": "8",
    "date": "15.08.08"
  },
  {
    "review_id": "10200748",
    "movie_id": "100086",
    "author": "doub****",
    "review": "슈파~슈파슈파슈파쓔파쑤파OOOOOOOO",
    "rating": "1",
    "date": "15.08.08"
  },
  {
    "review_id": "10200742",
    "movie_id": "100086",
    "author": "paul****",
    "review": "중국이나 홍콩은 드래곤볼 에볼루션이 있다면 일본엔 독수리 오형제가 있다. 역시 아시아 국가들은 SF,판타지 영화를 만들면 안돼.",
    "rating": "1",
    "date": "15.08.08"
  },
  {
    "review_id": "10181650",
    "movie_id": "100086",
    "author": "tyd1****",
    "review": "총체적 난국. 초반 전투씬 하나 건졌음.",
    "rating": "4",
    "date": "15.08.03"
  },
  {
    "review_id": "10037567",
    "movie_id": "100086",
    "author": "insu****",
    "review": "난 재밌게봤다. 애들영화치곤 굉장히잘만든거같은데. 어른들 보기엔 전혀 유치뽕짝이지만 독수리오형제의 추억때문에 보는거라면 실망보단 와 이정도로 실사화했네라고 칭찬할듯.아쉬운건 헬멧의 새들종류가 만화처럼 디테일하지않아서 고게좀아쉽다",
    "rating": "10",
    "date": "15.06.26"
  },
  {
    "review_id": "10021171",
    "movie_id": "100086",
    "author": "sund****",
    "review": "시대가 어느땐데....",
    "rating": "2",
    "date": "15.06.22"
  },
  {
    "review_id": "10013487",
    "movie_id": "100086",
    "author": "grea****",
    "review": "이 좋은 떡밥을.... 이렇게 말아먹네;;;",
    "rating": "1",
    "date": "15.06.19"
  },
  {
    "review_id": "9950633",
    "movie_id": "100086",
    "author": "ahn0****",
    "review": "어떻게 이런 영화를 만들 수 있지?",
    "rating": "1",
    "date": "15.05.26"
  },
  {
    "review_id": "9914607",
    "movie_id": "100086",
    "author": "asso****",
    "review": "그냥.. 파워레인져같은거 영화같지도않게만듦...",
    "rating": "1",
    "date": "15.05.13"
  },
  {
    "review_id": "9912659",
    "movie_id": "100086",
    "author": "mand****",
    "review": "쉬.팔~쉬.팔.쉬.팔.쉬.팔~우렁찬방구소리~비둘기이~오형제~",
    "rating": "1",
    "date": "15.05.12"
  },
  {
    "review_id": "9912656",
    "movie_id": "100086",
    "author": "hspe****",
    "review": "어벤저스의 위대함을 생각하게 해준다.",
    "rating": "1",
    "date": "15.05.12"
  },
  {
    "review_id": "9865876",
    "movie_id": "100086",
    "author": "nami****",
    "review": "CG랑 내용 나쁘지 않은데 평점이 너무 낮은 듯.. ㅠㅋ  초반에 타이어 같은 게 도쿄를 누비는 장면이 대박이었음..(트랜스포머인 줄..;;) 주인공들도 훈훈돋고.. 오글거리는 몇몇장면 빼고는 나름 괜찮음 ㅎ",
    "rating": "7",
    "date": "15.04.25"
  },
  {
    "review_id": "9857931",
    "movie_id": "100086",
    "author": "deff****",
    "review": "제발 실사화할때는 스토리 캐릭터 변경하지 말고 그대로 해라 좋좋게 바꾸면 모를까 왜 이리 이상하게 트느지...케산,철인28호 등등 그래서 망한거 모르나",
    "rating": "3",
    "date": "15.04.23"
  },
  {
    "review_id": "9857314",
    "movie_id": "100086",
    "author": "vndd****",
    "review": "850 억...나한데 주지    ㅣ억으로도 만들겟다ㅡㅡㅋ아나ㅠ아깝다 쟁장 ㅋㅋㅋㅋ",
    "rating": "1",
    "date": "15.04.22"
  },
  {
    "review_id": "9853273",
    "movie_id": "100086",
    "author": "hera****",
    "review": "7광구가 이것보다 낫다",
    "rating": "1",
    "date": "15.04.19"
  },
  {
    "review_id": "9849140",
    "movie_id": "100086",
    "author": "ljmd****",
    "review": "생각보다 상당히 잼있고 잘만들었는데 평점이 너무 박하네요. 스토리도 꽤 괜찮고 CG등도 이 정도면 봐줄만 합니다. 히어로물 특유의 유치함을 논하자면 어벤젼스가 더 오그라들죠.;;;",
    "rating": "8",
    "date": "15.04.17"
  },
  {
    "review_id": "9843963",
    "movie_id": "100086",
    "author": "suga****",
    "review": "추억보정 받으면 킬링타임용으론 볼만한데. 뒤로 갈수록 액션도 없고 지루함. 역시 이런 장르는 어지간히 잘만들지 않으면 유치해지는 것이 문제임. 헐리웃이 새삼 대단하게 느껴지내요.",
    "rating": "5",
    "date": "15.04.13"
  },
  {
    "review_id": "9834983",
    "movie_id": "100086",
    "author": "sand****",
    "review": "아놔 졸잼있어천년에한번나올까말까한 대작OOㅏ꺼...",
    "rating": "10",
    "date": "15.04.08"
  },
  {
    "review_id": "9792984",
    "movie_id": "100086",
    "author": "edit****",
    "review": "파워레인져 수준의 영화 ~ 차라리 시나리오를 쉽게 만들어서 모두 볼 수 있는 등급으로 상영했으면 대박 났을 영화였는데 아쉽다",
    "rating": "1",
    "date": "15.03.19"
  },
  {
    "review_id": "9776505",
    "movie_id": "100086",
    "author": "cccw****",
    "review": "만화원작은 워낙 망작이 많아서...특히 갠적으론 데빌맨... 너무 기대를 안 하고 봤더니 not bad.. 고리키 아먀메 나왔었군.. 일본내에서도 안티 많고 신사참배 모델이라 갠적으로도 싫어함.",
    "rating": "7",
    "date": "15.03.13"
  },
  {
    "review_id": "9752797",
    "movie_id": "100086",
    "author": "korg****",
    "review": "영화 자체만으론 개막장은 맞는데, 그간 일본에서 실사화된 영화들의 처절한 퀄리티를 감안하면 그중에서는 나은편에 속한다. 최소한 카메라쪽으로 주먹질 하면 다음컷에 나쁜놈 으앜 주금..이딴 수준보다는 나은  액션을 보여주니 말이다",
    "rating": "5",
    "date": "15.03.02"
  },
  {
    "review_id": "9690060",
    "movie_id": "100086",
    "author": "whtm****",
    "review": "...이 애니 참 좋아했는데...애니를 생각해서 10점 그런데 주인공 좀 잘생긴 듯?",
    "rating": "10",
    "date": "15.02.12"
  },
  {
    "review_id": "9682032",
    "movie_id": "100086",
    "author": "dann****",
    "review": "나   만   죽   을   수  없   다 다  같  이  죽  자",
    "rating": "10",
    "date": "15.02.09"
  },
  {
    "review_id": "9615971",
    "movie_id": "100086",
    "author": "rkdr****",
    "review": "여태까지의 실사영화중에 가장 잘 만들고 뛰어난 실사영화다.",
    "rating": "10",
    "date": "15.01.20"
  },
  {
    "review_id": "9610368",
    "movie_id": "100086",
    "author": "dong****",
    "review": "만화영화처럼 재미있습니다.",
    "rating": "10",
    "date": "15.01.18"
  },
  {
    "review_id": "9557123",
    "movie_id": "100086",
    "author": "best****",
    "review": "슈퍼액션히어로의절정체.지구를지키는다섯형제의노고에박수를",
    "rating": "10",
    "date": "15.01.03"
  },
  {
    "review_id": "9516049",
    "movie_id": "100086",
    "author": "sanj****",
    "review": "만들려면  슈트라도 좀비슷하게라도 만들지... 제목모르면 독수리5형제인지도 모름... 초반 시가지전에 날아다니는게 좀 볼만하고 후반부는 영...",
    "rating": "5",
    "date": "14.12.25"
  },
  {
    "review_id": "9439873",
    "movie_id": "100086",
    "author": "534k****",
    "review": "이건 좀 심했다 이런..",
    "rating": "1",
    "date": "14.12.02"
  },
  {
    "review_id": "9420399",
    "movie_id": "100086",
    "author": "kido****",
    "review": "820억으로 J리그 축구구단에 토레스 영입해도 이 영화보다 흥행할듯~@.@;;",
    "rating": "1",
    "date": "14.11.25"
  },
  {
    "review_id": "9357775",
    "movie_id": "100086",
    "author": "chid****",
    "review": "힘들게 보았도다...",
    "rating": "1",
    "date": "14.11.08"
  },
  {
    "review_id": "9347441",
    "movie_id": "100086",
    "author": "dang****",
    "review": "12세 관람가라고 12세만 보라는 건 아니다.",
    "rating": "3",
    "date": "14.11.06"
  },
  {
    "review_id": "9295364",
    "movie_id": "100086",
    "author": "fzer****",
    "review": "B급영화치곤 볼만하지만...극장에서 상영할 영화는 아닌듯..",
    "rating": "4",
    "date": "14.10.16"
  },
  {
    "review_id": "9290872",
    "movie_id": "100086",
    "author": "adiv****",
    "review": "암울한 스토리..  정말 재미없게 잘만든다.  이렇게 만들기도 힘들겠다.",
    "rating": "2",
    "date": "14.10.14"
  },
  {
    "review_id": "9285527",
    "movie_id": "100086",
    "author": "5212****",
    "review": "고리키 아야메를 좋아해서 팬심으로 찾아봤지만 이제 아마 .. 다신 팬심으로 영화를 찾아보진 않을것같다.. 초등학교 1~3학년들이 볼 수준",
    "rating": "3",
    "date": "14.10.11"
  },
  {
    "review_id": "9284921",
    "movie_id": "100086",
    "author": "youn****",
    "review": "군대에서 유플러스로 이영화 후임들이랑 진짜 재밌게봤어요ㅋㅋ  반전잼 기대안하고 봤는데 꺠알재미가 많아요",
    "rating": "7",
    "date": "14.10.11"
  },
  {
    "review_id": "9282635",
    "movie_id": "100086",
    "author": "so1m****",
    "review": "독수리 5형제 VS 우뢰매",
    "rating": "1",
    "date": "14.10.10"
  },
  {
    "review_id": "9279988",
    "movie_id": "100086",
    "author": "chip****",
    "review": "영화는 1점도 아까운 쓰레기지만  만화(소설)-애니-드라마-영화-캐릭터산업으로 이어지는 일본의 문화산업은 정말 부럽다는 그래서 8점",
    "rating": "8",
    "date": "14.10.10"
  },
  {
    "review_id": "9263202",
    "movie_id": "100086",
    "author": "otap****",
    "review": "어떻게 이렇게 모든면에서 구리게 만들 수가 있는지..",
    "rating": "1",
    "date": "14.10.04"
  },
  {
    "review_id": "9199292",
    "movie_id": "100086",
    "author": "vmox****",
    "review": "그래픽 은 발전 했는대. 그외에는.. 기본에 충실 햇으면 좋앗을텐데. ㅉㅉㅉ 배우는 완전 아저씨들 아줌마 ㅋㅋ원작 느낌도 없고.ㅋㅋㅋ 배우만 제대로 넣엇어도 . 배우떄메 돈OO 한 꼬라지.",
    "rating": "1",
    "date": "14.09.10"
  },
  {
    "review_id": "9119464",
    "movie_id": "100086",
    "author": "baro****",
    "review": "cg보다 전체적인 톤을 잘못 잡았다. 감독도 좀 아무나 시키지 말아라. 어설프게 마블 따라하기나 하고. 노답.",
    "rating": "4",
    "date": "14.08.21"
  },
  {
    "review_id": "9119367",
    "movie_id": "100086",
    "author": "pssp****",
    "review": "이거 찍을려면는일본 연예인도 제정신 아닌듯 ㄷㄷ..",
    "rating": "1",
    "date": "14.08.21"
  },
  {
    "review_id": "9059444",
    "movie_id": "100086",
    "author": "klug****",
    "review": "나오미, 준으로 나온 두 배우의 어색한 연기와 너무나도 진부하고 허접한 스토리가 명작이 될 수 있었던 이 영화를 망작으로 만들어버렸다. 내가 독수리 오형제를 얼마나 기다렸는데...",
    "rating": "5",
    "date": "14.08.10"
  },
  {
    "review_id": "9049226",
    "movie_id": "100086",
    "author": "piao****",
    "review": "파워레인저극장판이 더재밋을것같네요ㅋㅋ",
    "rating": "1",
    "date": "14.08.08"
  },
  {
    "review_id": "8956295",
    "movie_id": "100086",
    "author": "pink****",
    "review": "팬픽차원으로 이런걸 만들어낼 것이 있는 일본이 부럽다.우린 팬픽차원으로 실사판으로 만들게 없자나~부러우면 지는거지...한국의 현실이~",
    "rating": "10",
    "date": "14.07.25"
  },
  {
    "review_id": "8913673",
    "movie_id": "100086",
    "author": "wkd1****",
    "review": "1점도 아까운데? 무슨 일본사람들은 전부 중2병걸렸나 ㅋㅋ",
    "rating": "1",
    "date": "14.07.13"
  },
  {
    "review_id": "8843821",
    "movie_id": "100086",
    "author": "conc****",
    "review": "우뢰뫼는 능가한다,, 개쩔.,,.",
    "rating": "10",
    "date": "14.06.21"
  },
  {
    "review_id": "8841878",
    "movie_id": "100086",
    "author": "void****",
    "review": "과학닌자대에 과학은 없고 엑스맨을 죽이는 엑스맨이라니. 진실을 숨기고 희생만 강조하는 아베신조 같은 박사에 아임유어러버까지 최악.",
    "rating": "1",
    "date": "14.06.20"
  },
  {
    "review_id": "8841141",
    "movie_id": "100086",
    "author": "thfn****",
    "review": "이걸 끝까지 빨리감기로 본 내가 자랑스럽다.",
    "rating": "1",
    "date": "14.06.19"
  },
  {
    "review_id": "8838795",
    "movie_id": "100086",
    "author": "jaeh****",
    "review": "망할만하네 딱 삼류 블록버스터",
    "rating": "1",
    "date": "14.06.18"
  },
  {
    "review_id": "8738896",
    "movie_id": "100086",
    "author": "kndm****",
    "review": "일본인들은 중 2때부터 뇌성장이 멈춘 거 같다.",
    "rating": "6",
    "date": "14.05.17"
  },
  {
    "review_id": "8733041",
    "movie_id": "100086",
    "author": "klk3****",
    "review": "지구를 지키랬더니 다들 다른데 정신팔려있다",
    "rating": "3",
    "date": "14.05.15"
  },
  {
    "review_id": "8728689",
    "movie_id": "100086",
    "author": "lim9****",
    "review": "내 친구의 남동생의 남동생의 남동생의 남동생의 남동생의 남동생의남동생의 남동생의 남동생의남동생의 남동생의 남동생의남동생의 남동생의 남동생이 보면 딱 좋을뜻.내가 4살 일때 이 만화 보여주면 평점 10점 만점의 10점 줄듯함",
    "rating": "1",
    "date": "14.05.13"
  },
  {
    "review_id": "8704561",
    "movie_id": "100086",
    "author": "lass****",
    "review": "차라릭 극장판 애니를 만들지...드라마든 애니든 만화든 영화화하는 순간 삼류로 만드는 일본의 기술과 연출력도 대단하다",
    "rating": "1",
    "date": "14.05.05"
  },
  {
    "review_id": "8683845",
    "movie_id": "100086",
    "author": "east****",
    "review": "별점 0점을 주고 싶다...독수리오형제에 대한 어릴적 향수로 봤지만...시간 낭비 그 이상 그 이하도 아니다...",
    "rating": "1",
    "date": "14.04.30"
  },
  {
    "review_id": "8681937",
    "movie_id": "100086",
    "author": "shoo****",
    "review": "나름재밌는데ㅋ파워레인저+슈퍼맨+아이언맨+배트맨카체 정도",
    "rating": "5",
    "date": "14.04.29"
  },
  {
    "review_id": "8675420",
    "movie_id": "100086",
    "author": "maru****",
    "review": "평점이 너무 낮아서 어느 정도 예상은 했는데 직접 보면 2번 사기 당한 기분이다.",
    "rating": "1",
    "date": "14.04.26"
  },
  {
    "review_id": "8669821",
    "movie_id": "100086",
    "author": "sile****",
    "review": "깜짝 놀랐다. 870억원의 어마어마한 예산과 일본에서 잘나가는 흥행 감독, 그리고 인기 배우들을 대거 캐스팅해 만든 결과물이 150억들여 만든 국산 혐한 애니메이션인 김치워리어 보다 훨씬 오글거리고 유치한 개똥같은 망작이였으니까",
    "rating": "2",
    "date": "14.04.24"
  },
  {
    "review_id": "8663407",
    "movie_id": "100086",
    "author": "tjdw****",
    "review": "이딴 영화를 처보면서 이렇게까지 분노를 느껴본적이 없다",
    "rating": "1",
    "date": "14.04.21"
  },
  {
    "review_id": "8568232",
    "movie_id": "100086",
    "author": "wpvo****",
    "review": "버드 미사일한 번만  쏘게헤줘!",
    "rating": "1",
    "date": "14.03.11"
  },
  {
    "review_id": "8567653",
    "movie_id": "100086",
    "author": "kyo1****",
    "review": "아.. 이걸 영화라고... 차라리 파워레인저 극장판이 낫겠다.",
    "rating": "1",
    "date": "14.03.10"
  },
  {
    "review_id": "8565920",
    "movie_id": "100086",
    "author": "choi****",
    "review": "수준이 딱 아가들 영화.",
    "rating": "1",
    "date": "14.03.09"
  },
  {
    "review_id": "8565760",
    "movie_id": "100086",
    "author": "dkdi****",
    "review": "1시간제한도없는데 굳이 줄서있으면서 신분조작 해킹함(해킹먼저하고 들어가라) 2.적한테 소리친후 수리검던질듯이 겁줌(그냥 뒤에서 갈겨임뫄)/3흰놈이 꼬맹이버리고 쫓아가놓고 깜장이 감염될때까지 코빼기도 안보임(시가지를 빛의속도로 날라댕기던놈이)그외다수.",
    "rating": "1",
    "date": "14.03.09"
  },
  {
    "review_id": "8555714",
    "movie_id": "100086",
    "author": "rlxo****",
    "review": "이걸 본 나를 탓해야지 에휴..",
    "rating": "1",
    "date": "14.03.04"
  },
  {
    "review_id": "8555594",
    "movie_id": "100086",
    "author": "kdl7****",
    "review": "시바 이영화에 시간투자한게 아깝다.",
    "rating": "1",
    "date": "14.03.04"
  },
  {
    "review_id": "8555490",
    "movie_id": "100086",
    "author": "heye****",
    "review": "870억이나 주고만들었다니...그것만으로도 놀랍다!!! 대체 돈을 어디다가 쓴거지?",
    "rating": "2",
    "date": "14.03.04"
  },
  {
    "review_id": "8555124",
    "movie_id": "100086",
    "author": "dldu****",
    "review": "800억은~다어디로갔노~~미치것내ㅋ",
    "rating": "1",
    "date": "14.03.04"
  },
  {
    "review_id": "8555067",
    "movie_id": "100086",
    "author": "byja****",
    "review": "배우 출연료 주고 제작비가 모자랐나보다...출연진에 비해 영화가 쓰레기네",
    "rating": "1",
    "date": "14.03.04"
  },
  {
    "review_id": "8554926",
    "movie_id": "100086",
    "author": "agap****",
    "review": "안봐도 비디오다. 일본이 애니는 좀 만들어도 영화는 아니다.. 특히 CG SF... .",
    "rating": "1",
    "date": "14.03.03"
  },
  {
    "review_id": "8553355",
    "movie_id": "100086",
    "author": "anyo****",
    "review": "초반에 그래픽은 볼만하드만 이거너무 유치하다",
    "rating": "3",
    "date": "14.03.03"
  },
  {
    "review_id": "8553252",
    "movie_id": "100086",
    "author": "kaze****",
    "review": "용가리, 7광구가 잘만든 영화였구나라고 깨닫게해준 고마운 영화. 너도 봐라 독수리오형제. 나만 보기 돈 아깝다.",
    "rating": "1",
    "date": "14.03.03"
  },
  {
    "review_id": "8551312",
    "movie_id": "100086",
    "author": "spac****",
    "review": "나름 볼만하던데~ 여기서는 지나치게 까이는듯 하네요.",
    "rating": "7",
    "date": "14.03.02"
  },
  {
    "review_id": "8550054",
    "movie_id": "100086",
    "author": "sauc****",
    "review": "예고편에 나온다 '목표는 도쿄 시간은 30분 인류를 구하라 !!'   현실이라면 '일단 30분 후에 이야기하자'",
    "rating": "1",
    "date": "14.03.02"
  },
  {
    "review_id": "8548444",
    "movie_id": "100086",
    "author": "sdea****",
    "review": "신선한 전대물이 탄생했네....타치니코 선생이 우시겠다...",
    "rating": "5",
    "date": "14.03.01"
  },
  {
    "review_id": "8546080",
    "movie_id": "100086",
    "author": "deen****",
    "review": "이게 800억이 든 영화라고? 정말? 돈도 돈이지만 내 눈이 아까울 정도로 실망스럽고 어이없던 영화였다 최악의 영화! ㅠㅠ",
    "rating": "1",
    "date": "14.02.28"
  },
  {
    "review_id": "8545658",
    "movie_id": "100086",
    "author": "figh****",
    "review": "비주얼은 괜찮은데 평점이 낮네요.. 단점은 여자 캐릭터가 않 이쁨",
    "rating": "6",
    "date": "14.02.28"
  },
  {
    "review_id": "8542645",
    "movie_id": "100086",
    "author": "24th****",
    "review": "킬링타임용으로 이정도면 됬다고 본다.마블시리즈 처럼 성공하기에는 조금 부족한 면이 있다.",
    "rating": "5",
    "date": "14.02.27"
  },
  {
    "review_id": "8542415",
    "movie_id": "100086",
    "author": "seon****",
    "review": "부들부들... 중2스럽구나!",
    "rating": "1",
    "date": "14.02.27"
  },
  {
    "review_id": "8542012",
    "movie_id": "100086",
    "author": "jack****",
    "review": "차라리 3d에니메이션이며무더 좋았을듯Cg 애니틱 나지만 한 6.8스토리 6점, 일본 특유의 오버연기 3.5, 연출5점제작및 시도 8점 캐릭더 6점(괴물 졸라 오글거림 파워레인저 악당같음)총점 6.2확실한건 조선여자삼총사보단 200배 낫다",
    "rating": "6",
    "date": "14.02.27"
  },
  {
    "review_id": "8540379",
    "movie_id": "100086",
    "author": "smrl****",
    "review": "내가 정말 수능끝나고 시간낭비하는짓 많이했지만 이영화를본게 가장큰 시간낭비가 아닐까싶다",
    "rating": "1",
    "date": "14.02.26"
  },
  {
    "review_id": "8540018",
    "movie_id": "100086",
    "author": "jung****",
    "review": "위성에서 지구로 발사할때 첫 목표가 독도인것 같은데요제가 보고 또보고 해도 독도인것 같아요 이건 무슨 뜻일까요. 일본은 영화에서도 이렇게까지 해야 할까요 영화에 영자도 모르는 일본 난 다시는 만화도 일본제품은 보지 않을 겁니다",
    "rating": "6",
    "date": "14.02.26"
  },
  {
    "review_id": "8539459",
    "movie_id": "100086",
    "author": "tlst****",
    "review": "니들은 그냥 영화로 돈벌생각 하지말고 애니나 그려라 그게 답이다니들은 극장에선 2d로 활동해라",
    "rating": "1",
    "date": "14.02.26"
  },
  {
    "review_id": "8539197",
    "movie_id": "100086",
    "author": "jsa3****",
    "review": "대단하다 .이런건 도대체 누굴보라고 만든거니?",
    "rating": "1",
    "date": "14.02.26"
  },
  {
    "review_id": "8538636",
    "movie_id": "100086",
    "author": "yong****",
    "review": "추억을 간직하기 위해 15분 보다 눈을 감았습니다.반별 줍니다. p.s  유통 배급사는 반성하세요.",
    "rating": "1",
    "date": "14.02.26"
  },
  {
    "review_id": "8538324",
    "movie_id": "100086",
    "author": "cks4****",
    "review": "싸울때 불똥 튀고 어설픈 분장에 과장된 액션, 급조된 세트장, 일본 전대물에서 크게 벗어나지 않는 퀄리티, 아이언맨같은 퀄리티를 기대한다면 크게 실망할듯 나는 그려려니 하고 봤다 주제는 사랑, 우정, 정체성찾기, 인류구원 보는내내 손발을 펼수없다",
    "rating": "3",
    "date": "14.02.26"
  },
  {
    "review_id": "8538139",
    "movie_id": "100086",
    "author": "kabu****",
    "review": "내 어지간하면 특촬물도 재밌게보는 편인데 돈도 엄청들어갔다면서 다 어따 쓴거야 이노무 영화는?  하기사 어릴때 티비서 방영해주는 애니중에 독수리오형제가 제일 재미없었다. 그걸 실사판으로 만들었으니 오죽하겠냐만",
    "rating": "1",
    "date": "14.02.26"
  },
  {
    "review_id": "8538087",
    "movie_id": "100086",
    "author": "kung****",
    "review": "전대물 문화를 이해해야 볼수 있다. 애초에 옛날만화를 실사화했으니 유치했을수 밖에... 그러나 이정도 퀄리티를 만들려고 그정도 제작비를 쏟아부었다는건 정말 안타깝다..하지만 덕분에  옛날 독수리 오형제를 다시찾아봤다.  94년극장판 애니가 더낫더라~",
    "rating": "6",
    "date": "14.02.26"
  },
  {
    "review_id": "8537594",
    "movie_id": "100086",
    "author": "sllw****",
    "review": "어린이들 킬링타임용 영화네요... 제작비가 아까워요...",
    "rating": "6",
    "date": "14.02.25"
  },
  {
    "review_id": "8537548",
    "movie_id": "100086",
    "author": "leeh****",
    "review": "참새들이냐....아 유치...스토리 그냥 화난다....",
    "rating": "1",
    "date": "14.02.25"
  },
  {
    "review_id": "8537262",
    "movie_id": "100086",
    "author": "whvt****",
    "review": "장난하나? 우와 이건 내일의 죠 실사판 보다 훨씬 심하다.내일의 죠도 충격이였는데, 이건 그냥 최악이다.원작이 울고 있다 미친 800억은 그냥 갖다 버렸구나.야후 제펜하고 2ch에서도 이건 아니라고 욕하는 수준이니알만하다. 진짜 실망이다.",
    "rating": "1",
    "date": "14.02.25"
  },
  {
    "review_id": "8536502",
    "movie_id": "100086",
    "author": "wjdg****",
    "review": "범프가 주제가 불러서 5점 준다. 후지와라씨 왜 이런 영화에 이런 좋은 곡을 주셨습니까..",
    "rating": "5",
    "date": "14.02.25"
  },
  {
    "review_id": "8536390",
    "movie_id": "100086",
    "author": "cjtu****",
    "review": "할말없음, 할말이 없음",
    "rating": "1",
    "date": "14.02.25"
  },
  {
    "review_id": "8536155",
    "movie_id": "100086",
    "author": "0son****",
    "review": "아이언맨, 슈퍼맨  빠돌이 감독이...820억엔으로 거~하게 빠돌이짓한 영화...",
    "rating": "1",
    "date": "14.02.25"
  },
  {
    "review_id": "8535613",
    "movie_id": "100086",
    "author": "bosr****",
    "review": "어떻게 해보겠다고 생 용을 쓴듯한데 결과는 이도저도 아닌 좆망. 제작비가아깝다 그돈으로 TV판 리뉴얼하는게좋을듯",
    "rating": "2",
    "date": "14.02.25"
  },
  {
    "review_id": "8534942",
    "movie_id": "100086",
    "author": "kth2****",
    "review": "ㅋㅋㅋ 일본인들도 이 영화를 창피해 하겠죠...? ㅋㅋ",
    "rating": "1",
    "date": "14.02.24"
  },
  {
    "review_id": "8534825",
    "movie_id": "100086",
    "author": "kyle****",
    "review": "막 유치한 전대물이 느닷없이 땡꼈는데 마침 이게 있어서 봤는데 볼 당시 기분이 그래서 그런지 몰라도 오그라들긴 해도 볼만했음",
    "rating": "7",
    "date": "14.02.24"
  },
  {
    "review_id": "8534815",
    "movie_id": "100086",
    "author": "kurt****",
    "review": "재미는 있었어요...",
    "rating": "10",
    "date": "14.02.24"
  },
  {
    "review_id": "8534775",
    "movie_id": "100086",
    "author": "milp****",
    "review": "평점이 왜이리  높아??",
    "rating": "1",
    "date": "14.02.24"
  },
  {
    "review_id": "8534460",
    "movie_id": "100086",
    "author": "hanl****",
    "review": "일본애들은 애니를 많이 봐서인지 연기도 애니스럽게한다. 손이 오그라들어서 타자치기도 힘드네",
    "rating": "2",
    "date": "14.02.24"
  },
  {
    "review_id": "8534290",
    "movie_id": "100086",
    "author": "cwry****",
    "review": "쓸데없이 너무 진지하다. 아이언맨, 어벤져스 못봤냐?보다가 세번잤다. 근데도 영화가 안끝나.",
    "rating": "4",
    "date": "14.02.24"
  }
]