[
  {
    "review_id": "9947101",
    "movie_id": "100145",
    "author": "gall****",
    "review": "기괴함이 짜증스런 불쾌감으로 이어지는 데는 그리 오랜 시간이 필요치 않은 망작",
    "rating": "1",
    "date": "15.05.25"
  },
  {
    "review_id": "7765889",
    "movie_id": "100145",
    "author": "milk****",
    "review": "애기들 짜증난다....",
    "rating": "4",
    "date": "13.07.20"
  },
  {
    "review_id": "7174238",
    "movie_id": "100145",
    "author": "yang****",
    "review": "더럽게 지루한 애니다.. 1점준거중 한국영호는 10점준 매미OO있네..",
    "rating": "1",
    "date": "13.01.25"
  },
  {
    "review_id": "7062645",
    "movie_id": "100145",
    "author": "rlag****",
    "review": "어린이들을 위한 애니메이션이지만 어른이 봐도 재밌을 것",
    "rating": "8",
    "date": "12.12.30"
  },
  {
    "review_id": "7062233",
    "movie_id": "100145",
    "author": "love****",
    "review": "너무 애들 영화네",
    "rating": "4",
    "date": "12.12.30"
  },
  {
    "review_id": "6954601",
    "movie_id": "100145",
    "author": "besi****",
    "review": "산뜻하고 음산(?)하게 재미있는영화!!",
    "rating": "9",
    "date": "12.12.01"
  },
  {
    "review_id": "6894268",
    "movie_id": "100145",
    "author": "budd****",
    "review": "진짜 재미없음...",
    "rating": "1",
    "date": "12.11.16"
  },
  {
    "review_id": "6884552",
    "movie_id": "100145",
    "author": "zyuz****",
    "review": "이 영화, 스릴 반 웃음 반이다. 웃겨 죽을뻔... 강추합니다!",
    "rating": "10",
    "date": "12.11.13"
  },
  {
    "review_id": "6884518",
    "movie_id": "100145",
    "author": "gkdi****",
    "review": "음... 기대 이상의 재미입니다. 강추요!!!",
    "rating": "10",
    "date": "12.11.13"
  },
  {
    "review_id": "6884515",
    "movie_id": "100145",
    "author": "babi****",
    "review": "내평생 이렇게 골때리는 영화는 ㅋㅋㅋ 강추합니다!",
    "rating": "10",
    "date": "12.11.13"
  },
  {
    "review_id": "6884511",
    "movie_id": "100145",
    "author": "baby****",
    "review": "상상력의 승리!! 재밌게 잘 봤습니다!",
    "rating": "10",
    "date": "12.11.13"
  },
  {
    "review_id": "6884510",
    "movie_id": "100145",
    "author": "cij5****",
    "review": "완젼 재미있어요-",
    "rating": "10",
    "date": "12.11.13"
  },
  {
    "review_id": "6884402",
    "movie_id": "100145",
    "author": "huak****",
    "review": "진짜 깜짝 놀랄만한 재미!!",
    "rating": "10",
    "date": "12.11.13"
  },
  {
    "review_id": "6882804",
    "movie_id": "100145",
    "author": "picc****",
    "review": "감독의 씽크빅에 박수를!! 애니메이션계의 혁신이네요 ㅋㅋ 대박!",
    "rating": "10",
    "date": "12.11.12"
  },
  {
    "review_id": "6882794",
    "movie_id": "100145",
    "author": "swee****",
    "review": "상상초월ㅋㅋㅋㅋ진짜 대~~~~~박 웃긴 애니메이션ㅋㅋㅋ꼭 대박나길!",
    "rating": "10",
    "date": "12.11.12"
  },
  {
    "review_id": "6871532",
    "movie_id": "100145",
    "author": "ssh5****",
    "review": "스페셜 영상 봤는데 재미 있네요...ㅎㅎ 기대 됩니다..",
    "rating": "10",
    "date": "12.11.09"
  },
  {
    "review_id": "6869391",
    "movie_id": "100145",
    "author": "chu1****",
    "review": "넘 귀여워여",
    "rating": "10",
    "date": "12.11.09"
  },
  {
    "review_id": "6866614",
    "movie_id": "100145",
    "author": "mint****",
    "review": "징그러울 줄 알았는데 넘 귀여운 큔스트리크ㅋㅋㅋ",
    "rating": "10",
    "date": "12.11.08"
  },
  {
    "review_id": "6866198",
    "movie_id": "100145",
    "author": "das_****",
    "review": "학교 실험실판  톰과 제리라고나 할까~불쌍한 해골아저씨 ㅋㅋ",
    "rating": "9",
    "date": "12.11.08"
  },
  {
    "review_id": "6865982",
    "movie_id": "100145",
    "author": "film****",
    "review": "새로운 스타일!! 재페니메이션....",
    "rating": "10",
    "date": "12.11.08"
  },
  {
    "review_id": "6865904",
    "movie_id": "100145",
    "author": "soon****",
    "review": "푸하하하하하...웃긴다. 정말 골 때린다. 스페셜 영상을 꼭 챙겨들  보시길....",
    "rating": "9",
    "date": "12.11.08"
  },
  {
    "review_id": "6865815",
    "movie_id": "100145",
    "author": "vnfm****",
    "review": "생각했던 일본애니가 아니라 기발하고 독특하고 톡톡 튀는 캐릭터를 보는 재미!",
    "rating": "9",
    "date": "12.11.08"
  },
  {
    "review_id": "6865483",
    "movie_id": "100145",
    "author": "naby****",
    "review": "이건 뭐야",
    "rating": "1",
    "date": "12.11.08"
  },
  {
    "review_id": "6865276",
    "movie_id": "100145",
    "author": "jame****",
    "review": "빵터지는 개그~ 사랑스럽다 징그럽게~ㅋ",
    "rating": "10",
    "date": "12.11.08"
  }
]