[
  {
    "review": "안타깝고 그리운 아날로그의 강렬한 추억 영화역사상 영원한 명작",
    "date": "15.06.10",
    "rating": "10",
    "author": "nap3****",
    "review_id": "9987872",
    "movie_id": "10014"
  },
  {
    "review": "그건 사랑이었을까.!",
    "date": "15.05.03",
    "rating": "6",
    "author": "tear****",
    "review_id": "9889467",
    "movie_id": "10014"
  },
  {
    "review": "FIN 이 뜨는순간 너무나도 가슴아팠다...어린아이들의 순수함",
    "date": "15.03.31",
    "rating": "10",
    "author": "codu****",
    "review_id": "9817829",
    "movie_id": "10014"
  },
  {
    "review": "전쟁속의 아이들의 순수. 너무나 잔인한 아이들의 순수",
    "date": "14.09.29",
    "rating": "10",
    "author": "real****",
    "review_id": "9248579",
    "movie_id": "10014"
  },
  {
    "review": "지금도 줄거리 읽고 어릴적 이 영화 봤던 생각이 나 눈물이 흘러요. 영화음악으로 더 유명하죠. 여주인공이 커서 라붐에서 소피마르소 엄마역을 했군요.  이제 알고 너무 기쁘네요.",
    "date": "14.08.14",
    "rating": "10",
    "author": "geed****",
    "review_id": "9085656",
    "movie_id": "10014"
  },
  {
    "review": "순수했기에 씁쓸하고 슬픈 로망스",
    "date": "14.07.16",
    "rating": "7",
    "author": "setm****",
    "review_id": "8920848",
    "movie_id": "10014"
  },
  {
    "review": "로망스 선율과 함께 순수한 아이들의 사랑이 아름답다.",
    "date": "14.04.24",
    "rating": "10",
    "author": "icye****",
    "review_id": "8669724",
    "movie_id": "10014"
  },
  {
    "review": "잔잔하게 마음을 울린다",
    "date": "14.01.18",
    "rating": "8",
    "author": "lovt****",
    "review_id": "8393667",
    "movie_id": "10014"
  },
  {
    "review": "다소 충격적 이야기 전개가 불편하지만...",
    "date": "13.11.24",
    "rating": "8",
    "author": "ykdi****",
    "review_id": "8166130",
    "movie_id": "10014"
  },
  {
    "review": "아름답고 슬프다",
    "date": "13.09.13",
    "rating": "10",
    "author": "jose****",
    "review_id": "7974610",
    "movie_id": "10014"
  },
  {
    "review": "아름다운 첫사랑",
    "date": "13.08.03",
    "rating": "10",
    "author": "iya1****",
    "review_id": "7825191",
    "movie_id": "10014"
  },
  {
    "review": "세상은 아름답지 않아. 흑백만큼 우울해. 시간이 정지되고 크지 않는 게 좋아. 단절된 피아노 음들이 눈물이 날 때까지 꾹꾹 눌러. 제발 싸우지 말란 말야...",
    "date": "13.03.09",
    "rating": "10",
    "author": "prad****",
    "review_id": "7333030",
    "movie_id": "10014"
  },
  {
    "review": "전쟁과 죽음을 통해 자신들만의 방식으로 이별을 채득하고 배워가는 아이들.. 우리가 순수라고 말하는 아이들의 천진함의 섬짓한 이면을 보여주는 것 같기도 하고... 암튼 기억에 남을 영화다. 헌데 왜 난 자꾸 천공의 성 라퓨타가 떠오르는걸까..?",
    "date": "13.02.03",
    "rating": "10",
    "author": "heod****",
    "review_id": "7219571",
    "movie_id": "10014"
  },
  {
    "review": "예쁘고 슬픈.. 꼭 보시기 바래요.",
    "date": "12.12.11",
    "rating": "10",
    "author": "dkdl****",
    "review_id": "6992404",
    "movie_id": "10014"
  },
  {
    "review": "이 영화 다시 한번 안해주나?",
    "date": "11.08.30",
    "rating": "10",
    "author": "mirk****",
    "review_id": "5698282",
    "movie_id": "10014"
  },
  {
    "review": "이건 꼭 추천 관람이다. 흑백영화시절 기억나는 영화의 진리.",
    "date": "11.05.25",
    "rating": "9",
    "author": "pant****",
    "review_id": "5447767",
    "movie_id": "10014"
  },
  {
    "review": "전쟁 속 아이들의 순수함과 이웃간의 불화. 어디든 사람 사는 곳은 다 비슷하구나.",
    "date": "11.04.01",
    "rating": "8",
    "author": "deka****",
    "review_id": "5346206",
    "movie_id": "10014"
  },
  {
    "review": "마지막에 미셀을부르며 인파속으로 사라지는폴레트, 그장면에서 전쟁의참혹함을느꼈다",
    "date": "11.02.19",
    "rating": "10",
    "author": "leec****",
    "review_id": "5256007",
    "movie_id": "10014"
  },
  {
    "review": "초반부분눈물살짝어린아이들의순수한마음좋았다근데내용이십자가훔치고뽑고허접하다",
    "date": "11.02.06",
    "rating": "6",
    "author": "zzzo****",
    "review_id": "5221225",
    "movie_id": "10014"
  },
  {
    "review": "가슴 한켠에 저린 아픔을 묻은 그대에게 내일은 빛이 있어라",
    "date": "11.01.08",
    "rating": "10",
    "author": "kos4****",
    "review_id": "5139351",
    "movie_id": "10014"
  },
  {
    "review": "아이들의 순수함은 전쟁으로도 해칠 수 없다. 엔딩씬은 왤케 적적한거지?",
    "date": "10.12.29",
    "rating": "10",
    "author": "fram****",
    "review_id": "5098587",
    "movie_id": "10014"
  },
  {
    "review": "로망스의 원조를 마음껏 감상할수있는 기회",
    "date": "10.12.23",
    "rating": "5",
    "author": "bbq2****",
    "review_id": "5075495",
    "movie_id": "10014"
  },
  {
    "review": "전쟁의 아픔을 시적언어로 승화시킨 명작! 반세기가 지나도 고스란히 전달되는 감동!",
    "date": "10.10.19",
    "rating": "10",
    "author": "eckf****",
    "review_id": "4911538",
    "movie_id": "10014"
  },
  {
    "review": "지금 비디오 가게로 달려가서 이것을 빌리고 아무도없는 방에서 보아라",
    "date": "10.09.28",
    "rating": "10",
    "author": "tjdw****",
    "review_id": "4873682",
    "movie_id": "10014"
  },
  {
    "review": "진짜좋은영화=U=조르주푸줄리라는 사람이영화에서 귀엽게 나오든데..",
    "date": "10.09.20",
    "rating": "10",
    "author": "0515****",
    "review_id": "4850644",
    "movie_id": "10014"
  },
  {
    "review": "아가들이 불어하면 꼭 옹알이 같다 아무튼... 쉽게 여운이 떨쳐지지 않는 영화네요.",
    "date": "10.08.21",
    "rating": "10",
    "author": "hotd****",
    "review_id": "4772814",
    "movie_id": "10014"
  },
  {
    "review": "아 이영화를 이제 어디서얻는단말인가!!",
    "date": "10.08.19",
    "rating": "10",
    "author": "ipra****",
    "review_id": "4764916",
    "movie_id": "10014"
  },
  {
    "review": "OST 좋지만 너무 남발한다.. 집중도를 떨어뜨릴 정도.",
    "date": "10.07.24",
    "rating": "5",
    "author": "dlwl****",
    "review_id": "4665303",
    "movie_id": "10014"
  },
  {
    "review": "자신만의 세계를 만드는 단순한 장난인데.. 단지 기독교의 조금만 따라했을 뿐인데",
    "date": "10.06.19",
    "rating": "6",
    "author": "hjj5****",
    "review_id": "4575984",
    "movie_id": "10014"
  },
  {
    "review": "'미셸 미셸' 단지 이름을 부르는 것만으로 가장 많은 이의 심금을 울린 영화,",
    "date": "10.04.11",
    "rating": "10",
    "author": "lead****",
    "review_id": "4425366",
    "movie_id": "10014"
  },
  {
    "review": "로망스 음률과 아이의 목소리가 애절하게 맴돈다.",
    "date": "10.02.07",
    "rating": "7",
    "author": "kuic****",
    "review_id": "4254909",
    "movie_id": "10014"
  },
  {
    "review": "전쟁에 관한 최고의 영화",
    "date": "09.10.27",
    "rating": "10",
    "author": "airl****",
    "review_id": "3919539",
    "movie_id": "10014"
  },
  {
    "review": "귀여운 두아이의 사랑이야기. 환장하다 마지막에 숙연해지는 무엇이 있다. 아 슬퍼라.",
    "date": "09.08.01",
    "rating": "9",
    "author": "5292****",
    "review_id": "3691429",
    "movie_id": "10014"
  },
  {
    "review": "어린시절 [미쉘]을 한없이 외치던 모습이 그리 슬프던지.....",
    "date": "09.02.26",
    "rating": "10",
    "author": "dang****",
    "review_id": "3335310",
    "movie_id": "10014"
  },
  {
    "review": "전쟁의 비극을 아이들의 순수로....",
    "date": "09.02.23",
    "rating": "8",
    "author": "bohe****",
    "review_id": "3327805",
    "movie_id": "10014"
  },
  {
    "review": "뭉클..",
    "date": "09.02.04",
    "rating": "10",
    "author": "drea****",
    "review_id": "3276631",
    "movie_id": "10014"
  },
  {
    "review": "전쟁 속에서도 피어나는 순수한 사랑..",
    "date": "09.01.05",
    "rating": "10",
    "author": "jmp0****",
    "review_id": "3191459",
    "movie_id": "10014"
  },
  {
    "review": "소박한 반전영화, 프랑스나 우리 6,25나 전쟁나면 똑같구나",
    "date": "08.12.19",
    "rating": "8",
    "author": "bepl****",
    "review_id": "3129511",
    "movie_id": "10014"
  },
  {
    "review": "생각보단 뒤끝있네요",
    "date": "08.12.02",
    "rating": "7",
    "author": "drd1****",
    "review_id": "3085218",
    "movie_id": "10014"
  },
  {
    "review": "재밋다,",
    "date": "08.11.13",
    "rating": "10",
    "author": "smo2****",
    "review_id": "3048942",
    "movie_id": "10014"
  },
  {
    "review": "결국은 주제가 \"어른들은 못됬다\"인것 같습니다많은 여운을 남기는 영화였습니다",
    "date": "08.10.29",
    "rating": "10",
    "author": "azum****",
    "review_id": "3026044",
    "movie_id": "10014"
  },
  {
    "review": "마지막 장면이 영화를 살린다.. 두 아이의 순수한 사랑.. 여운을 남기는 프랑스영화..",
    "date": "08.10.24",
    "rating": "10",
    "author": "pola****",
    "review_id": "3015968",
    "movie_id": "10014"
  },
  {
    "review": "미쉘.....미쉘...........................눈물겨운 로망스 기타선율",
    "date": "08.10.11",
    "rating": "10",
    "author": "pmr0****",
    "review_id": "2994911",
    "movie_id": "10014"
  },
  {
    "review": "전쟁을 일으킨 세대, 결국 치유하려는 아이들에게 배신과 이름표를..",
    "date": "08.10.08",
    "rating": "8",
    "author": "wrap****",
    "review_id": "2988917",
    "movie_id": "10014"
  },
  {
    "review": "마지막 장면에서 아이의 간절한 외침이 마음을 적신다.",
    "date": "08.07.19",
    "rating": "8",
    "author": "kusa****",
    "review_id": "2780256",
    "movie_id": "10014"
  },
  {
    "review": "전쟁이란 이런 것, 사랑이란 이런 것... 인생이란 이런 것...",
    "date": "08.06.08",
    "rating": "10",
    "author": "ilhy****",
    "review_id": "2687064",
    "movie_id": "10014"
  },
  {
    "review": "잘 만든 영화...웰메이드란 말 쓰지 마라..",
    "date": "08.04.17",
    "rating": "10",
    "author": "band****",
    "review_id": "2585437",
    "movie_id": "10014"
  },
  {
    "review": "노래도좋고내용도잔잔해서좋았던영화",
    "date": "08.04.08",
    "rating": "10",
    "author": "gell****",
    "review_id": "2567068",
    "movie_id": "10014"
  },
  {
    "review": "어렸을 때 정말 감동적으로 본 영화에요. ost가 진짜 영화와 잘 어울리는듯",
    "date": "08.03.20",
    "rating": "10",
    "author": "tltl****",
    "review_id": "2531484",
    "movie_id": "10014"
  },
  {
    "review": "미쉘 미쉘... 잊을수없는 긴 여운..",
    "date": "08.02.26",
    "rating": "10",
    "author": "isoo****",
    "review_id": "2484780",
    "movie_id": "10014"
  },
  {
    "review": "제목만으로도 가슴이 아려오는 웰메이드 영화",
    "date": "08.01.28",
    "rating": "8",
    "author": "acin****",
    "review_id": "2381533",
    "movie_id": "10014"
  },
  {
    "review": "무지 어렸을적에 봤었던.. OST인 '로망스'가 아직도 기억난다.",
    "date": "07.10.28",
    "rating": "9",
    "author": "yeei****",
    "review_id": "2118493",
    "movie_id": "10014"
  },
  {
    "review": "내가 제일 좋아하는 영화... 기타 소리가 귓가에 맴돈다",
    "date": "07.09.27",
    "rating": "10",
    "author": "cals****",
    "review_id": "2056236",
    "movie_id": "10014"
  },
  {
    "review": "어렸을때 EBS에 전화해서 틀어달라고 했더니 틀어줬었는데",
    "date": "07.09.22",
    "rating": "10",
    "author": "velo****",
    "review_id": "2036296",
    "movie_id": "10014"
  },
  {
    "review": "브리지트 포시(소녀 폴레트) -라붐에서 소피 마르소 엄마 역으로 나옴",
    "date": "07.09.12",
    "rating": "10",
    "author": "takk****",
    "review_id": "2016792",
    "movie_id": "10014"
  },
  {
    "review": "어릴때봤던 정말 감명깊은 영화",
    "date": "07.08.04",
    "rating": "10",
    "author": "kaer****",
    "review_id": "1876479",
    "movie_id": "10014"
  },
  {
    "review": "추악한 전쟁속에서 피어난 순수한 소년소녀의 이야기",
    "date": "07.05.20",
    "rating": "8",
    "author": "okjo****",
    "review_id": "1647496",
    "movie_id": "10014"
  },
  {
    "review": "천진한 것들이 남기는 애잔한 긴 여운.",
    "date": "07.03.06",
    "rating": "8",
    "author": "hadl****",
    "review_id": "1521655",
    "movie_id": "10014"
  },
  {
    "review": "어릴 때 봤던 최고의 명작.",
    "date": "07.02.02",
    "rating": "10",
    "author": "skss****",
    "review_id": "1437080",
    "movie_id": "10014"
  },
  {
    "review": "전쟁의 아픔을 그린 명작중에 명작...",
    "date": "07.01.23",
    "rating": "10",
    "author": "htjd****",
    "review_id": "1407531",
    "movie_id": "10014"
  },
  {
    "review": "애기때 부터 브리즈트 포시의 연기는 인정",
    "date": "07.01.13",
    "rating": "7",
    "author": "krpa****",
    "review_id": "1381691",
    "movie_id": "10014"
  },
  {
    "review": "명화의 고전..프랑스 영화다운 결말도 좋고..",
    "date": "06.12.15",
    "rating": "10",
    "author": "nala****",
    "review_id": "1293475",
    "movie_id": "10014"
  },
  {
    "review": "가슴이 너무 아파요...ㅜㅜ",
    "date": "06.12.12",
    "rating": "10",
    "author": "dkrk****",
    "review_id": "1286705",
    "movie_id": "10014"
  },
  {
    "review": "철없는 아이들의 금지된 장난 아쉽고도 슬픈 이별.",
    "date": "06.12.12",
    "rating": "10",
    "author": "hjok****",
    "review_id": "1286451",
    "movie_id": "10014"
  },
  {
    "review": "마음의 준비가 된상태에서 보길~",
    "date": "06.11.22",
    "rating": "10",
    "author": "toot****",
    "review_id": "1245656",
    "movie_id": "10014"
  },
  {
    "review": "천진함은 얼마나 무서운가?",
    "date": "06.11.21",
    "rating": "9",
    "author": "jait****",
    "review_id": "1243924",
    "movie_id": "10014"
  },
  {
    "review": "흐흐흐흐스흐흐그흐흫그ㅡㄱ흐흐흫 하나도 안슬퍼",
    "date": "06.11.13",
    "rating": "1",
    "author": "dhus****",
    "review_id": "1231465",
    "movie_id": "10014"
  },
  {
    "review": "여자는 자기 부모의 목숨보다 자기 개의 목숨을 더 소중히여긴?",
    "date": "06.09.30",
    "rating": "3",
    "author": "mors****",
    "review_id": "1150827",
    "movie_id": "10014"
  },
  {
    "review": "봐야하는 영화",
    "date": "06.09.27",
    "rating": "10",
    "author": "neo3****",
    "review_id": "1145095",
    "movie_id": "10014"
  },
  {
    "review": "이 모든 아이러니는 뛰쳐나간 OOO로부터 비롯되었다.ㅜ",
    "date": "06.09.08",
    "rating": "9",
    "author": "saki****",
    "review_id": "1111864",
    "movie_id": "10014"
  },
  {
    "review": "미셀 미셀 하고 부르던 뽈레뜨의 목소리가 잊혀지지 않는다.",
    "date": "06.09.01",
    "rating": "10",
    "author": "modu****",
    "review_id": "1094542",
    "movie_id": "10014"
  },
  {
    "review": "best of the best 음악까지 완벽..",
    "date": "06.07.16",
    "rating": "10",
    "author": "poka****",
    "review_id": "895977",
    "movie_id": "10014"
  },
  {
    "review": "가을동화 분명히 여기서 모티브 따왔다",
    "date": "06.04.12",
    "rating": "10",
    "author": "rmaf****",
    "review_id": "758245",
    "movie_id": "10014"
  },
  {
    "review": "마지막장면 넘 슬프다.",
    "date": "06.01.15",
    "rating": "10",
    "author": "u3dk****",
    "review_id": "589227",
    "movie_id": "10014"
  },
  {
    "review": "영화란 긴여운이 남는것 감독은 일찍부터 알고있었나보다.",
    "date": "06.01.10",
    "rating": "10",
    "author": "righ****",
    "review_id": "576383",
    "movie_id": "10014"
  },
  {
    "review": "국민학생때 본이후 4번이상 본 영화입니다.완벽한영화입니다",
    "date": "05.12.16",
    "rating": "10",
    "author": "hmcs****",
    "review_id": "507877",
    "movie_id": "10014"
  },
  {
    "review": "금지된 장난은 누가 한 건가? 그 서글픈 상황을 만든 전쟁이..",
    "date": "05.12.13",
    "rating": "10",
    "author": "jals****",
    "review_id": "503281",
    "movie_id": "10014"
  },
  {
    "review": "아이의 순수가 사회의 공포가 되는 시점을 아이의 눈으로",
    "date": "05.10.13",
    "rating": "7",
    "author": "ghvl****",
    "review_id": "441779",
    "movie_id": "10014"
  },
  {
    "review": "처음 보시는 분은 더빙판으로 보세요",
    "date": "05.09.22",
    "rating": "10",
    "author": "kyki****",
    "review_id": "416683",
    "movie_id": "10014"
  },
  {
    "review": "현실 속 실제 감성을 자극하는 영화들이 지금은 없다",
    "date": "05.08.14",
    "rating": "9",
    "author": "jens****",
    "review_id": "365811",
    "movie_id": "10014"
  },
  {
    "review": "아이들의 장난이 어른들의 전쟁보다 낫다,",
    "date": "05.08.06",
    "rating": "10",
    "author": "se11****",
    "review_id": "353991",
    "movie_id": "10014"
  },
  {
    "review": "아무리 나쁜짓이 였어도 아이들을 비난할수는 없을것이다",
    "date": "05.06.29",
    "rating": "8",
    "author": "tjsd****",
    "review_id": "308786",
    "movie_id": "10014"
  },
  {
    "review": "예전 영화가 정말 최고의영화가 많다..",
    "date": "05.06.23",
    "rating": "10",
    "author": "jene****",
    "review_id": "305008",
    "movie_id": "10014"
  },
  {
    "review": "아이들의 순수한 눈동자에 어린 슬픔이 가슴아프다.",
    "date": "05.01.02",
    "rating": "10",
    "author": "suno****",
    "review_id": "175075",
    "movie_id": "10014"
  },
  {
    "review": "전쟁의 아픔이 느껴지는 영화",
    "date": "04.12.17",
    "rating": "8",
    "author": "chki****",
    "review_id": "163957",
    "movie_id": "10014"
  },
  {
    "review": "신비한 영화. 미움과 사랑, 무지, 가난, 파괴가 함께하는 영화.",
    "date": "04.11.26",
    "rating": "9",
    "author": "muld****",
    "review_id": "152285",
    "movie_id": "10014"
  },
  {
    "review": "dd",
    "date": "04.11.15",
    "rating": "10",
    "author": "heeg****",
    "review_id": "146415",
    "movie_id": "10014"
  },
  {
    "review": "나도 어린 나이에 본 영화라, 더욱 감명 깊었던,",
    "date": "04.09.24",
    "rating": "10",
    "author": "sayi****",
    "review_id": "113613",
    "movie_id": "10014"
  },
  {
    "review": "휴지한통을 다썼던 영화..ㅜㅜ",
    "date": "04.09.13",
    "rating": "10",
    "author": "mino****",
    "review_id": "107744",
    "movie_id": "10014"
  },
  {
    "review": "아이들의 순수한 마음이 맘에드네요",
    "date": "04.08.09",
    "rating": "10",
    "author": "gbeo****",
    "review_id": "87007",
    "movie_id": "10014"
  },
  {
    "review": "사랑을 뛰어넘는 아이들의 순수한 마음.",
    "date": "04.03.08",
    "rating": "10",
    "author": "hv_m****",
    "review_id": "27744",
    "movie_id": "10014"
  },
  {
    "review": "소년은 소녀를 사랑했으나 소녀는 소년을 사랑했을까? 차라리 떠난 것이..",
    "date": "04.03.07",
    "rating": "8",
    "author": "bank****",
    "review_id": "27452",
    "movie_id": "10014"
  },
  {
    "review": "미셸~~미셸~~",
    "date": "04.03.01",
    "rating": "9",
    "author": "lime****",
    "review_id": "25737",
    "movie_id": "10014"
  },
  {
    "review": "미셀을 부르던 뽈레뜨의 목소리가 긴 여운을 남긴다.",
    "date": "04.01.24",
    "rating": "9",
    "author": "ktk7****",
    "review_id": "12831",
    "movie_id": "10014"
  }
]