[
  {
    "review_id": "9171238",
    "movie_id": "100104",
    "author": "mylo****",
    "review": "쉐는 남자에 대한 복수 이유가 있는데 도대체 루는 무슨 사연인건지. 단순히 쉐의  복수를 위해 필요한 캐락터였던건지  그거 빼고는  잘 봤어요.",
    "rating": "6",
    "date": "14.09.05"
  },
  {
    "review_id": "9116991",
    "movie_id": "100104",
    "author": "lemo****",
    "review": "그렇게 재미난 영화는 아니지만 난 괜찮았음. 두 여배우의 미모가 훌륭함! \"girls against boys\" 제목에서처럼 소녀가 소년들에게... 타인의 인격을 무시한체 육봉을 흔들면 잣 될수도 있다는 영화... 공감은 안되지만 어쨋든..",
    "rating": "6",
    "date": "14.08.21"
  },
  {
    "review_id": "9073311",
    "movie_id": "100104",
    "author": "pria****",
    "review": "왜 만들었을까? 궁금하다.",
    "rating": "1",
    "date": "14.08.12"
  },
  {
    "review_id": "9006627",
    "movie_id": "100104",
    "author": "kand****",
    "review": "있어보이고는 싶은데 재능은 없고 눈길은 끌고 싶은데 화제성도 없고 복수극도 해보고 싶은데 명분도 어처구니 없고 그냥 길거리에 개념없는 개주인이 치우지 않고간 개똥보다 의미가 없는 영화인 듯 대체 왜 만든거야?",
    "rating": "1",
    "date": "14.08.02"
  },
  {
    "review_id": "8952414",
    "movie_id": "100104",
    "author": "jung****",
    "review": "볼만하던데 평점 왜이러지 ㅋㅋㅋ",
    "rating": "10",
    "date": "14.07.24"
  },
  {
    "review_id": "8951548",
    "movie_id": "100104",
    "author": "eles****",
    "review": "최악의 영화., 그럴듯한 명분하나 만들어 놓고 '모든 남자'들을 죽이는 과정을 즐기는 어처구니 없는 영화",
    "rating": "1",
    "date": "14.07.24"
  },
  {
    "review_id": "8905943",
    "movie_id": "100104",
    "author": "korn****",
    "review": "꽤나 순수한 파멸 또는 악의 성장 드라마. 어떤 살인도 정당성을 부여받지 못하지만 그럼에도 세상에 살인이 자행되는 까닭은 역설적으로 특별한 이유없이 그리고 가능한 힘이 있기 때문.",
    "rating": "6",
    "date": "14.07.11"
  },
  {
    "review_id": "8895237",
    "movie_id": "100104",
    "author": "gogy****",
    "review": "감독아 반성해라....",
    "rating": "1",
    "date": "14.07.08"
  },
  {
    "review_id": "8870607",
    "movie_id": "100104",
    "author": "love****",
    "review": "으....카타르시스가 있는 것도 아니고...잔인하려면 화끈하게 잔인하던가...완전 구림..",
    "rating": "1",
    "date": "14.06.30"
  },
  {
    "review_id": "8870253",
    "movie_id": "100104",
    "author": "cksd****",
    "review": "정말 개똥 같은 영화네요. 사람 죽이는게 아주 입 심심할때 씹는 껌보다도 못한 듯. 살인 행위는 정당화 될 수 없어요. 설령 그게 복수라고 해도... 이건 복수가 아니라 하나의 광기인데요? 그리고 대체 영화에서 하고자 하는 말이 뭔지?",
    "rating": "1",
    "date": "14.06.30"
  },
  {
    "review_id": "8869548",
    "movie_id": "100104",
    "author": "inte****",
    "review": "뭘말하려는건지명확하지가 않다. 복수?동성애? 여러가지를 짜집기한 엉성함",
    "rating": "5",
    "date": "14.06.29"
  },
  {
    "review_id": "8867365",
    "movie_id": "100104",
    "author": "chow****",
    "review": "남자의 배신과 욕망에 슬퍼하던 그녀 곁엔 그녀를 사랑하는 여자가 있다. 이 둘은 남자에 대한 응징과 복수... 하지만 그녀는 다시 순수한 사랑을 다시 시작해 볼려는데...",
    "rating": "8",
    "date": "14.06.29"
  },
  {
    "review_id": "8867174",
    "movie_id": "100104",
    "author": "s2le****",
    "review": "진짜 재밌음.. 아름다움과 잔인함이 공존하는 ..그러면서도 절제된 긴장감..굉장한 영화..",
    "rating": "10",
    "date": "14.06.29"
  },
  {
    "review_id": "8865418",
    "movie_id": "100104",
    "author": "qdfj****",
    "review": "스토리 개연성 이런거 다제쳐두고 공포.고어.슬래셔무비 장르 좋아하는 사람들이 보기에도 다소지루함.",
    "rating": "3",
    "date": "14.06.28"
  },
  {
    "review_id": "8865356",
    "movie_id": "100104",
    "author": "tixk****",
    "review": "잼있네요 ~ ㅎㅎ 강추 ㅋㅋㅋ 굿 굿 ~",
    "rating": "10",
    "date": "14.06.28"
  },
  {
    "review_id": "8864000",
    "movie_id": "100104",
    "author": "morb****",
    "review": "강간에 대한 보복살인도 정당화 될 수는  없는거지만 이 영화의 문제는 그 다음부터 그다지 관련도 없는 사람들까지 재미로 마구 죽인다는데 있다. 어디서 많이 본듯한 흔한 B급 싸이코패스 살인극",
    "rating": "1",
    "date": "14.06.28"
  },
  {
    "review_id": "8863636",
    "movie_id": "100104",
    "author": "comn****",
    "review": "감독이 어떤 의도로 영화를 만들었는지 모르겠네요.. 저의 입장에서는 이해하기 어려운 영화였던것 같습니다. 요새 화두가 되고있는 동성애에 대해 다룬것 같기도하고.. 여러가지로 깊은 의미를 가지고 있는 영화이긴 한 것 같습니다.",
    "rating": "6",
    "date": "14.06.28"
  },
  {
    "review_id": "8862274",
    "movie_id": "100104",
    "author": "gyfl****",
    "review": "꿀잼! 허니잼! 예쓰잼! 이렇게 잘 짜여진 스릴러 영화는 정말 오랜만이다. 사실상 영화 세븐의 뒤를 잇는 스릴러라고 감히 말하겠다. 제목을 왜 저따위로 번역했는지 정말 이해가 안간다... 아무튼 올해 본 스릴러중 단연 최고!",
    "rating": "10",
    "date": "14.06.27"
  },
  {
    "review_id": "8862245",
    "movie_id": "100104",
    "author": "hyun****",
    "review": "재밌는데 잘만들었음 ㅎㅎ",
    "rating": "10",
    "date": "14.06.27"
  }
]