[
  {
    "review_id": "10124906",
    "movie_id": "100147",
    "author": "terr****",
    "review": "종합 평점은 6점 드립니다.",
    "rating": "6",
    "date": "15.07.21"
  },
  {
    "review_id": "10057453",
    "movie_id": "100147",
    "author": "oxon****",
    "review": "킬링 타임용으로도 부족한 쓰레기 영화. 스나이퍼한테 여자가 맞을 때는 연기며 앵글이며 연출이며 너무 웃겨서 퐈하고 터졌다. 보는 내내 짜증이 나서 견디기 힘들었던 졸작중의 졸작. 갈비지 오브 갈비지. 절대로 보지마라.",
    "rating": "1",
    "date": "15.07.01"
  },
  {
    "review_id": "10056697",
    "movie_id": "100147",
    "author": "heim****",
    "review": "범인과 결말과 좀 아마추어스러운 연기를 빼곤 시나리오, 캐릭터구성은 수준급인듯. 저 예산으로 이렇게 공포스럽게 만들 수 있다니....",
    "rating": "9",
    "date": "15.06.30"
  },
  {
    "review_id": "9926134",
    "movie_id": "100147",
    "author": "tjwj****",
    "review": "결말이 너무 허무하다....",
    "rating": "4",
    "date": "15.05.17"
  },
  {
    "review_id": "9921010",
    "movie_id": "100147",
    "author": "hono****",
    "review": "많이 어색함에도 불구하고 몰입도는 수준급이고, 무엇보다 재밌다.",
    "rating": "8",
    "date": "15.05.16"
  },
  {
    "review_id": "9920989",
    "movie_id": "100147",
    "author": "twel****",
    "review": "통쾌하네. 더 길었으면...실제로 이랬으면 좋겠다. 악은 악으로!",
    "rating": "9",
    "date": "15.05.16"
  },
  {
    "review_id": "9918253",
    "movie_id": "100147",
    "author": "mool****",
    "review": "의문의 저격수의 타깃..",
    "rating": "2",
    "date": "15.05.15"
  },
  {
    "review_id": "9843625",
    "movie_id": "100147",
    "author": "jsp9****",
    "review": "전 평론가도 아니고, 그렇다고 영화를 많이본 사람역시 아닙니다. 하지만 결말이 다소 불만족스럽긴하지만 영화자체는 재밌었다고 생각합니다. 다른 영화에서는 해결책을 제시했을때 '진작에 그렇게 했어야지'라는 생각이드는 반면에 이영화는 그런생각이 안들더군요.",
    "rating": "7",
    "date": "15.04.13"
  },
  {
    "review_id": "9637906",
    "movie_id": "100147",
    "author": "qwe1****",
    "review": "진짜 볼만한뎅?? 평점보고 안볼라했더니만",
    "rating": "10",
    "date": "15.01.26"
  },
  {
    "review_id": "9612407",
    "movie_id": "100147",
    "author": "anti****",
    "review": "무관심 속에서 죽어간 소년처럼, 주변의 도움을 구할 수 없는 폐쇄된 빌딩에서 한사람씩 죽어가는... 그런 스토리. B급 스릴러 특유의 그 심심한듯 하면서도 흥미로운 스토리라인이 끝까지 잘 유지된다. 이런류의 B급 스릴러도 나름의 매력이 있다.",
    "rating": "6",
    "date": "15.01.19"
  },
  {
    "review_id": "9441444",
    "movie_id": "100147",
    "author": "love****",
    "review": "나쁘지않음 볼만함범인시키 돌아이",
    "rating": "7",
    "date": "14.12.02"
  },
  {
    "review_id": "9432707",
    "movie_id": "100147",
    "author": "evan****",
    "review": "첫부분만 좋고 갈수록 약하다. 특히 결말이",
    "rating": "6",
    "date": "14.11.29"
  },
  {
    "review_id": "9397299",
    "movie_id": "100147",
    "author": "ingn****",
    "review": "이건 무슨 영드 수준... 스나이퍼가 아파트 주민들을 죽이는...그 개연성의 근거가 너무 부족하다.",
    "rating": "6",
    "date": "14.11.18"
  },
  {
    "review_id": "9340364",
    "movie_id": "100147",
    "author": "oty0****",
    "review": "할머니 바로 죽을줄 알고 할아버지랑뽀뽀함",
    "rating": "8",
    "date": "14.11.04"
  },
  {
    "review_id": "9333580",
    "movie_id": "100147",
    "author": "epst****",
    "review": "억지스러운 전개. 스토리. 아이디어에 5점줌.",
    "rating": "5",
    "date": "14.11.01"
  },
  {
    "review_id": "9293583",
    "movie_id": "100147",
    "author": "adiv****",
    "review": "흥미롭게 진행되지만 왠지 모를 긴장감이 좀 결여되어서 아쉬운 이건 감독이 좀더 세밀하게 묘사했으면..",
    "rating": "6",
    "date": "14.10.15"
  },
  {
    "review_id": "9267605",
    "movie_id": "100147",
    "author": "hoon****",
    "review": "유럽영화 특유의 암울한 분위기가 그대로 전해지는 영상을 가진 영화다. 그렇지 않아도 어두운 분위기의 영화에영상미까지 꽝이니 보는내내 상당히 우울하긴 하였으나 나름 긴장감은 있다. 시나리오가 성의가 없을 정도로 간단하고뻔한 스토리였지만, 한사람씩",
    "rating": "6",
    "date": "14.10.05"
  },
  {
    "review_id": "9264101",
    "movie_id": "100147",
    "author": "rueo****",
    "review": "주인공들 연기 대박!반전 기막힘",
    "rating": "10",
    "date": "14.10.04"
  },
  {
    "review_id": "9243530",
    "movie_id": "100147",
    "author": "jkdh****",
    "review": "아주 간만에 재미있는 영화~",
    "rating": "10",
    "date": "14.09.27"
  },
  {
    "review_id": "9235740",
    "movie_id": "100147",
    "author": "vm4e****",
    "review": "기대감 없이 그냥 봤는데 나름 긴장감도 있고 좋은데요?ㅎ",
    "rating": "8",
    "date": "14.09.23"
  },
  {
    "review_id": "9233843",
    "movie_id": "100147",
    "author": "dbzh****",
    "review": "별로다 재미가없어...",
    "rating": "2",
    "date": "14.09.22"
  },
  {
    "review_id": "9233678",
    "movie_id": "100147",
    "author": "mykb****",
    "review": "6점이 적당하다고 보지만 왠지 후하게 주고 싶은 영화",
    "rating": "10",
    "date": "14.09.22"
  },
  {
    "review_id": "9218952",
    "movie_id": "100147",
    "author": "alwa****",
    "review": "큰 기대 안하고 봤는데 의외로 괜찮네요.",
    "rating": "8",
    "date": "14.09.16"
  },
  {
    "review_id": "9212812",
    "movie_id": "100147",
    "author": "ymh7****",
    "review": "볼만하던데요 ㅋㅋ  좀 짧게 끝나서 아쉽",
    "rating": "10",
    "date": "14.09.14"
  },
  {
    "review_id": "9202732",
    "movie_id": "100147",
    "author": "moon****",
    "review": "다소 황당하지만, 킬링 타임용.",
    "rating": "5",
    "date": "14.09.11"
  },
  {
    "review_id": "9191143",
    "movie_id": "100147",
    "author": "rada****",
    "review": "대체 어디서개봉한거니 너는???",
    "rating": "1",
    "date": "14.09.09"
  },
  {
    "review_id": "9147528",
    "movie_id": "100147",
    "author": "car8****",
    "review": "대체 어디서개봉한거니 너는???",
    "rating": "10",
    "date": "14.08.30"
  },
  {
    "review_id": "9146867",
    "movie_id": "100147",
    "author": "fhrf****",
    "review": "1빠 여서 1점줌 ㅎㅎ 물론 영화는 안봄 ㅎㅎ",
    "rating": "1",
    "date": "14.08.30"
  }
]