[
  {
    "review_id": "10167957",
    "movie_id": "100110",
    "author": "spdl****",
    "review": "소재가 흥미로운 영화 볼만한 영화다한번쯤 보시길",
    "rating": "10",
    "date": "15.07.31"
  },
  {
    "review_id": "9885628",
    "movie_id": "100110",
    "author": "pmam****",
    "review": "평점이 현실을, 디에고의 미래를 대변해 주고 있군. 하지만 낮은 평점을 준자들도 돌아온 화살에 언젠간 맞아 피를 토하며 고통스럽게 죽을 것을... 그땐 후회해도 이미 늦었단 것을.. 아무 행동 하지 않은 나 또한 어리석은 그들보다 더 어리석게.. 고통",
    "rating": "7",
    "date": "15.05.02"
  },
  {
    "review_id": "9542731",
    "movie_id": "100110",
    "author": "oojj****",
    "review": "뭔가 대단한 것일 수 있겠다 싶었는데.. 그냥 지루한 영화.",
    "rating": "5",
    "date": "14.12.31"
  },
  {
    "review_id": "9529679",
    "movie_id": "100110",
    "author": "uyuu****",
    "review": "이게 평점이 왜이렇게 낮은거지??",
    "rating": "10",
    "date": "14.12.28"
  },
  {
    "review_id": "9464216",
    "movie_id": "100110",
    "author": "gall****",
    "review": "진부하고 엉성한데 지루하기까지..  디에고만 불쌍하게 됐군.",
    "rating": "2",
    "date": "14.12.10"
  },
  {
    "review_id": "9076164",
    "movie_id": "100110",
    "author": "kaga****",
    "review": "소재가 괜찮아서 봤는데 너무 긴장도 없고 이야기를 흥미롭게 끌고가지 못했다.",
    "rating": "5",
    "date": "14.08.13"
  },
  {
    "review_id": "8862389",
    "movie_id": "100110",
    "author": "quee****",
    "review": "내용 외적으로는 일단 스페인이란 나라의 실제 모습을 간접 체험할 수 있어 좋았고, 내적으로는 평화유지활동을 하고 있는 각국의 PKF의 성과주의 혹은 현실주의와 한 인간으로서의 군의관이 느끼는 양심의 가책 간의 갈등이 우리로 하여금 반성케 해주어 좋았음",
    "rating": "10",
    "date": "14.06.27"
  },
  {
    "review_id": "8833949",
    "movie_id": "100110",
    "author": "a992****",
    "review": "지루지루해.... 정말 재미없음..",
    "rating": "4",
    "date": "14.06.15"
  },
  {
    "review_id": "8832130",
    "movie_id": "100110",
    "author": "guev****",
    "review": "소재는 흥미롭지만 이야기는 진부하군",
    "rating": "5",
    "date": "14.06.15"
  },
  {
    "review_id": "8830175",
    "movie_id": "100110",
    "author": "yama****",
    "review": "영화는 별루~~교훈은 있네..모난 돌이 정 맞는다 !",
    "rating": "5",
    "date": "14.06.14"
  },
  {
    "review_id": "8825474",
    "movie_id": "100110",
    "author": "jung****",
    "review": "미친듯이 들었다 놨다를 반복한다. 개재밌어!!",
    "rating": "9",
    "date": "14.06.13"
  }
]