[
  {
    "review": "아역배우들의 명품연기가 대단했다 나의 롤모델 스티븐스필버그는 환상적인 감독이다.",
    "date": "15.08.23",
    "rating": "10",
    "author": "kevi****",
    "review_id": "10267973",
    "movie_id": "10018"
  },
  {
    "review": "30년도 더 된 영화를 지금 잣대로 평가하는 사람들은 뭔지.. 가슴이 뭉클해지는 영화.. 정말 스필버그감독은 어마어마한분임엔 틀림없다",
    "date": "15.07.29",
    "rating": "10",
    "author": "geun****",
    "review_id": "10156862",
    "movie_id": "10018"
  },
  {
    "review": "방금TV에서 하길래 봤는데.. 와 정말 벅차다ㅠㅠㅠ",
    "date": "15.07.29",
    "rating": "10",
    "author": "anfq****",
    "review_id": "10156860",
    "movie_id": "10018"
  },
  {
    "review": "스티븐 스필버그가 왜 천재인지 보여주는 영화!",
    "date": "15.07.29",
    "rating": "10",
    "author": "rock****",
    "review_id": "10156683",
    "movie_id": "10018"
  },
  {
    "review": "10살 무렵  이 영화를 볼수 있었다는것에  그리고 마흔이 넘어버린 지금 이 영화를  다시 볼수 있다는것에 감사한다. 이런 멋진 작품을 만끽하라고  내가 지금 존재하는것이 아닌가 라는 생각을 해본다",
    "date": "15.07.29",
    "rating": "10",
    "author": "bint****",
    "review_id": "10156087",
    "movie_id": "10018"
  },
  {
    "review": "이 영화의 감동을 능가하는 영화가 나온다면 인정한다.",
    "date": "15.07.28",
    "rating": "10",
    "author": "mcl7****",
    "review_id": "10155103",
    "movie_id": "10018"
  },
  {
    "review": "OO 요즘 스필버그는 sf감을잃었음 ?전쟁휴머니만찍고 ?",
    "date": "15.07.28",
    "rating": "9",
    "author": "ehtl****",
    "review_id": "10154988",
    "movie_id": "10018"
  },
  {
    "review": "명작, 그 자체. 이티의 순수함은 정말 최고다..",
    "date": "15.07.19",
    "rating": "8",
    "author": "kenn****",
    "review_id": "10120432",
    "movie_id": "10018"
  },
  {
    "review": "역대급 명장면이 한가득",
    "date": "15.07.19",
    "rating": "9",
    "author": "arkj****",
    "review_id": "10118116",
    "movie_id": "10018"
  },
  {
    "review": "기자 평론가 평점이 9점이 넘는 것과 네티즌 평점을 넘었다는 말은 꼭 보라는 소리다.",
    "date": "15.07.10",
    "rating": "10",
    "author": "us03****",
    "review_id": "10088922",
    "movie_id": "10018"
  },
  {
    "review": "아주 재밌게 잘 봤다. 왜 옛날 영화인데 하나도 어색하질 않을까. ET 가 섬세하게 잘 만들어진 덕분에 엘리엇과의 연기 합이 좋았다고 봄. 아역들도 다 연기 잘 하고 무엇보다 스필버그 감독 짱임!",
    "date": "15.06.23",
    "rating": "10",
    "author": "dkdl****",
    "review_id": "10023378",
    "movie_id": "10018"
  },
  {
    "review": "마음이 짠하면서 훈훈한 영화",
    "date": "15.06.22",
    "rating": "10",
    "author": "ulan****",
    "review_id": "10022153",
    "movie_id": "10018"
  },
  {
    "review": "마음이 편안해지는 영화 BEST!",
    "date": "15.06.21",
    "rating": "10",
    "author": "eowk****",
    "review_id": "10017087",
    "movie_id": "10018"
  },
  {
    "review": "영화에서는 찬란한 글자지만 게임에서는 불행의 글자입니다.",
    "date": "15.06.07",
    "rating": "1",
    "author": "yxal****",
    "review_id": "9983269",
    "movie_id": "10018"
  },
  {
    "review": "ㅋㅋㅋ 4번사진보고 딱 한눈에 알아봣다ㅋㅋㅋ",
    "date": "15.06.07",
    "rating": "10",
    "author": "kjad****",
    "review_id": "9981850",
    "movie_id": "10018"
  },
  {
    "review": "몇몇 장면들에 눈길이 갔지만 전체적으로 어른들의 판타지를 충족시켜주기엔 역부족한 듯 그래도 이티의 무사 귀환을 응원했다",
    "date": "15.06.05",
    "rating": "6",
    "author": "zxvt****",
    "review_id": "9976048",
    "movie_id": "10018"
  },
  {
    "review": "어릴적 꿈꾸던 동심의 세계.. 그리고 추억이 깃든 명작..이 영화와 함께 자라온 당시사람들은 알것이다. 왜 이 영화가 그토록 화제였고 아직도 회자되는지를..",
    "date": "15.05.25",
    "rating": "10",
    "author": "gshh****",
    "review_id": "9949783",
    "movie_id": "10018"
  },
  {
    "review": "정말 최고의 명작이다.",
    "date": "15.05.23",
    "rating": "10",
    "author": "dw96****",
    "review_id": "9941961",
    "movie_id": "10018"
  },
  {
    "review": "평이 너무 낮다....",
    "date": "15.04.10",
    "rating": "10",
    "author": "ljw9****",
    "review_id": "9838382",
    "movie_id": "10018"
  },
  {
    "review": "방금 EBS에서 봤는데 33년전 작품이란게 놀랍다. 온가족이 함께 즐겁게 볼수있는 영화다. 잊고 살았던 유년시절의 동심을 일깨워준 고마운 영화. 스티븐 스필버그 감독님 고맙습니다!",
    "date": "15.04.10",
    "rating": "10",
    "author": "rhap****",
    "review_id": "9837322",
    "movie_id": "10018"
  },
  {
    "review": "오랜시간이 지나도 잊혀지는 않는 영화 최고지..최고였어.소장용으로 충분히 가치있는 작품.",
    "date": "15.04.08",
    "rating": "10",
    "author": "adel****",
    "review_id": "9835009",
    "movie_id": "10018"
  },
  {
    "review": "평론가 총평 9.5 이것만으로도 이영화는 이미 설명이 됩니다.",
    "date": "15.03.05",
    "rating": "10",
    "author": "zomb****",
    "review_id": "9756824",
    "movie_id": "10018"
  },
  {
    "review": "중학교때본영화오랜만이네",
    "date": "15.02.20",
    "rating": "9",
    "author": "cap4****",
    "review_id": "9720635",
    "movie_id": "10018"
  },
  {
    "review": "스필버그 영화의 과도기",
    "date": "15.02.03",
    "rating": "9",
    "author": "binn****",
    "review_id": "9663021",
    "movie_id": "10018"
  },
  {
    "review": "오직 어릴 때의 기억만으로는 최강영화,,,  어른이 된 지금 다시본다면 어떨지 모르겠다.",
    "date": "15.01.17",
    "rating": "10",
    "author": "fghy****",
    "review_id": "9606407",
    "movie_id": "10018"
  },
  {
    "review": "완전 재미 있어요 다음에 친구들과 다시 한번 볼까해요",
    "date": "15.01.13",
    "rating": "10",
    "author": "mike****",
    "review_id": "9590811",
    "movie_id": "10018"
  },
  {
    "review": "이 영화는 앞으로도  수 많은 사람들에게 추억속에 잠기게 하고 계속해서 회자될게 분명",
    "date": "15.01.10",
    "rating": "9",
    "author": "v320****",
    "review_id": "9580066",
    "movie_id": "10018"
  },
  {
    "review": "점 하나로 우주와 통했다. 침착하고 사려 깊은 영화.",
    "date": "15.01.06",
    "rating": "9",
    "author": "rygh****",
    "review_id": "9568220",
    "movie_id": "10018"
  },
  {
    "review": "내 기억에 가장 확실히 남는 영화!",
    "date": "14.12.25",
    "rating": "10",
    "author": "isha****",
    "review_id": "9511519",
    "movie_id": "10018"
  },
  {
    "review": "네티즌평점보다 평론가평점이 더 높은거 처음봄...그정도로 명작 ㄷㄷㄷ",
    "date": "14.12.25",
    "rating": "10",
    "author": "yy5s****",
    "review_id": "9511121",
    "movie_id": "10018"
  },
  {
    "review": "재미있을 것 같아요 숙제 때문에 쓸게요",
    "date": "14.12.10",
    "rating": "10",
    "author": "1113****",
    "review_id": "9464240",
    "movie_id": "10018"
  },
  {
    "review": "시대이자 문화현상이 된 순수한 동심을 가진 아름다운 영화",
    "date": "14.12.01",
    "rating": "10",
    "author": "rcan****",
    "review_id": "9437392",
    "movie_id": "10018"
  },
  {
    "review": "음악만으로도 감동적.",
    "date": "14.11.10",
    "rating": "10",
    "author": "kem1****",
    "review_id": "9365325",
    "movie_id": "10018"
  },
  {
    "review": "82년도 작품이라니 나랑 동갑...서른넘어 지금 다시봐도 명작이다 ㅠㅠ너므 잼써 ㅠㅠㅠ",
    "date": "14.11.06",
    "rating": "10",
    "author": "rora****",
    "review_id": "9343687",
    "movie_id": "10018"
  },
  {
    "review": "하늘을 나는 자전거를 타고 우리들 마음에 감동을 전하러온 감동배달부 E.T",
    "date": "14.11.02",
    "rating": "10",
    "author": "hoon****",
    "review_id": "9335616",
    "movie_id": "10018"
  },
  {
    "review": "개봉당시엔 훌륭했을지 모르나 지금보기엔 진부한 스토리 전개와 고전적 퀄리티, 배우들의 발연기. 개인적으로 스필버그 팬이고 유명한 영화인건 알지만 너무 재미없었다 ; 뭐 보면 미친듯이 울게돼?ㅋㅋㅋ 평점에 거품낀 영화",
    "date": "14.10.31",
    "rating": "1",
    "author": "ddab****",
    "review_id": "9332063",
    "movie_id": "10018"
  },
  {
    "review": "광해 따위보다도 평점이 형편없게 낮네 이 영화는 9점대 중반이 정상인 영화다!!!",
    "date": "14.10.23",
    "rating": "10",
    "author": "ske4****",
    "review_id": "9309489",
    "movie_id": "10018"
  },
  {
    "review": "아무리 SF이지만, 개연성이라는 것이 없는 것 같아요. 그냥 외계인이 왔고 병고쳐주고 자전거 타고 날고 너의 안에 있겠다고 하고 우주선 타고 가는게 끝이군요 ㅡㅡ;",
    "date": "14.09.30",
    "rating": "1",
    "author": "llej****",
    "review_id": "9250793",
    "movie_id": "10018"
  },
  {
    "review": "슴가 뭉클해지는 영화ㅎㅎ",
    "date": "14.09.15",
    "rating": "9",
    "author": "wjaw****",
    "review_id": "9216451",
    "movie_id": "10018"
  },
  {
    "review": "이티가 나왔을 시절을 생각해보면 대단한 특수효과의 영화였고 우리나라에서 대단히 히트한 영화였다. 지금의 해리포터정도로. 그리운 추억이 아른거린다",
    "date": "14.08.29",
    "rating": "10",
    "author": "sieu****",
    "review_id": "9143835",
    "movie_id": "10018"
  },
  {
    "review": "순수한 동심의 세계로 떠나요...ㅠㅠ",
    "date": "14.08.19",
    "rating": "8",
    "author": "sjzm****",
    "review_id": "9109318",
    "movie_id": "10018"
  },
  {
    "review": "이 시대 가장 순수한 SF영화",
    "date": "14.08.17",
    "rating": "10",
    "author": "odh4****",
    "review_id": "9101791",
    "movie_id": "10018"
  },
  {
    "review": "무슨 말이 필요한가..",
    "date": "14.08.15",
    "rating": "10",
    "author": "itsu****",
    "review_id": "9089721",
    "movie_id": "10018"
  },
  {
    "review": "외계인 관련 된 영화 중 순수함이 있는 영화. 하지만 워낙 자극적인 소재의 영화를 많이 봐서인지 유아용 같고 지루했음. 내 나이보다 오래된 영화. 드류 베리모어의 아역시절 정말 귀엽긴 함. 픽사 애니 월-E랑 닮은 이티.",
    "date": "14.08.07",
    "rating": "1",
    "author": "jjaj****",
    "review_id": "9042519",
    "movie_id": "10018"
  },
  {
    "review": "스티븐스필버그!30년이지난 지금도 명작!이보다 감동적일수는 없다",
    "date": "14.07.20",
    "rating": "10",
    "author": "hs22****",
    "review_id": "8936084",
    "movie_id": "10018"
  },
  {
    "review": "웃기기도하고,감동적이기도 했어요",
    "date": "14.07.04",
    "rating": "10",
    "author": "seee****",
    "review_id": "8883668",
    "movie_id": "10018"
  },
  {
    "review": "웃기기도하고,감동적이기도 했어요",
    "date": "14.07.04",
    "rating": "10",
    "author": "seee****",
    "review_id": "8883667",
    "movie_id": "10018"
  },
  {
    "review": "오래된 영화이면서도 오랜만에 다시봐도 신선함",
    "date": "14.06.24",
    "rating": "10",
    "author": "dkdl****",
    "review_id": "8851967",
    "movie_id": "10018"
  },
  {
    "review": "이영화에 10점을 안주면 줄 영화가 없다",
    "date": "14.06.24",
    "rating": "10",
    "author": "jjyo****",
    "review_id": "8850279",
    "movie_id": "10018"
  },
  {
    "review": "ET phone home!",
    "date": "14.05.31",
    "rating": "10",
    "author": "srm7****",
    "review_id": "8780639",
    "movie_id": "10018"
  },
  {
    "review": "한스런 영화 + 장난감들...;;;",
    "date": "14.05.25",
    "rating": "6",
    "author": "popy****",
    "review_id": "8764214",
    "movie_id": "10018"
  },
  {
    "review": "묻지마 10점... 애들이 탄 자전거가 BMX임. 일본제 쿠와하라... 삼천리 자전거는 뭐 했냐? ㅎㅎㅎ",
    "date": "14.05.24",
    "rating": "10",
    "author": "barb****",
    "review_id": "8760237",
    "movie_id": "10018"
  },
  {
    "review": "짱재미쪄이티야돌아와ㅠㅜㅜ",
    "date": "14.05.17",
    "rating": "10",
    "author": "8888****",
    "review_id": "8741357",
    "movie_id": "10018"
  },
  {
    "review": "정말 감동적인 영화였어요..!",
    "date": "14.05.11",
    "rating": "10",
    "author": "phj7****",
    "review_id": "8723006",
    "movie_id": "10018"
  },
  {
    "review": "너무 재미있고 웃기고 감동적이에요",
    "date": "14.05.11",
    "rating": "10",
    "author": "pink****",
    "review_id": "8722683",
    "movie_id": "10018"
  },
  {
    "review": "말할 필요가 있을까???",
    "date": "14.05.10",
    "rating": "10",
    "author": "aksq****",
    "review_id": "8720976",
    "movie_id": "10018"
  },
  {
    "review": "재밌어요^^이제서야보네요",
    "date": "14.05.06",
    "rating": "10",
    "author": "anam****",
    "review_id": "8708051",
    "movie_id": "10018"
  },
  {
    "review": "이게 32년전 영화라니....ㄷㄷㄷ",
    "date": "14.05.05",
    "rating": "10",
    "author": "dftg****",
    "review_id": "8707750",
    "movie_id": "10018"
  },
  {
    "review": "리뷰 완전 웃김 ㅋㅋㅋ공백을 제외하고 10자 이상 작성하셔야 등록 됩니다",
    "date": "14.05.05",
    "rating": "5",
    "author": "qkra****",
    "review_id": "8707210",
    "movie_id": "10018"
  },
  {
    "review": "이티라는 명작을 32년이 지난 오늘 처음보았는데..정말 이티를 지켜주려는 아이들의 순수한매력에 놀라고,닮고 싶었어요~이티는 초롱초롱한 눈망울이 어찌나 아기같던지ㅋㅋ마지막에 엘리엇과 포옹하는 장면에선 친엄마같은,,뭔가 따스한 느낌이 묻어나 가슴 찡했어♥",
    "date": "14.05.05",
    "rating": "10",
    "author": "psy7****",
    "review_id": "8706769",
    "movie_id": "10018"
  },
  {
    "review": "나는 오늘 처음 이티 봤는데 정말 재미있더라..아빠는 나만할때 이티 만들어져서 보고 이티인형 정말 좋아했댔는데 ㅎ",
    "date": "14.05.05",
    "rating": "10",
    "author": "alis****",
    "review_id": "8706752",
    "movie_id": "10018"
  },
  {
    "review": "음악과 아름답고 순수한 동심 그리고 음악 이보다 완벽하고 가슴을 울릴수 있을까?",
    "date": "14.05.05",
    "rating": "10",
    "author": "l942****",
    "review_id": "8706572",
    "movie_id": "10018"
  },
  {
    "review": "남자주인공이 하는말을 이티가 따라할때 왠지모르게 뿌듯하고 뭔가 눈물이나네요 정말 아이가된기분이였어요 좋은영화네요~^^",
    "date": "14.05.05",
    "rating": "10",
    "author": "codn****",
    "review_id": "8706507",
    "movie_id": "10018"
  },
  {
    "review": "명불허전! 과연 명작이란 이런 것이 아닌가",
    "date": "14.05.05",
    "rating": "10",
    "author": "gmdq****",
    "review_id": "8706457",
    "movie_id": "10018"
  },
  {
    "review": "최근 영화의 영상미보다 떨어지지만  30년 전 기억으로 가슴이 울러울렁..전율ㅜ 어린이날 특집 (이비에스)인데 40대초중반 아지매가보고 글올려요..(티비경력40년 휴대폰경력 17년  컴경력20년넘고 천리안95년부터ㅡ마음은 10대 무시하지마셈..^)",
    "date": "14.05.05",
    "rating": "10",
    "author": "ehdu****",
    "review_id": "8706403",
    "movie_id": "10018"
  },
  {
    "review": "다시봐도 명작입니다. 감동~~",
    "date": "14.05.05",
    "rating": "10",
    "author": "pny0****",
    "review_id": "8706392",
    "movie_id": "10018"
  },
  {
    "review": "어렸을때 본 영화중 최고의 영화~~아직도 잊혀지지않는 존윌리암스의 음악이 귓가에 맴돈다~~",
    "date": "14.05.05",
    "rating": "10",
    "author": "ralr****",
    "review_id": "8706366",
    "movie_id": "10018"
  },
  {
    "review": "굿!!!!~~~~^",
    "date": "14.05.05",
    "rating": "10",
    "author": "sand****",
    "review_id": "8706291",
    "movie_id": "10018"
  },
  {
    "review": "미국에서 개봉하고 우리나라에서  1년인가 있다 개봉했는데 이거 볼려고 극장마다  난리났던 기억이 나네요 꼬마였던 그땐 정말 너무 감동 이었는데 지금다시 보니 그때 생각이 많이나네요",
    "date": "14.05.05",
    "rating": "10",
    "author": "c160****",
    "review_id": "8706109",
    "movie_id": "10018"
  },
  {
    "review": "아주 어렸을적 이티 인형을 안고있을정도로 푹 빠졌었던게 기억난다  이제 30대가 돼서 다시 봐도 그 인형이 갖고싶을정도로 아름답고 감동적인 영화...처음으로 리뷰도 쓰게 만드네^^",
    "date": "14.05.05",
    "rating": "10",
    "author": "dmsw****",
    "review_id": "8706076",
    "movie_id": "10018"
  },
  {
    "review": "내가 열살 때 본 영화를 일곱살 된 딸아이와 함께  다시 찾아봤다.  우리딸 중학생 되면 백투더퓨처를 함께 볼 것이다. 내겐 자식과 나누고픈 몇 안되는 영화중 하나다.",
    "date": "14.05.05",
    "rating": "10",
    "author": "khle****",
    "review_id": "8705900",
    "movie_id": "10018"
  },
  {
    "review": "잼따아오으어아오으앙",
    "date": "14.05.05",
    "rating": "10",
    "author": "kawa****",
    "review_id": "8705845",
    "movie_id": "10018"
  },
  {
    "review": "현란한 영화는 아닐지라도 잔잔한 감동을주는 영화.",
    "date": "14.05.05",
    "rating": "10",
    "author": "damh****",
    "review_id": "8704218",
    "movie_id": "10018"
  },
  {
    "review": "EBS영화봐요알아ㅋ재미있게",
    "date": "14.05.05",
    "rating": "10",
    "author": "vv33****",
    "review_id": "8704123",
    "movie_id": "10018"
  },
  {
    "review": "아무리 좋은영화라도 이걸 어린이날에 보여주면 사람들이 잼있어 할까???냉정하게 본다면 사람들은 이영화 잘안볼듯",
    "date": "14.05.04",
    "rating": "9",
    "author": "9062****",
    "review_id": "8701948",
    "movie_id": "10018"
  },
  {
    "review": "옛날영화가 더 마음에 와닿고 감동적입니다요즘영화는 화려한 기술과 그래픽은 당연 으뜸이지만뭔가 빠진듯한 느낌이....",
    "date": "14.04.28",
    "rating": "10",
    "author": "taki****",
    "review_id": "8679279",
    "movie_id": "10018"
  },
  {
    "review": "인간의 오만함 아니 어른들의 오만함, 왜 우주인의 조사의 대상으로 여길까 하나의 은하계의 친구가 아닌",
    "date": "14.04.16",
    "rating": "10",
    "author": "jong****",
    "review_id": "8653630",
    "movie_id": "10018"
  },
  {
    "review": "어렸을적에 티비에서 하던걸 비디오로 녹화해서 수백번이고 봤었습니다. 그당시에 볼수있는게 이거 밖에 없었으니까요. 20년이 지난 오늘 , 영화를 보는 내내 울면서 보았네요.. 후에 태어날 나의 아이들에게도 어렸을적에 꼭 보여주고 싶습니다.",
    "date": "14.04.06",
    "rating": "10",
    "author": "dang****",
    "review_id": "8632649",
    "movie_id": "10018"
  },
  {
    "review": "몇 몇 명장면이 있는 것은 인정한다",
    "date": "14.04.04",
    "rating": "7",
    "author": "ykdi****",
    "review_id": "8628495",
    "movie_id": "10018"
  },
  {
    "review": "참대단한 영화다 참말로",
    "date": "14.04.04",
    "rating": "10",
    "author": "xx41****",
    "review_id": "8627802",
    "movie_id": "10018"
  },
  {
    "review": "대단하다. 대단해. 영화를 보고 난 후 올려다본 하늘에 별이 쫘르르르~",
    "date": "14.03.27",
    "rating": "10",
    "author": "jhji****",
    "review_id": "8611010",
    "movie_id": "10018"
  },
  {
    "review": "가슴이 따뜻해지는 영화 옛 영화지만 아직도 재밌다",
    "date": "14.03.24",
    "rating": "10",
    "author": "qnad****",
    "review_id": "8604693",
    "movie_id": "10018"
  },
  {
    "review": "스티븐 스필버그는 천재지.... 천재",
    "date": "14.03.22",
    "rating": "10",
    "author": "es60****",
    "review_id": "8596249",
    "movie_id": "10018"
  },
  {
    "review": "인셉션은 머리 싸움이다. 하지만 인셉션도 이기지 못하는 감동을 여기서 느꼇다",
    "date": "14.03.22",
    "rating": "10",
    "author": "iamf****",
    "review_id": "8595349",
    "movie_id": "10018"
  },
  {
    "review": "왠지 슬프다.내가 언제부터 순수함을 잃고 지내게 된걸까...? 내가 아빠가 된다면 자식과 함께 다시 보고싶다.",
    "date": "14.03.09",
    "rating": "10",
    "author": "thdw****",
    "review_id": "8564106",
    "movie_id": "10018"
  },
  {
    "review": "당시 손가락 터치는 명장면",
    "date": "14.03.02",
    "rating": "10",
    "author": "mr_p****",
    "review_id": "8550669",
    "movie_id": "10018"
  },
  {
    "review": "왠지 신비로운 느낌??? e.t.야, 너 보고 잇니? 우리가 너를 이렇게나 좋아한단다!",
    "date": "14.02.20",
    "rating": "10",
    "author": "dual****",
    "review_id": "8523449",
    "movie_id": "10018"
  },
  {
    "review": "어린시절 추억이 남아있는 잊을수 없는 영화다",
    "date": "14.02.15",
    "rating": "10",
    "author": "nuex****",
    "review_id": "8508693",
    "movie_id": "10018"
  },
  {
    "review": "E.T.는 결국 우주로 가고 끝나네유. E.T.가 Extra Terrestrial 약자였구나.",
    "date": "14.02.13",
    "rating": "10",
    "author": "real****",
    "review_id": "8502836",
    "movie_id": "10018"
  },
  {
    "review": "아주 어렸을때 본 영화인데 다시 한번 보고싶네.",
    "date": "14.02.09",
    "rating": "10",
    "author": "tdcz****",
    "review_id": "8492857",
    "movie_id": "10018"
  },
  {
    "review": "당시 봤을때 개 쩔었는데",
    "date": "14.02.09",
    "rating": "10",
    "author": "534k****",
    "review_id": "8490130",
    "movie_id": "10018"
  },
  {
    "review": "우리의 영원한 친구 E.T",
    "date": "14.02.02",
    "rating": "10",
    "author": "sa33****",
    "review_id": "8464294",
    "movie_id": "10018"
  },
  {
    "review": "국민학교 때 엄마와 같이 손잡고 극장가서 봤던 행복했던 추억.. 봉제인형이랑 장남감도 많았지.. 이티가 죽었을 때.. 부활 했을 때.. 경찰에게 쫒기다 자전거 타고 하늘로 날라갈 때.. 이젠 아들에게 이 최고의 감동을 물려줘야겠다",
    "date": "14.02.01",
    "rating": "10",
    "author": "danz****",
    "review_id": "8458281",
    "movie_id": "10018"
  },
  {
    "review": "어린이들의 우정도 뜨겁다.",
    "date": "14.01.25",
    "rating": "10",
    "author": "tbxl****",
    "review_id": "8424012",
    "movie_id": "10018"
  },
  {
    "review": "너무 재밋고 아이들은 이쁘고... 지금봐도 명작",
    "date": "14.01.23",
    "rating": "10",
    "author": "hsej****",
    "review_id": "8414906",
    "movie_id": "10018"
  },
  {
    "review": "이게 82년도 작품이라니 대단하구나.. 30년이 지났는데도 전혀 어색한거 없구 자연스럽다. 영화 정말 잘만들었다. 괜히 스티븐스필버그가 아니군..",
    "date": "14.01.08",
    "rating": "10",
    "author": "qorc****",
    "review_id": "8360512",
    "movie_id": "10018"
  },
  {
    "review": "내가 태어난 해에 나온 영화였구나.... 어쩐지 본 기억이 안나더라니 ㅎㅎ재미있었다....! 드류 베리모어가 7살 때의 영화라니.. 허허82년 작인데도 ET가 어색하게 보이지 않았다.",
    "date": "13.12.27",
    "rating": "10",
    "author": "cool****",
    "review_id": "8309806",
    "movie_id": "10018"
  },
  {
    "review": "역시 스필버그네요 감동",
    "date": "13.12.22",
    "rating": "10",
    "author": "lbss****",
    "review_id": "8272811",
    "movie_id": "10018"
  },
  {
    "review": "천재감독이다 진짜 이 영화가 82년도 영화인데 아직까지도 이티 모르는 사람이 없지",
    "date": "13.12.15",
    "rating": "9",
    "author": "lkyl****",
    "review_id": "8217255",
    "movie_id": "10018"
  },
  {
    "review": "수OO이 지나고 다시봤는데, 이럴수가!  여전히 좋은영화구나~.   명작은 시간을 비껴가는군요.",
    "date": "13.11.07",
    "rating": "9",
    "author": "rock****",
    "review_id": "8122611",
    "movie_id": "10018"
  }
]