[
  {
    "review": "속편보다더좋내요 추천합니다",
    "date": "15.06.28",
    "rating": "10",
    "author": "gusd****",
    "review_id": "10046279",
    "movie_id": "10022"
  },
  {
    "review": "아우 재미없어... 재미없어!",
    "date": "15.06.09",
    "rating": "1",
    "author": "shs6****",
    "review_id": "9985821",
    "movie_id": "10022"
  },
  {
    "review": "그냥 그럼... 별로 재미는 없었음",
    "date": "15.06.09",
    "rating": "1",
    "author": "gunb****",
    "review_id": "9985815",
    "movie_id": "10022"
  },
  {
    "review": "그래도 역시 1편이..",
    "date": "15.06.08",
    "rating": "1",
    "author": "ging****",
    "review_id": "9985034",
    "movie_id": "10022"
  },
  {
    "review": "쇼생 1위 만들려고 1점준 밑에 뭐냐 이영화 보긴했나... 둘다 10점 줄 영화임",
    "date": "15.06.08",
    "rating": "10",
    "author": "leea****",
    "review_id": "9984319",
    "movie_id": "10022"
  },
  {
    "review": "쇼생크탈출이 1위였는데 좀 전까지만해도..",
    "date": "15.06.08",
    "rating": "1",
    "author": "shin****",
    "review_id": "9983939",
    "movie_id": "10022"
  },
  {
    "review": "와..결국쳄피;언을.",
    "date": "15.06.07",
    "rating": "10",
    "author": "dnjs****",
    "review_id": "9981341",
    "movie_id": "10022"
  },
  {
    "review": "정말로 재밌는 영화 gg",
    "date": "15.06.06",
    "rating": "10",
    "author": "john****",
    "review_id": "9978618",
    "movie_id": "10022"
  },
  {
    "review": "이런 영화  제가 원하던영화네요 ㅠㅠ",
    "date": "15.06.03",
    "rating": "10",
    "author": "cmca****",
    "review_id": "9972937",
    "movie_id": "10022"
  },
  {
    "review": "마지막 명 대사 아드리안 나 해냈어",
    "date": "15.06.02",
    "rating": "10",
    "author": "kpor****",
    "review_id": "9970578",
    "movie_id": "10022"
  },
  {
    "review": "무엇보다, OST 가 갑.",
    "date": "15.05.15",
    "rating": "8",
    "author": "gksq****",
    "review_id": "9920028",
    "movie_id": "10022"
  },
  {
    "review": "가드도안올리고 안피하고 다맞는 지금보면 너무어색하지만 그래도 최고",
    "date": "15.04.28",
    "rating": "9",
    "author": "leon****",
    "review_id": "9874873",
    "movie_id": "10022"
  },
  {
    "review": "전편에 비해 록키가 강해졌다는게 느껴진다",
    "date": "15.03.29",
    "rating": "7",
    "author": "sipj****",
    "review_id": "9815261",
    "movie_id": "10022"
  },
  {
    "review": "남자라면 그냥 봐라..무조건 봐라",
    "date": "15.03.28",
    "rating": "10",
    "author": "aman****",
    "review_id": "9810998",
    "movie_id": "10022"
  },
  {
    "review": "록키 시리즈 다 좋지만 개인적으로 2편이 최고!!",
    "date": "15.02.20",
    "rating": "10",
    "author": "hams****",
    "review_id": "9718362",
    "movie_id": "10022"
  },
  {
    "review": "싸움은 꼭 덤비는쪽이 지더라 ㅋㅋ",
    "date": "15.02.08",
    "rating": "10",
    "author": "0216****",
    "review_id": "9678625",
    "movie_id": "10022"
  },
  {
    "review": "록키1편을 잘이은거같다",
    "date": "15.01.17",
    "rating": "10",
    "author": "rhch****",
    "review_id": "9605486",
    "movie_id": "10022"
  },
  {
    "review": "음악도 예술이고 마지막라운드는 안잊혀진다.",
    "date": "15.01.13",
    "rating": "10",
    "author": "adiv****",
    "review_id": "9589595",
    "movie_id": "10022"
  },
  {
    "review": "록키1이 자기 자신을 넘어서는 영화였다면 록키2는 사랑의 위대함을 보여주는 영화.",
    "date": "14.12.27",
    "rating": "10",
    "author": "sh87****",
    "review_id": "9522810",
    "movie_id": "10022"
  },
  {
    "review": "개인적으로 시리즈 중 가장 최고",
    "date": "14.11.26",
    "rating": "10",
    "author": "shhk****",
    "review_id": "9422399",
    "movie_id": "10022"
  },
  {
    "review": "한마디만 하겠다 '와'",
    "date": "14.11.02",
    "rating": "10",
    "author": "triu****",
    "review_id": "9336063",
    "movie_id": "10022"
  },
  {
    "review": "한층 강해진 드라마, 업그레이드된 록키",
    "date": "14.09.26",
    "rating": "7",
    "author": "rd72****",
    "review_id": "9243138",
    "movie_id": "10022"
  },
  {
    "review": "평범한 복서로 전락한 록키.",
    "date": "14.09.20",
    "rating": "6",
    "author": "pont****",
    "review_id": "9227350",
    "movie_id": "10022"
  },
  {
    "review": "말이 필요 할까...\\",
    "date": "14.09.14",
    "rating": "10",
    "author": "u205****",
    "review_id": "9215683",
    "movie_id": "10022"
  },
  {
    "review": "전편의 감동은 없지만 역시 OST 하나로 분위기 살리는 영화",
    "date": "14.09.11",
    "rating": "2",
    "author": "jjaj****",
    "review_id": "9202779",
    "movie_id": "10022"
  },
  {
    "review": "마지막 경기씬은 록키1보다 더 대단했다. 열광할 수 밖에 없는 영화. 그리고 중간의 애드리안을 향한 그의 사랑표현은 진정 감동이었다.",
    "date": "14.08.19",
    "rating": "10",
    "author": "7dbs****",
    "review_id": "9112439",
    "movie_id": "10022"
  },
  {
    "review": "이 멋진영화를 이제보네요 ㅠㅠ",
    "date": "14.08.02",
    "rating": "10",
    "author": "chfd****",
    "review_id": "9004524",
    "movie_id": "10022"
  },
  {
    "review": "내가 여태까지 본 영화중 평점제일높네 근데 록키 과묵할줄 알았는데 왤케 말이많지? ㅋㅋㅋㅋ",
    "date": "14.07.31",
    "rating": "10",
    "author": "qwer****",
    "review_id": "8990052",
    "movie_id": "10022"
  },
  {
    "review": "각본에 감독까지 대단하다!",
    "date": "14.07.29",
    "rating": "9",
    "author": "clou****",
    "review_id": "8977900",
    "movie_id": "10022"
  },
  {
    "review": "완벽한 속편!  록키 시리즈는 스포츠영화가 아니다! 감동적인 드라마다!!",
    "date": "14.07.14",
    "rating": "10",
    "author": "fghy****",
    "review_id": "8914576",
    "movie_id": "10022"
  },
  {
    "review": "1편보다 더 좋아하는 작품.. 개인적으로 복싱 영화 최고라는 성난 황소보다도 좋아하는 명작 중의 명작이라고 생각한다.",
    "date": "14.07.01",
    "rating": "10",
    "author": "aeri****",
    "review_id": "8872718",
    "movie_id": "10022"
  },
  {
    "review": "정말 명작이다...!!!!",
    "date": "14.04.07",
    "rating": "10",
    "author": "wjdf****",
    "review_id": "8634055",
    "movie_id": "10022"
  },
  {
    "review": "아폴로 크리드와 록키 발보아의 대결! 록키 시리즈 다보고난 후에 다시보면 눈물나요ㅠㅠㅋㅋ",
    "date": "14.04.06",
    "rating": "10",
    "author": "vkfn****",
    "review_id": "8632926",
    "movie_id": "10022"
  },
  {
    "review": "하루에 몰아서 봤는데 지루할 틈이 없었다",
    "date": "14.03.03",
    "rating": "10",
    "author": "kgvg****",
    "review_id": "8554781",
    "movie_id": "10022"
  },
  {
    "review": "갠적으로 1편보다 록키2편이 진짜 최고,, 경기 끝나고 챔피언에 오른 다음에 아드리안 나 해냈어 할때 진짜 감동적인 쓰나미 밀려옴",
    "date": "14.02.04",
    "rating": "10",
    "author": "tjtm****",
    "review_id": "8475908",
    "movie_id": "10022"
  },
  {
    "review": "스포츠 영화의 정석이자 바이블",
    "date": "14.01.31",
    "rating": "9",
    "author": "rcan****",
    "review_id": "8452686",
    "movie_id": "10022"
  },
  {
    "review": "전편만큼의 감동은 없다.",
    "date": "14.01.28",
    "rating": "8",
    "author": "kxvt****",
    "review_id": "8439103",
    "movie_id": "10022"
  },
  {
    "review": "진짜 최고의 영화 어렸을 때 티비 에서 할 때 마다 봤다. ㅎ",
    "date": "14.01.17",
    "rating": "10",
    "author": "pc59****",
    "review_id": "8392186",
    "movie_id": "10022"
  },
  {
    "review": "1편의 우승 이후 다시 본래의 상황으로 돌아간다는 점은 현실적이지만, 중반 이후 거의 대부분의 이야기와 설정이 1편과 너무나 똑같아서 감흥이 다소 떨어진다.",
    "date": "14.01.13",
    "rating": "6",
    "author": "zxc1****",
    "review_id": "8379441",
    "movie_id": "10022"
  },
  {
    "review": "뜨거운 사나이들의 링 사랑",
    "date": "14.01.02",
    "rating": "10",
    "author": "supe****",
    "review_id": "8337771",
    "movie_id": "10022"
  },
  {
    "review": "실베스타 스텔론을 정상으로 올려놓은영화~!캐스팅이너무 좋다..오랜기억이 남는영화",
    "date": "13.12.16",
    "rating": "10",
    "author": "wlgn****",
    "review_id": "8218954",
    "movie_id": "10022"
  },
  {
    "review": "꼭 봐야 하는 영화 베스트 5",
    "date": "13.12.09",
    "rating": "10",
    "author": "reco****",
    "review_id": "8201754",
    "movie_id": "10022"
  },
  {
    "review": "영화보고 울었다.. ㅜㅜ",
    "date": "13.11.13",
    "rating": "10",
    "author": "kdl6****",
    "review_id": "8134877",
    "movie_id": "10022"
  },
  {
    "review": "록키시리즈 중에 2가 젤 완성도 높은듯. 에드리언!",
    "date": "13.10.23",
    "rating": "9",
    "author": "bong****",
    "review_id": "8082658",
    "movie_id": "10022"
  },
  {
    "review": "제 학창시절때 한 20번이상 봤는데 다시 봐도 재밌네요",
    "date": "13.09.25",
    "rating": "10",
    "author": "wown****",
    "review_id": "8015696",
    "movie_id": "10022"
  },
  {
    "review": "속편이 더 좋을 수 있다. I did it!",
    "date": "13.09.15",
    "rating": "10",
    "author": "dusk****",
    "review_id": "7981827",
    "movie_id": "10022"
  },
  {
    "review": "다신없을 최고의 복싱영화",
    "date": "13.09.09",
    "rating": "10",
    "author": "yabe****",
    "review_id": "7961601",
    "movie_id": "10022"
  },
  {
    "review": "스토리, 연기, 기타 냉정하게 보면 정말 유치하다. 그러나 땡 땡 땡 땡 빠바바바바빠 빠암빠바바바 빠바바 이거만 나오면 그걸루 걍 끝나는거다! going the distanc!!! 심장 깊숙한 어느곳에서 갑자기 무언가 부글루글 끓어올라 터져버릴꺼가튼",
    "date": "13.08.01",
    "rating": "9",
    "author": "b741****",
    "review_id": "7806460",
    "movie_id": "10022"
  },
  {
    "review": "소름끼친다!",
    "date": "13.07.27",
    "rating": "10",
    "author": "ske4****",
    "review_id": "7790137",
    "movie_id": "10022"
  },
  {
    "review": "1편보다 못한 범작!! 역시 주인공이 승리하는 권투영화는 대부분 범작!!왜냐!! 결과보다는 과정(인간의 투쟁정신)이 중요하기 때문!!",
    "date": "13.07.14",
    "rating": "7",
    "author": "sinj****",
    "review_id": "7738821",
    "movie_id": "10022"
  },
  {
    "review": "권투에 관심 없어서 과연 재밌을까 했는데 정말 재밌었다!!",
    "date": "13.06.23",
    "rating": "10",
    "author": "rh64****",
    "review_id": "7673785",
    "movie_id": "10022"
  },
  {
    "review": "트레이닝씬의 Going the Distance 음악이 흐르면서 통나무 다시 줍는모습 진짜 명장면이다.....캬~~~믹키아저씨의 스피드 외칠때 에드리안의 이기라고 할때등 명장면이 끝이 읍다 말이 필요없다 이것도 봐라 10번 봐라ㅎㅎ",
    "date": "13.06.09",
    "rating": "10",
    "author": "redd****",
    "review_id": "7618694",
    "movie_id": "10022"
  },
  {
    "review": "기가 막혀서 말이 안나온다 진짜 최고다",
    "date": "13.06.06",
    "rating": "10",
    "author": "jhh1****",
    "review_id": "7588584",
    "movie_id": "10022"
  },
  {
    "review": "정말 최고의 영화!! 1보다 훨씬 잼있네요.. 폼도 어색하지않구 스토리 정말 잘짰음.. 최고!!",
    "date": "13.05.22",
    "rating": "10",
    "author": "qorc****",
    "review_id": "7547296",
    "movie_id": "10022"
  },
  {
    "review": "에이드리언!!!!! 영화사에 길이 남을 명대사",
    "date": "13.02.10",
    "rating": "10",
    "author": "paul****",
    "review_id": "7247133",
    "movie_id": "10022"
  },
  {
    "review": "속편도 좋다 포기하지 않는 근성 록키는 최고의 캐릭터다",
    "date": "13.02.08",
    "rating": "10",
    "author": "dlgo****",
    "review_id": "7236507",
    "movie_id": "10022"
  },
  {
    "review": "최선을다한 사나이들의 멋진승부",
    "date": "13.01.30",
    "rating": "8",
    "author": "yjs4****",
    "review_id": "7195089",
    "movie_id": "10022"
  },
  {
    "review": "1편보다 더 스릴잇고 멋잇다 진짜 재밋다 ㅋㅋㅋㅋㅋㅋㅋㅋ",
    "date": "13.01.18",
    "rating": "10",
    "author": "ghkd****",
    "review_id": "7130647",
    "movie_id": "10022"
  },
  {
    "review": "와우..",
    "date": "13.01.01",
    "rating": "10",
    "author": "saf1****",
    "review_id": "7070050",
    "movie_id": "10022"
  },
  {
    "review": "역시 남자는 일할 때가 멋있지",
    "date": "12.12.28",
    "rating": "10",
    "author": "mach****",
    "review_id": "7055322",
    "movie_id": "10022"
  },
  {
    "review": "타고남을 이길수 있는건 끈기아닐까..내 삶을 다시 돌아보게끔 하는 영화..감동에 눈물이나는 영화..",
    "date": "12.12.24",
    "rating": "10",
    "author": "gusw****",
    "review_id": "7038655",
    "movie_id": "10022"
  },
  {
    "review": "끈가거 무엇안자 정멀 절 표현낸것 같습니다 끝까자 포기하지 않은 정신 너무나도 인상깊었습니다",
    "date": "12.12.11",
    "rating": "10",
    "author": "hlch****",
    "review_id": "6992373",
    "movie_id": "10022"
  },
  {
    "review": "록키 시리즈중 최고가아닐까 생각한다.아폴로와의 경기에서 승리후 \"아드리안 나 해냈어!\"그장면에 나도 도전이란걸 당장 하고싶을만큼 벅차고 감동적이었다...",
    "date": "12.11.08",
    "rating": "10",
    "author": "jsaz****",
    "review_id": "6866185",
    "movie_id": "10022"
  },
  {
    "review": "감동적인 영화입니다, 잘봤습니다.",
    "date": "12.11.03",
    "rating": "9",
    "author": "cjsw****",
    "review_id": "6848406",
    "movie_id": "10022"
  },
  {
    "review": "처음에는 지루했지만 나중에는 진짜 남자들은 열광할만하다.",
    "date": "12.10.25",
    "rating": "10",
    "author": "chul****",
    "review_id": "6826048",
    "movie_id": "10022"
  },
  {
    "review": "록키는 대단하다. 용기를 얻다. 드디어 챔피언!!!",
    "date": "12.10.25",
    "rating": "5",
    "author": "samg****",
    "review_id": "6825180",
    "movie_id": "10022"
  },
  {
    "review": "챔프등극...감동",
    "date": "12.08.29",
    "rating": "9",
    "author": "do11****",
    "review_id": "6653140",
    "movie_id": "10022"
  },
  {
    "review": "이거 안본 남자는 남자가아니쟤",
    "date": "12.08.20",
    "rating": "10",
    "author": "anjt****",
    "review_id": "6630667",
    "movie_id": "10022"
  },
  {
    "review": "오락성이 첨부되어서 즐기며 볼수있는 영화였다",
    "date": "12.07.15",
    "rating": "10",
    "author": "pty1****",
    "review_id": "6481534",
    "movie_id": "10022"
  },
  {
    "review": "전편에서의 대립구도후 이번편에서 최고로 승화시켰다. 눈물과 감동의 영화.",
    "date": "12.07.02",
    "rating": "10",
    "author": "crui****",
    "review_id": "6437666",
    "movie_id": "10022"
  },
  {
    "review": "1편도 좋지만 2편이 더 나았다..",
    "date": "12.06.20",
    "rating": "10",
    "author": "tn99****",
    "review_id": "6405107",
    "movie_id": "10022"
  },
  {
    "review": "정말 재미있음 짱짱 이번에 애들도 따라 달렸다",
    "date": "12.06.16",
    "rating": "10",
    "author": "qngh****",
    "review_id": "6394649",
    "movie_id": "10022"
  },
  {
    "review": "록키는 5만 뺴고 다 재밌슴 ....ㅜㅜㅜ",
    "date": "12.06.14",
    "rating": "10",
    "author": "yes4****",
    "review_id": "6390854",
    "movie_id": "10022"
  },
  {
    "review": "최고의영화",
    "date": "12.04.01",
    "rating": "10",
    "author": "tlsd****",
    "review_id": "6183963",
    "movie_id": "10022"
  },
  {
    "review": "전체 록키 시리즈 6개 중에 2가 단연 최고.",
    "date": "12.03.31",
    "rating": "10",
    "author": "unli****",
    "review_id": "6183462",
    "movie_id": "10022"
  },
  {
    "review": "그냥 무난하다 정도.",
    "date": "12.03.14",
    "rating": "8",
    "author": "kckz****",
    "review_id": "6143461",
    "movie_id": "10022"
  },
  {
    "review": "분명 지금의 기준과 시점에서 평가할 영화가 절대 아니다",
    "date": "12.03.12",
    "rating": "9",
    "author": "kimb****",
    "review_id": "6140443",
    "movie_id": "10022"
  },
  {
    "review": "어렸을때 보고 너무 좋아서 오늘 1편부터 봤는데 2편이더 심금을 울리네요3편고고싱",
    "date": "12.02.06",
    "rating": "9",
    "author": "mand****",
    "review_id": "6055390",
    "movie_id": "10022"
  },
  {
    "review": "록키시리즈는 모두 최고다. 발보아 빼고 ㅋㅋ..",
    "date": "12.01.31",
    "rating": "9",
    "author": "tsp0****",
    "review_id": "6036839",
    "movie_id": "10022"
  },
  {
    "review": "아폴로 크리드의 이야기도 추가되어 감동을 더했다",
    "date": "12.01.24",
    "rating": "10",
    "author": "doct****",
    "review_id": "6015934",
    "movie_id": "10022"
  },
  {
    "review": "최고다!! 록키1의 완성도를 충분히, 아니 더 훌륭하게 뿜어냈다!",
    "date": "12.01.15",
    "rating": "10",
    "author": "k384****",
    "review_id": "5987469",
    "movie_id": "10022"
  },
  {
    "review": "스탤론 연출이 꽤나 깔끔하다. 바보 온달처럼 우직한 록키는 인간냄새가 나서 좋다.",
    "date": "11.12.26",
    "rating": "8",
    "author": "airi****",
    "review_id": "5937423",
    "movie_id": "10022"
  },
  {
    "review": "[9점] 1편보다는 확실히 더 깔끔해진 스토리 그리고 사랑의 힘으로",
    "date": "11.12.18",
    "rating": "9",
    "author": "fann****",
    "review_id": "5912121",
    "movie_id": "10022"
  },
  {
    "review": "여보 나 해냈어... 마지막에 울컥하네요..",
    "date": "11.10.31",
    "rating": "9",
    "author": "ggum****",
    "review_id": "5820626",
    "movie_id": "10022"
  },
  {
    "review": "제 점수는요",
    "date": "11.10.18",
    "rating": "10",
    "author": "club****",
    "review_id": "5795316",
    "movie_id": "10022"
  },
  {
    "review": "록키 그 이름값만으로도 10점",
    "date": "11.10.12",
    "rating": "10",
    "author": "zndz****",
    "review_id": "5785359",
    "movie_id": "10022"
  },
  {
    "review": "전편보다 낫다!",
    "date": "11.08.23",
    "rating": "10",
    "author": "fpdl****",
    "review_id": "5682392",
    "movie_id": "10022"
  },
  {
    "review": "아쉬움이 있지만 꽤나 성공적인 속편.",
    "date": "11.07.28",
    "rating": "6",
    "author": "pria****",
    "review_id": "5578266",
    "movie_id": "10022"
  },
  {
    "review": "애드리안이 이겨달라는 말과함께 깔리는 going to distance 이장면이 백미",
    "date": "11.07.19",
    "rating": "10",
    "author": "dutj****",
    "review_id": "5555747",
    "movie_id": "10022"
  },
  {
    "review": "열정이 느껴짐",
    "date": "11.07.12",
    "rating": "10",
    "author": "visi****",
    "review_id": "5538322",
    "movie_id": "10022"
  },
  {
    "review": "줄거리의 드라마적 요소는 1편보다 못하지만, 결투장면의 리얼함, 감동은 최고!",
    "date": "11.06.24",
    "rating": "9",
    "author": "brav****",
    "review_id": "5495746",
    "movie_id": "10022"
  },
  {
    "review": "결투신만 재미있었음.. 1편에 비해 흡입력이 떨어진다....",
    "date": "11.06.23",
    "rating": "7",
    "author": "dmag****",
    "review_id": "5495380",
    "movie_id": "10022"
  },
  {
    "review": "남자의 이야기...",
    "date": "11.06.19",
    "rating": "10",
    "author": "isis****",
    "review_id": "5488234",
    "movie_id": "10022"
  },
  {
    "review": "1편에서의 감동을 고스란히가져와서 폭발시켜준다!록키의 부흥기!!",
    "date": "11.06.06",
    "rating": "10",
    "author": "read****",
    "review_id": "5467716",
    "movie_id": "10022"
  },
  {
    "review": "이건뭐 10점 줄수 뿌니 없다... 일단 보고 판단하시길 ..",
    "date": "11.06.05",
    "rating": "10",
    "author": "jhj2****",
    "review_id": "5465133",
    "movie_id": "10022"
  },
  {
    "review": "옛다!10점  전율 2편이었다",
    "date": "11.05.31",
    "rating": "10",
    "author": "wein****",
    "review_id": "5458404",
    "movie_id": "10022"
  },
  {
    "review": "전작의 지루한 드라마가 없어 좋았다.",
    "date": "11.05.22",
    "rating": "9",
    "author": "lbj4****",
    "review_id": "5444573",
    "movie_id": "10022"
  },
  {
    "review": "세계 챔피언",
    "date": "11.05.09",
    "rating": "9",
    "author": "pree****",
    "review_id": "5416765",
    "movie_id": "10022"
  },
  {
    "review": "록키시리즈의 절정",
    "date": "11.05.02",
    "rating": "9",
    "author": "mais****",
    "review_id": "5401734",
    "movie_id": "10022"
  },
  {
    "review": "록키1보다100배재미있다.캬~.진짜같애...죽여준다.크아~멋지다.대박..무섭네.ㅎ",
    "date": "11.02.23",
    "rating": "10",
    "author": "zang****",
    "review_id": "5268791",
    "movie_id": "10022"
  }
]