[
  {
    "review": "내인생의 영화ㅠㅠ 그녀는 아름답고 도도하며 당당했다. 그녀 자신과 사랑앞에...",
    "date": "15.08.13",
    "rating": "10",
    "author": "pian****",
    "review_id": "10224589",
    "movie_id": "10020"
  },
  {
    "review": "긴 시간이었지만  절대지루하지않고 여운도많이남는영화",
    "date": "15.07.24",
    "rating": "10",
    "author": "chlg****",
    "review_id": "10136948",
    "movie_id": "10020"
  },
  {
    "review": "영화라는 대중 예술분야의 대명사이자 대표작 10점도 모자란다.",
    "date": "15.07.23",
    "rating": "10",
    "author": "sund****",
    "review_id": "10132850",
    "movie_id": "10020"
  },
  {
    "review": "12살에 이 영화를 처음 봤을때 저는 스칼렛 오하라 비비안리의 매력에 푹 빠졌습니다. 내일은 내일의 태양이 다시 떠오를꺼야! 지금도 잊지 못하는 장면이 너무 많습니다.",
    "date": "15.07.05",
    "rating": "10",
    "author": "leyo****",
    "review_id": "10071162",
    "movie_id": "10020"
  },
  {
    "review": "금수저를 물고 태어났지만 격동의 시대를 보내며 평지풍파를 겪은 철없던 소녀가 강철의 여인으로 다시금 태어나는 모습이 매우 흥미롭다. 다소 긴 영화이긴 하지만 등장인물들이 모두 매력적이고 이야기도 훌륭하다",
    "date": "15.06.29",
    "rating": "10",
    "author": "inos****",
    "review_id": "10053351",
    "movie_id": "10020"
  },
  {
    "review": "비비안 리가 아닌 스칼렛 오하라는 상상이 가지 않고, 또 있어서도 안된다.비비안 리는 그냥 스칼렛 오하라 그 자체였다.",
    "date": "15.06.28",
    "rating": "10",
    "author": "pr5g****",
    "review_id": "10049078",
    "movie_id": "10020"
  },
  {
    "review": "내가제일사랑하는영화",
    "date": "15.06.16",
    "rating": "10",
    "author": "usun****",
    "review_id": "10004961",
    "movie_id": "10020"
  },
  {
    "review": "다시는 배고프지 않게써!!!",
    "date": "15.06.03",
    "rating": "10",
    "author": "darr****",
    "review_id": "9971528",
    "movie_id": "10020"
  },
  {
    "review": "마지막에 \"내일은 내일의 태양이 뜬다\"라는 대사를 날리며 다시 일어서는 스칼렛. 이 결말에 저는 밤잠을 설쳤습니다. 레트를 되찾기 위해 얼마나 많은 남정네들의 가정을 골로보낼까요? 잠이안오더군요. 살면서 이렇게 끔찍한 결말을 가진영화는 본적없습니다.",
    "date": "15.05.24",
    "rating": "10",
    "author": "lggl****",
    "review_id": "9945423",
    "movie_id": "10020"
  },
  {
    "review": "내생에 첫 고전영화. 하나도 안지루했음 왜 이제야 봤을까",
    "date": "15.05.23",
    "rating": "10",
    "author": "ljw9****",
    "review_id": "9940021",
    "movie_id": "10020"
  },
  {
    "review": "다시 봐도, 스무번을 넘게 봐도 명작 중 최고의 명작이다",
    "date": "15.05.23",
    "rating": "10",
    "author": "mars****",
    "review_id": "9939958",
    "movie_id": "10020"
  },
  {
    "review": "어휴 스칼렛  완전 나쁜 녀언.. 욕하면서 봄ㅡㅡ영화는 너무 재밌었음ㅋㅋㅋㅋ",
    "date": "15.05.23",
    "rating": "10",
    "author": "come****",
    "review_id": "9939923",
    "movie_id": "10020"
  },
  {
    "review": "고전영화인데 진짜 재밌다ㅠㅠ",
    "date": "15.05.15",
    "rating": "10",
    "author": "llin****",
    "review_id": "9919148",
    "movie_id": "10020"
  },
  {
    "review": "대작이예요~! 꼭봐야하는 영화",
    "date": "15.05.12",
    "rating": "10",
    "author": "qlst****",
    "review_id": "9913347",
    "movie_id": "10020"
  },
  {
    "review": "간혹 꺼내어 볼 소장용 영화임이 분명하다.이미 50년 전 세상을 떠난 게이블을 사랑하게 되었다.스칼렛 이런 매력있는 여자를 보았나.. 긴 시간 동안 보는 내내 귀여워를 연발했다능..내 생애 최고의 영화!",
    "date": "15.05.02",
    "rating": "10",
    "author": "hana****",
    "review_id": "9886570",
    "movie_id": "10020"
  },
  {
    "review": "비비안 리는 여배우가 되기 위해 태어난 여자 같다",
    "date": "15.04.26",
    "rating": "8",
    "author": "njst****",
    "review_id": "9868888",
    "movie_id": "10020"
  },
  {
    "review": "참으로 좋은 영화라 하지 않을 수 없는 것은 아니지 않습니다.",
    "date": "15.04.19",
    "rating": "10",
    "author": "ewpj****",
    "review_id": "9851882",
    "movie_id": "10020"
  },
  {
    "review": "역사상 가장 훌륭한 영화다!",
    "date": "15.03.14",
    "rating": "10",
    "author": "katy****",
    "review_id": "9782273",
    "movie_id": "10020"
  },
  {
    "review": "바람과 함께 사라지다 치면 한국영화가 먼저 뜨는거 짜증난다-_-",
    "date": "15.03.14",
    "rating": "10",
    "author": "nhht****",
    "review_id": "9781264",
    "movie_id": "10020"
  },
  {
    "review": "천조국 영화의 위엄을 상징하는 바로 그 영화!",
    "date": "15.03.13",
    "rating": "10",
    "author": "pont****",
    "review_id": "9775997",
    "movie_id": "10020"
  },
  {
    "review": "이 영화를 보면서 수많은 감정들이 날 지나가는걸 느낀다.",
    "date": "15.02.27",
    "rating": "10",
    "author": "k_so****",
    "review_id": "9743864",
    "movie_id": "10020"
  },
  {
    "review": "내 인생 최고의 영화... 소설에 빠진 뒤 영화에 엄청난 기대를 걸고 봤는데, 그 기대 이상의 것을 내게 전해준 너무나도 훌륭한 영화",
    "date": "15.02.20",
    "rating": "10",
    "author": "sos9****",
    "review_id": "9715884",
    "movie_id": "10020"
  },
  {
    "review": "20년 전에 처음 봤지만 처음 봤을때의 감동이 고스란이 다시 전해지는 전무후무한 걸작.",
    "date": "15.02.17",
    "rating": "10",
    "author": "ehs1****",
    "review_id": "9705670",
    "movie_id": "10020"
  },
  {
    "review": "이제는 하나의 명작이 되었다.",
    "date": "15.02.16",
    "rating": "10",
    "author": "sieu****",
    "review_id": "9701063",
    "movie_id": "10020"
  },
  {
    "review": "평론가들 조차 인색할 수 없는 영화.",
    "date": "15.02.13",
    "rating": "10",
    "author": "aaro****",
    "review_id": "9692194",
    "movie_id": "10020"
  },
  {
    "review": "중학교 1학년때 본 후 10년이 지난 지금까지도 내 인생 최고의 영화. 다시봐도  역시 최고다.",
    "date": "14.12.22",
    "rating": "10",
    "author": "rlat****",
    "review_id": "9502310",
    "movie_id": "10020"
  },
  {
    "review": "이 작품의 가장 큰 매력은 한치 앞을 볼수 없는 스토리다, 놀랍다75년전 이야기란 사실이... 남자의 오만함도 여자의 당당함도 치명적이다 그들의 내일은 헤피엔딩 이었길 바라면서 ^^",
    "date": "14.11.24",
    "rating": "10",
    "author": "dlgo****",
    "review_id": "9417306",
    "movie_id": "10020"
  },
  {
    "review": "best of best 10",
    "date": "14.11.11",
    "rating": "10",
    "author": "wopy****",
    "review_id": "9371277",
    "movie_id": "10020"
  },
  {
    "review": "고전의 의미란 '겪어야 하는데 바빠서 겪지 못하는 것'이라든데 과연 맞다 싶습니다. 이전부터 봐오고 싶었지만 못본 영화였는데 역시 걸작이더군요. 비비안 리의 아름다운 외모도  단연 돋보이지만 절절한 스토리에 수반되는 레트와 오하라의 감정선이 압권입니다",
    "date": "14.10.19",
    "rating": "10",
    "author": "tomm****",
    "review_id": "9302955",
    "movie_id": "10020"
  },
  {
    "review": "유모는 향단이와 방자를 합친것보다 강력했다",
    "date": "14.10.01",
    "rating": "10",
    "author": "lhd2****",
    "review_id": "9251748",
    "movie_id": "10020"
  },
  {
    "review": "재밌음 마러ㅜ이하ㅓㅇ뤼하ㅓㅇ",
    "date": "14.09.09",
    "rating": "10",
    "author": "dpwl****",
    "review_id": "9195361",
    "movie_id": "10020"
  },
  {
    "review": "내 십대시절부터 쭈욱 마음한켠에 자리잡고 있는 영화. 스칼렛의 마지막 울부짖음이 내내 마음속에 남아 며칠밤 잠을 못 이뤘던 기억이...",
    "date": "14.08.18",
    "rating": "10",
    "author": "jeje****",
    "review_id": "9104804",
    "movie_id": "10020"
  },
  {
    "review": "222분 러닝타임의 클라스",
    "date": "14.08.07",
    "rating": "10",
    "author": "zoos****",
    "review_id": "9047088",
    "movie_id": "10020"
  },
  {
    "review": "그냥..그랬어요.. 몰입이 안된다랄까? 엔딩은좋았음",
    "date": "14.08.01",
    "rating": "2",
    "author": "wjat****",
    "review_id": "8998123",
    "movie_id": "10020"
  },
  {
    "review": "고전영화중 나에게는 사운드오브뮤직, 왕과나와 함께 최고. 의외로 코믹적인 부분도 많고 4시간에 가까운 러닝타임 내내 재미있게 또는 안탑갑게 볼 수 있는 수작. 내일의 태양이 떠오르더라도 후회할 일은 하지말고 옆에 있는 그 사람을 사랑하자~",
    "date": "14.07.28",
    "rating": "10",
    "author": "whia****",
    "review_id": "8973414",
    "movie_id": "10020"
  },
  {
    "review": "진짜 용기있는 사람은 위선적이지 않고 자신의 생각을 있는 그대로 표현할 줄 알고 어려운 환경 속에서 자신의 사랑을 포기하지 않는 사람..",
    "date": "14.07.27",
    "rating": "10",
    "author": "alst****",
    "review_id": "8969944",
    "movie_id": "10020"
  },
  {
    "review": "젤 사랑하는영화이자 존경스런 영화",
    "date": "14.07.05",
    "rating": "10",
    "author": "coya****",
    "review_id": "8886023",
    "movie_id": "10020"
  },
  {
    "review": "비비안리가 정말 매력적인 영화. 영화에 너무 잘 어울려요^^",
    "date": "14.06.28",
    "rating": "10",
    "author": "jjk8****",
    "review_id": "8865092",
    "movie_id": "10020"
  },
  {
    "review": "지금 상영하는 영화들 보다 싼 가격에 봤지만 가치는 그 이상이였습니다.",
    "date": "14.05.19",
    "rating": "10",
    "author": "nine****",
    "review_id": "8746341",
    "movie_id": "10020"
  },
  {
    "review": "말이필요없다.최고의영화",
    "date": "14.05.18",
    "rating": "10",
    "author": "rlaq****",
    "review_id": "8743977",
    "movie_id": "10020"
  },
  {
    "review": "비비안 리를 실제 스크린에서 볼 수있어서 좋았다ㅋ",
    "date": "14.05.17",
    "rating": "10",
    "author": "yjyo****",
    "review_id": "8740686",
    "movie_id": "10020"
  },
  {
    "review": "솔직히 4시간 동안 하나도 지루하지 않았다는건 개오바임. 명성에 비해선 그닥이였다. 사람은 언제나 뒤늦은 깨달음에 후회하게 된다",
    "date": "14.05.12",
    "rating": "6",
    "author": "zxvt****",
    "review_id": "8726794",
    "movie_id": "10020"
  },
  {
    "review": "222분....헐...",
    "date": "14.05.12",
    "rating": "9",
    "author": "ance****",
    "review_id": "8725065",
    "movie_id": "10020"
  },
  {
    "review": "어르신들과 같이본 고전영화 참좋았지만 자막에 오타가 너무 많더라구요~고쳐주셨으면해요.",
    "date": "14.05.06",
    "rating": "8",
    "author": "lind****",
    "review_id": "8710988",
    "movie_id": "10020"
  },
  {
    "review": "스칼렛 때문에 일생을 낭비한 레트바틀러가 한심해 보인다. frankely my dear ,I dont't give a damm(이거 하나 맘에 듬)",
    "date": "14.05.06",
    "rating": "1",
    "author": "whyi****",
    "review_id": "8709516",
    "movie_id": "10020"
  },
  {
    "review": "남녀주 사랑에 몰입이 안돼고 앤딩이 그나미 낫다",
    "date": "14.05.06",
    "rating": "1",
    "author": "redw****",
    "review_id": "8709479",
    "movie_id": "10020"
  },
  {
    "review": "마지막에 레트바틀러가 제정신 차린거 마음에 든다",
    "date": "14.05.05",
    "rating": "1",
    "author": "frui****",
    "review_id": "8704931",
    "movie_id": "10020"
  },
  {
    "review": "내일의 태양은 또 다시 떠오른다.",
    "date": "14.05.04",
    "rating": "10",
    "author": "prot****",
    "review_id": "8702455",
    "movie_id": "10020"
  },
  {
    "review": "4시간영화란걸 믿을수없을 정도. 후반부가 살짝 지루하지만 그래도 몰입가능했다. 예전엔 몰랐는데 스칼렛에게서 토지의 서희를 볼 수 있었다. 비비안의 인크레더블한 매력은 역시! 단, (남부의 백인에게만) 좋았던 옛시절의 향수가 과한 보수이데올로기는 경계.",
    "date": "14.05.02",
    "rating": "9",
    "author": "desc****",
    "review_id": "8694735",
    "movie_id": "10020"
  },
  {
    "review": "벤허니 로마의 휴일이니 오즈의 마법사니 해도 여튼 고전중에는 이게 최고야.재미있고 감동적이고 스케일이 남다르고 좀처럼 잊혀지지가 않는다.",
    "date": "14.04.25",
    "rating": "10",
    "author": "dino****",
    "review_id": "8670654",
    "movie_id": "10020"
  },
  {
    "review": "바람과 함께 사라진 그녀의 당당함과 용감함.뒤늦게 깨달았지만 이미 남편은 떠났다.",
    "date": "14.04.06",
    "rating": "10",
    "author": "fmaq****",
    "review_id": "8631433",
    "movie_id": "10020"
  },
  {
    "review": "말이 필요없는 명작. 처음엔 비비안리의 외모에 빠져보다 대사 하나하나 참 와닿는 영화.",
    "date": "14.04.04",
    "rating": "10",
    "author": "jhbb****",
    "review_id": "8626809",
    "movie_id": "10020"
  },
  {
    "review": "8살때 봤는데 아직도 생각이나요...20년전....   다시 한반 천천히 보고싶네요",
    "date": "14.03.21",
    "rating": "10",
    "author": "noon****",
    "review_id": "8591720",
    "movie_id": "10020"
  },
  {
    "review": "긴 런닝타임이지만 하나도 지루하지 않음.  최고의 명화 !!",
    "date": "14.03.15",
    "rating": "10",
    "author": "tngu****",
    "review_id": "8578613",
    "movie_id": "10020"
  },
  {
    "review": "명작은 명작이다....",
    "date": "14.03.14",
    "rating": "10",
    "author": "fina****",
    "review_id": "8575733",
    "movie_id": "10020"
  },
  {
    "review": "1939년작에 4시간 런타임의 영화를 화장실한번 안가고 봤다는 자체가 이영화의 위대함을 알려준다.",
    "date": "14.03.10",
    "rating": "10",
    "author": "edsy****",
    "review_id": "8567283",
    "movie_id": "10020"
  },
  {
    "review": "희대의 명작 말이 필요없다.  지금도 왠만한 영화보다 월등하다.",
    "date": "14.03.02",
    "rating": "10",
    "author": "adiv****",
    "review_id": "8552409",
    "movie_id": "10020"
  },
  {
    "review": "인생과 시대의 대서사시 역사가 남긴 걸작",
    "date": "14.02.06",
    "rating": "10",
    "author": "rcan****",
    "review_id": "8479138",
    "movie_id": "10020"
  },
  {
    "review": "쓰레기 한쿡영화 따위가 이런 명작과 같은 제목을 쓴다는게 열받는다",
    "date": "14.02.01",
    "rating": "10",
    "author": "ske4****",
    "review_id": "8459664",
    "movie_id": "10020"
  },
  {
    "review": "Gone With The Wind..",
    "date": "14.01.21",
    "rating": "10",
    "author": "alem****",
    "review_id": "8407331",
    "movie_id": "10020"
  },
  {
    "review": "영화를 보니 왜 수작이라고 하는지 알수있었음 긴 러닝타임이 하나도 지루하지 않았던 영화",
    "date": "14.01.08",
    "rating": "10",
    "author": "brig****",
    "review_id": "8359819",
    "movie_id": "10020"
  },
  {
    "review": "노래에 거장이 있듯이 (힙합계 대부 스눕독 처럼) 이 영화는 영화계의 거장이 아닐까 생각된다. 영화의 시초는 아니지만, 장르 상관없이 21세기 모든 영화들의 근본이라고 해도 과언이 아닐 정도.",
    "date": "13.12.23",
    "rating": "10",
    "author": "khhb****",
    "review_id": "8285559",
    "movie_id": "10020"
  },
  {
    "review": "마가렛 미첼님 감사합니다",
    "date": "13.12.22",
    "rating": "10",
    "author": "pbjc****",
    "review_id": "8270271",
    "movie_id": "10020"
  },
  {
    "review": "내 편견을 깬 영화 너무 오래된 영화는 재미없을 것 이라는 CG도 없고 모든게 구식이지만 진정한 영화는 그런건 상관없다는 걸 보여준 영화정말 재밌었다. 게다가 액션,SF을 좋아하는 나안데도 말이다.",
    "date": "13.11.22",
    "rating": "9",
    "author": "mcne****",
    "review_id": "8161153",
    "movie_id": "10020"
  },
  {
    "review": "와 4시간동안 지루하지 않은 영환 첨이다..  스칼렛 오하라 철 없고 이기적이긴 해도 강하고 멋진 여성이라고 생각",
    "date": "13.11.22",
    "rating": "10",
    "author": "polr****",
    "review_id": "8158937",
    "movie_id": "10020"
  },
  {
    "review": "내 생에 가장 심난한 영화. 심난한 지금 이렇게 스케일 큰 심난함을 보니 지금 나의 힘듦이 아무것도 아닌 것 처럼 느껴지기도 하고. 너무 많은 인물이 쉽게 죽어나가니 인생이란게 허무하게 느껴지기도 한다. 4시간 내내 즐거웠다.",
    "date": "13.11.18",
    "rating": "10",
    "author": "uko0****",
    "review_id": "8151367",
    "movie_id": "10020"
  },
  {
    "review": "최고다 정말 여운을 남기게 하는 것도 애틋하게 하는것도요즘 영화와 비교해도 최고다",
    "date": "13.11.09",
    "rating": "10",
    "author": "chzh****",
    "review_id": "8127011",
    "movie_id": "10020"
  },
  {
    "review": "대충 보면 스칼렛은 마냥 철없는 여자이다. 하지만 환경에 굴하지 않는 강인한 의지력과 추진력을 가진 여자이다.",
    "date": "13.11.09",
    "rating": "10",
    "author": "vict****",
    "review_id": "8126453",
    "movie_id": "10020"
  },
  {
    "review": "짱....ㅠㅠ 레트 짱 ㅠㅠ.... 완전 멋잇다",
    "date": "13.11.09",
    "rating": "10",
    "author": "maju****",
    "review_id": "8126210",
    "movie_id": "10020"
  },
  {
    "review": "4시간동안 몰입하면서 볼수 있는 영화가 또 있을까. 보고나서도 가슴이 먹먹하다.",
    "date": "13.11.08",
    "rating": "10",
    "author": "quie****",
    "review_id": "8123367",
    "movie_id": "10020"
  },
  {
    "review": "최고 걍 최고 닥치고 최고 할말없음",
    "date": "13.11.02",
    "rating": "10",
    "author": "mode****",
    "review_id": "8108819",
    "movie_id": "10020"
  },
  {
    "review": "미국판 토지라고 보면 됨. 영화역사상 가장 위대할만하다. 지금봐도 4시간동안 지루한 장면이 하나도 없다. 주조연 모두 다 나오는 장면,대사,스케일,연출력. 다 사랑스럽고 이쁘고 재밌다. 역대 1위 영화답다.",
    "date": "13.10.16",
    "rating": "10",
    "author": "ajho****",
    "review_id": "8063728",
    "movie_id": "10020"
  },
  {
    "review": "로맨스와 전쟁과 여자의 서사시.",
    "date": "13.10.16",
    "rating": "9",
    "author": "sjzm****",
    "review_id": "8062542",
    "movie_id": "10020"
  },
  {
    "review": "내가 34살 평생을 살면서 가장 감명깊게 본 영화...",
    "date": "13.10.07",
    "rating": "10",
    "author": "zmfh****",
    "review_id": "8042260",
    "movie_id": "10020"
  },
  {
    "review": "고전 명화 중 최고의 명화",
    "date": "13.09.27",
    "rating": "10",
    "author": "lgee****",
    "review_id": "8018686",
    "movie_id": "10020"
  },
  {
    "review": "최고의 영화",
    "date": "13.09.24",
    "rating": "10",
    "author": "mooi****",
    "review_id": "8014344",
    "movie_id": "10020"
  },
  {
    "review": "지루하다 너무 고전이라 그런지",
    "date": "13.09.20",
    "rating": "1",
    "author": "qort****",
    "review_id": "8000492",
    "movie_id": "10020"
  },
  {
    "review": ".....",
    "date": "13.09.20",
    "rating": "1",
    "author": "jesi****",
    "review_id": "8000487",
    "movie_id": "10020"
  },
  {
    "review": "감동적이고 감명깊은 영화.. 명배우와 명영화.. 끝부분의 대사 정말 좋다..",
    "date": "13.09.05",
    "rating": "10",
    "author": "remi****",
    "review_id": "7950334",
    "movie_id": "10020"
  },
  {
    "review": "이제서야 접하네요... 보고 싶었던 영화 였는데...ㅎㅎ",
    "date": "13.08.23",
    "rating": "10",
    "author": "mirj****",
    "review_id": "7914134",
    "movie_id": "10020"
  },
  {
    "review": "제일  사랑하는 영화",
    "date": "13.08.20",
    "rating": "10",
    "author": "jiyo****",
    "review_id": "7906474",
    "movie_id": "10020"
  },
  {
    "review": "이 영화가 과대평가된 영화라는건 뭐지. 1939년 제작 1940년 미국 개봉.인플레이션 감안 역대 압도적 흥행 1위.73년이 지난 지금도 공감가는 명대사들과 확실한 교훈.4시간의 긴 런타임동안 조금의 지루함도 느껴지지 않는 전개.",
    "date": "13.08.20",
    "rating": "10",
    "author": "vic4****",
    "review_id": "7905611",
    "movie_id": "10020"
  },
  {
    "review": "명불허전.. 스토리도 좋았고 주인공들도 너무 매력적이었다.",
    "date": "13.08.12",
    "rating": "10",
    "author": "hayo****",
    "review_id": "7874047",
    "movie_id": "10020"
  },
  {
    "review": "진짜로 명작인것같다 그리고 비비안리는 놀랍정도로 예쁘다",
    "date": "13.08.11",
    "rating": "10",
    "author": "kyun****",
    "review_id": "7869042",
    "movie_id": "10020"
  },
  {
    "review": "영화에 드러난 캐릭터와 메세지가 너무나도 현실적이고 인간이 존재하는 한 어느세계에서든 공감할 만한 기쁨, 슬픔, 질투등의 복합적인 감정으로 이루어져 있다. 스칼렛은 영화 역사상 최고의 여성 캐릭터 중 한명이라고 말하고 싶다.",
    "date": "13.08.07",
    "rating": "10",
    "author": "jys4****",
    "review_id": "7854703",
    "movie_id": "10020"
  },
  {
    "review": "소설도 영화도 제일 최고..",
    "date": "13.07.28",
    "rating": "10",
    "author": "sola****",
    "review_id": "7795318",
    "movie_id": "10020"
  },
  {
    "review": "명작이긴해도 곳곳에 백인우월주의가 보이고 어여쁜 비비안리외에는 그다지볼만하지 않았다.",
    "date": "13.07.21",
    "rating": "7",
    "author": "sinj****",
    "review_id": "7769978",
    "movie_id": "10020"
  },
  {
    "review": "고전 명작 중 가히 최고라고 말할 수 있는 작품이네요. 온갖 시련을 겪어도 끝까지 희망을 잃지 않는 강인한 스칼렛이 너무 부러웠어요. 의상 덕분에 눈도 즐거웠고 시대적 배경인 남북전쟁에 대해서도 잘 표현해준 것 같아요.",
    "date": "13.07.17",
    "rating": "10",
    "author": "i_05****",
    "review_id": "7751803",
    "movie_id": "10020"
  },
  {
    "review": "전 세계인들을 아직도 감동주는 최고의 클래식 영화.  어떻게 그 당시에 이런 영화를 만들수 있었을까?",
    "date": "13.07.15",
    "rating": "10",
    "author": "pete****",
    "review_id": "7744415",
    "movie_id": "10020"
  },
  {
    "review": "레트 넘 좋앙...ㅎㅎㅎ",
    "date": "13.07.08",
    "rating": "10",
    "author": "slvi****",
    "review_id": "7716468",
    "movie_id": "10020"
  },
  {
    "review": "인간의 모든 이면을 보여주는 영화이다사랑과 질투 탐욕  모든걸 스칼렛이라는 여자로 모든걸 표현한 영화",
    "date": "13.05.21",
    "rating": "10",
    "author": "acea****",
    "review_id": "7545983",
    "movie_id": "10020"
  },
  {
    "review": "개인적으로 너무 길어 지루함. 하지만 의미는 있는. 고전 명작.",
    "date": "13.05.15",
    "rating": "7",
    "author": "liqu****",
    "review_id": "7529519",
    "movie_id": "10020"
  },
  {
    "review": "오래된 영화인데도 불구하고 몇 번을 다시봐도 재미있고 더 잘 이해하게된다. 장 시간의 영화임에도 몰입되며 완성도가 높다. 시대를 띄어넘는 최고의 걸작.",
    "date": "13.05.11",
    "rating": "10",
    "author": "didt****",
    "review_id": "7520330",
    "movie_id": "10020"
  },
  {
    "review": "방법을 찾지못해서 9점. 아쉬워서 9점 불쌍해서 9점 스칼렛이 미워서 9점  안됫다 철없는 여인 .. 그리고 그여인을 사랑해준 남자 ....",
    "date": "13.04.30",
    "rating": "9",
    "author": "yte7****",
    "review_id": "7495278",
    "movie_id": "10020"
  },
  {
    "review": "[아카데미]1940년12회 작품,여우주연,여우조연,감독,각색,촬영,미술,편집 8개부문수상작.1939년 우리나라일제강점기때 제작됐는데 컬러영화로 제작되었다.(로마의휴일이1953년제작됐는데 흑백이었다) 비비안리의 강한여성상과 사랑과 갈등을나타낸 영화이다.",
    "date": "13.04.23",
    "rating": "10",
    "author": "new7****",
    "review_id": "7476011",
    "movie_id": "10020"
  },
  {
    "review": "마지막의 스칼렛이 싫지 않더라는",
    "date": "13.04.12",
    "rating": "9",
    "author": "chs_****",
    "review_id": "7452073",
    "movie_id": "10020"
  },
  {
    "review": "영화를 보는 4시간 동안 전혀 지루하지 않았다.!! 1937년도에 이런 명작을 만들었다니, 정말 놀라울 따름이다.",
    "date": "13.04.10",
    "rating": "10",
    "author": "xeww****",
    "review_id": "7447096",
    "movie_id": "10020"
  },
  {
    "review": "비비안 리도 물론 아름답지만, 클라크 케이블의 매력때문에 더 성공했던건 아닐까?",
    "date": "13.04.04",
    "rating": "10",
    "author": "hhg7****",
    "review_id": "7434356",
    "movie_id": "10020"
  },
  {
    "review": "After all, tomorrow is another day.",
    "date": "13.03.13",
    "rating": "9",
    "author": "hll0****",
    "review_id": "7345100",
    "movie_id": "10020"
  },
  {
    "review": "정말 대단하고 위대한 영화다 절대 패배를 인정 하지않고 내일을 두려워하지 않으며 어떤 상황에서도 희망으로 가득채우는 여주인공 스토리와 연출에서 전혀 진부함을 찾아볼수 없고 고전 명작의 위풍을 제대로보여준 영화 .",
    "date": "13.03.11",
    "rating": "10",
    "author": "zmfh****",
    "review_id": "7341361",
    "movie_id": "10020"
  }
]