[
  {
    "review_id": "8849288",
    "movie_id": "100398",
    "author": "leeh****",
    "review": "아주 수준있는 한국드라마",
    "rating": "10",
    "date": "14.06.23"
  },
  {
    "review_id": "7771189",
    "movie_id": "100398",
    "author": "prec****",
    "review": "좀 떠라",
    "rating": "10",
    "date": "13.07.21"
  },
  {
    "review_id": "7736846",
    "movie_id": "100398",
    "author": "teul****",
    "review": "헐.. 하얀거탑 2명이나 나왔넼ㅋㅋㅋㅋ  메가스터디 홍상일 쌤하곸ㅋ부원장님 나오셨넼ㅋㅋㅋㅋ",
    "rating": "10",
    "date": "13.07.13"
  },
  {
    "review_id": "7558558",
    "movie_id": "100398",
    "author": "kej2****",
    "review": "조기종영이 너무 아쉬운 드라마..ㅠㅠㅠㅠ",
    "rating": "10",
    "date": "13.05.27"
  },
  {
    "review_id": "7510752",
    "movie_id": "100398",
    "author": "tmfq****",
    "review": "정말로아까운드라마네요  연기역은짱인데  너무너무아깝네요",
    "rating": "10",
    "date": "13.05.05"
  },
  {
    "review_id": "7497280",
    "movie_id": "100398",
    "author": "lee8****",
    "review": "정말 재밌는데..ㅠㅠ왜 조기종영이냐고요~",
    "rating": "9",
    "date": "13.05.01"
  },
  {
    "review_id": "7482935",
    "movie_id": "100398",
    "author": "xodi****",
    "review": "조기종영ㅠㅠ이런 잼있는드라마를 왜 ...",
    "rating": "10",
    "date": "13.04.26"
  },
  {
    "review_id": "7477566",
    "movie_id": "100398",
    "author": "happ****",
    "review": "정말 고급드라마인데  조기종영이라니 안타깝네요",
    "rating": "10",
    "date": "13.04.24"
  },
  {
    "review_id": "7473775",
    "movie_id": "100398",
    "author": "diji****",
    "review": "뭐시라? 조기종영? 이것들이. .",
    "rating": "10",
    "date": "13.04.21"
  },
  {
    "review_id": "7471910",
    "movie_id": "100398",
    "author": "pana****",
    "review": "왜 조기종영이지?ㅜ 시즌제로 갑시다",
    "rating": "10",
    "date": "13.04.21"
  },
  {
    "review_id": "7460611",
    "movie_id": "100398",
    "author": "yuks****",
    "review": "평점 주고 싶어서 드라마 검색한 적은 처음이네요. 매 회 스케일도 커지고 워낙 사실적이라 더 긴장하고 본 것 같아요. 명품배우들에, 잘 짜인 스토리를 갖고도 결국 시청률 때문에 이런 수작이 조기종영이라는 수모를 당하네요. 저는 끝까지 본방사수 할게요.",
    "rating": "10",
    "date": "13.04.15"
  },
  {
    "review_id": "7459633",
    "movie_id": "100398",
    "author": "sung****",
    "review": "오랜만에 볼만한. 드라마",
    "rating": "10",
    "date": "13.04.14"
  },
  {
    "review_id": "7456995",
    "movie_id": "100398",
    "author": "rhoy****",
    "review": "사실 재밌는데 일반시청자가 시청하기에는 너무 모르는얼굴들이많은것같다 난 다시보기로  다보고있어  모르는얼굴들  신선하시만..  암튼 재밌게보고있네요",
    "rating": "9",
    "date": "13.04.13"
  },
  {
    "review_id": "7454326",
    "movie_id": "100398",
    "author": "seol****",
    "review": "재밌게보는 드라마인데 12회로 줄었네요 아쉽ㅠㅠ",
    "rating": "10",
    "date": "13.04.12"
  },
  {
    "review_id": "7453994",
    "movie_id": "100398",
    "author": "wonh****",
    "review": "굿",
    "rating": "10",
    "date": "13.04.12"
  },
  {
    "review_id": "7448168",
    "movie_id": "100398",
    "author": "rjeo****",
    "review": "볼만한 드라마??집중도 짱ㅡㅡㅡ",
    "rating": "10",
    "date": "13.04.10"
  },
  {
    "review_id": "7442584",
    "movie_id": "100398",
    "author": "wax2****",
    "review": "첫회부터 토,일 볼만한 드라마!스토리,출연진들 넘 신선하고 윤제문씨 매력에 빠지다.넘 재밌어요! 담주 어찌 기다리나~~~~",
    "rating": "10",
    "date": "13.04.07"
  },
  {
    "review_id": "7441964",
    "movie_id": "100398",
    "author": "ehdt****",
    "review": "정말 내가본 드라마중에 최고다.윤제문씨 정말 최고의 연기자인듯",
    "rating": "10",
    "date": "13.04.07"
  },
  {
    "review_id": "7439842",
    "movie_id": "100398",
    "author": "ck03****",
    "review": "늘 본방사수 합니다넘 잼나요~^^",
    "rating": "9",
    "date": "13.04.06"
  },
  {
    "review_id": "7436535",
    "movie_id": "100398",
    "author": "mins****",
    "review": "진짜재미있어요^^ 하루에두편씩ㅎ 더바이러스보다 훨씬재미남",
    "rating": "10",
    "date": "13.04.05"
  },
  {
    "review_id": "7432613",
    "movie_id": "100398",
    "author": "soon****",
    "review": "완전 최고!종편채널이라 언제하는지몰라 못보다가 한번에 6편까지 다운받아보는데 시간가는줄모르고 보고있다아직초반인데 이거 대박이다!",
    "rating": "10",
    "date": "13.04.03"
  },
  {
    "review_id": "7432002",
    "movie_id": "100398",
    "author": "odjs****",
    "review": "완전 재밌는 최강의 드라마.",
    "rating": "10",
    "date": "13.04.03"
  },
  {
    "review_id": "7430732",
    "movie_id": "100398",
    "author": "nams****",
    "review": "볼수록빠져드는드라마인것같아요!!강추합니다!!",
    "rating": "10",
    "date": "13.04.02"
  },
  {
    "review_id": "7424202",
    "movie_id": "100398",
    "author": "eoxn****",
    "review": "오늘도 장난아니다 정말 보는내내 시간가는줄 모르고 봤음 어 떻게 다음회가 나올수록 더 재밌냐 심장이 쫄깃쫄깃 해지는 느 낌 ㅜ",
    "rating": "10",
    "date": "13.03.30"
  },
  {
    "review_id": "7424199",
    "movie_id": "100398",
    "author": "lhh5****",
    "review": "말이 필요없는 대작. 갈수록 빠져든다.  천년만년 소장하고 싶은 작품.",
    "rating": "10",
    "date": "13.03.30"
  },
  {
    "review_id": "7424194",
    "movie_id": "100398",
    "author": "byun****",
    "review": "어기영 너무해ㅠㅠ예고편도 재미있는 다음이야기 너무 궁금하다",
    "rating": "10",
    "date": "13.03.30"
  },
  {
    "review_id": "7424174",
    "movie_id": "100398",
    "author": "4710****",
    "review": "완전 재밌음!!!!!! 극본 탄탄 워낙에 원작이 좋으니 ㅠㅠ 게다가 연극배우들의 호연연출도 너무 좋아요 종편의 좋은예날림편집도 아니고 생방송으로 찍는 것도 아니고진짜 예상외 고퀄리티",
    "rating": "10",
    "date": "13.03.30"
  },
  {
    "review_id": "7424150",
    "movie_id": "100398",
    "author": "trut****",
    "review": "와 진짜 흥미진진ㅎㅎ 낼꺼도 궁금하다 ㅠ",
    "rating": "10",
    "date": "13.03.30"
  },
  {
    "review_id": "7423978",
    "movie_id": "100398",
    "author": "nak0****",
    "review": "하얀거탑보다 더 재밌다ㅠ",
    "rating": "10",
    "date": "13.03.30"
  },
  {
    "review_id": "7412744",
    "movie_id": "100398",
    "author": "sane****",
    "review": "스토리 탄탄하고 넘 재밌네요...자꾸 기다려져서힘들어요.. 정말 최고!!",
    "rating": "10",
    "date": "13.03.26"
  },
  {
    "review_id": "7412055",
    "movie_id": "100398",
    "author": "tact****",
    "review": "다른건 모르겠고 봐봐라. 진짜 걸작이자 명작이다. 소재의특성상 시청률이 안나오는게 이렇게 안타까운적은 처음이다.",
    "rating": "10",
    "date": "13.03.26"
  },
  {
    "review_id": "7409409",
    "movie_id": "100398",
    "author": "ppta****",
    "review": "대박  진짜 시간 가는지 모르게 보게 됨 종편이라고 깔게 아니라 이런 시도는 공중파에서 좀 배워야할듯",
    "rating": "10",
    "date": "13.03.25"
  },
  {
    "review_id": "7409018",
    "movie_id": "100398",
    "author": "woon****",
    "review": "몰입도가 장난아닙니다. 블록버스터 저리가라~네요. Jtbc 무자식상팔자 이후 또 대박칠듯. 아이템도 신선함.",
    "rating": "10",
    "date": "13.03.25"
  },
  {
    "review_id": "7402934",
    "movie_id": "100398",
    "author": "kara****",
    "review": "최고최고! 더이상 말이필요없이 한시간내내 심장터질듯!",
    "rating": "10",
    "date": "13.03.23"
  },
  {
    "review_id": "7397150",
    "movie_id": "100398",
    "author": "cyc3****",
    "review": "굳ㅋ",
    "rating": "10",
    "date": "13.03.22"
  },
  {
    "review_id": "7397146",
    "movie_id": "100398",
    "author": "jmy6****",
    "review": "재밌다ㅎ",
    "rating": "10",
    "date": "13.03.22"
  },
  {
    "review_id": "7397141",
    "movie_id": "100398",
    "author": "chlw****",
    "review": "윤제문짱",
    "rating": "10",
    "date": "13.03.22"
  },
  {
    "review_id": "7396587",
    "movie_id": "100398",
    "author": "fish****",
    "review": "뭐지",
    "rating": "1",
    "date": "13.03.22"
  },
  {
    "review_id": "7358383",
    "movie_id": "100398",
    "author": "tlsg****",
    "review": "모...못봤는데?",
    "rating": "10",
    "date": "13.03.17"
  }
]