[
  {
    "review_id": "8811984",
    "movie_id": "100304",
    "author": "yeon****",
    "review": "이때 완전 재밌게봤는데..!!",
    "rating": "10",
    "date": "14.06.08"
  },
  {
    "review_id": "8198626",
    "movie_id": "100304",
    "author": "dkss****",
    "review": "요즘 일밤이 너무 재밌네용 ㅎ..ㅎ",
    "rating": "10",
    "date": "13.12.08"
  },
  {
    "review_id": "8122608",
    "movie_id": "100304",
    "author": "deff****",
    "review": "원조 [일요일 일요일 밤에]의 이름만으로도 대단하다고 할수 있지... 아빠 어디가와 진짜 사나이로 어느 정도 명예 회복을 하지 않았나 싶네",
    "rating": "8",
    "date": "13.11.07"
  },
  {
    "review_id": "7952968",
    "movie_id": "100304",
    "author": "poom****",
    "review": "아니요",
    "rating": "1",
    "date": "13.09.06"
  },
  {
    "review_id": "7478948",
    "movie_id": "100304",
    "author": "baks****",
    "review": "1빠다~(웃음)지아야~이옵빠한테 시집올꺼지?",
    "rating": "10",
    "date": "13.04.24"
  }
]