[
  {
    "review": "여름에 보면 정말 시원한 액션 어드벤처 명작",
    "date": "15.08.17",
    "rating": "10",
    "author": "dene****",
    "review_id": "10246913",
    "movie_id": "10034"
  },
  {
    "review": "해리슨 포드 연기력은 클라스가 달랐다",
    "date": "15.07.20",
    "rating": "8",
    "author": "kenn****",
    "review_id": "10123868",
    "movie_id": "10034"
  },
  {
    "review": "진짜 완전 명작  초반에는 그저 그런데 갈수록 끝내준다.",
    "date": "15.07.07",
    "rating": "10",
    "author": "pc59****",
    "review_id": "10078456",
    "movie_id": "10034"
  },
  {
    "review": "개연성과 아동용 영화인듯한 스토리가 아쉬우나 여전한 재미",
    "date": "15.05.25",
    "rating": "7",
    "author": "rcan****",
    "review_id": "9947842",
    "movie_id": "10034"
  },
  {
    "review": "추억의 작품이자 완벽한 속편.",
    "date": "15.04.30",
    "rating": "10",
    "author": "ajtw****",
    "review_id": "9879537",
    "movie_id": "10034"
  },
  {
    "review": "정말 역사에 남을 만한 명작들이다!!",
    "date": "15.04.03",
    "rating": "10",
    "author": "ske4****",
    "review_id": "9823999",
    "movie_id": "10034"
  },
  {
    "review": "인디아나존스 시리즈는 원해 다 재밌나?",
    "date": "15.02.24",
    "rating": "10",
    "author": "ndho****",
    "review_id": "9734142",
    "movie_id": "10034"
  },
  {
    "review": "영화는 재밌었지만 영국식민지배 옹호하는 관점은 정말 불편했다",
    "date": "15.02.22",
    "rating": "6",
    "author": "kuss****",
    "review_id": "9727237",
    "movie_id": "10034"
  },
  {
    "review": "명작이다. 지금 봐도 대단하다. 역시 스티븐 스필버그!!!",
    "date": "15.02.19",
    "rating": "10",
    "author": "jule****",
    "review_id": "9713045",
    "movie_id": "10034"
  },
  {
    "review": "레일씬 등 풍부한 볼거리로 무장한 시리즈의 최고봉",
    "date": "15.01.09",
    "rating": "9",
    "author": "goms****",
    "review_id": "9576590",
    "movie_id": "10034"
  },
  {
    "review": "진짜재밋다ㅋㅋ 근데어린애들이 보면 진짜무서울듯ㅋㅋ나도무서웠다 ㅋㅋ ㄹㅇ 스릴감 굿",
    "date": "15.01.02",
    "rating": "10",
    "author": "phs4****",
    "review_id": "9550433",
    "movie_id": "10034"
  },
  {
    "review": "트레저헌터 소재의 영화나 게임에는 인디아나 존스, 미이라(...?), 툼레이더, 언차티드가 있고 전부 명작이지만 역사는 인디아나 존스가 가장깊고 이것 없었음 미이라나 툼레이더도 없었다",
    "date": "14.12.30",
    "rating": "10",
    "author": "hsut****",
    "review_id": "9538787",
    "movie_id": "10034"
  },
  {
    "review": "4편 빼고 시리즈 중 가장 과장 됬지만 그래도 진짜 명작임. 특히 식사할때",
    "date": "14.12.21",
    "rating": "9",
    "author": "igel****",
    "review_id": "9499022",
    "movie_id": "10034"
  },
  {
    "review": "진짜 초등학교때 나홀로집에와 함께 최고의 영화였음. ㅠㅠ 감동. 그 주제곡은 잊을수가 없음.",
    "date": "14.12.03",
    "rating": "10",
    "author": "saro****",
    "review_id": "9442522",
    "movie_id": "10034"
  },
  {
    "review": "85년작이지만 왠만한 영화보다 재미있음",
    "date": "14.11.21",
    "rating": "7",
    "author": "adiv****",
    "review_id": "9408043",
    "movie_id": "10034"
  },
  {
    "review": "동양에 대한 차별과 편견으로만 가득한 불편한 시리즈.",
    "date": "14.11.13",
    "rating": "6",
    "author": "hyuk****",
    "review_id": "9380350",
    "movie_id": "10034"
  },
  {
    "review": "잊지 못할 영화.,.,",
    "date": "14.11.04",
    "rating": "10",
    "author": "kem1****",
    "review_id": "9340404",
    "movie_id": "10034"
  },
  {
    "review": "유치한 면이 없지 않으나 역시 레전드.",
    "date": "14.10.24",
    "rating": "9",
    "author": "ykdi****",
    "review_id": "9314006",
    "movie_id": "10034"
  },
  {
    "review": "전편과 견주어도 손색이 없을 액션 장면들이 가득하고 여전히 재밌지만, 현재 관점에서 보면 오리엔탈리즘이 너무 강해서 다소 불편한 장면들이 없진 않다.",
    "date": "14.09.16",
    "rating": "7",
    "author": "zxc1****",
    "review_id": "9218269",
    "movie_id": "10034"
  },
  {
    "review": "진심 4편까지 다봣는데 겁나재밋오....",
    "date": "14.09.11",
    "rating": "10",
    "author": "mal9****",
    "review_id": "9204529",
    "movie_id": "10034"
  },
  {
    "review": "인디아나존스는 이젠 전설이지..",
    "date": "14.08.03",
    "rating": "10",
    "author": "jere****",
    "review_id": "9012498",
    "movie_id": "10034"
  },
  {
    "review": "옛날영화지만 지금봐도 재밌음",
    "date": "14.07.31",
    "rating": "10",
    "author": "sein****",
    "review_id": "8992853",
    "movie_id": "10034"
  },
  {
    "review": "아무리 옛날 영화라지만 평점너무 과하게준듯....",
    "date": "14.07.29",
    "rating": "1",
    "author": "qwer****",
    "review_id": "8979260",
    "movie_id": "10034"
  },
  {
    "review": "숨이 막히고 속옷 마저 젖어드는 흥분의 연속 <인디애나 죤스>ㅋㅋ",
    "date": "14.07.07",
    "rating": "10",
    "author": "arti****",
    "review_id": "8894393",
    "movie_id": "10034"
  },
  {
    "review": "진짜 이 영화 별로든데...",
    "date": "14.06.15",
    "rating": "1",
    "author": "hang****",
    "review_id": "8830873",
    "movie_id": "10034"
  },
  {
    "review": "전편보다 나은 후속작!",
    "date": "14.06.14",
    "rating": "10",
    "author": "huns****",
    "review_id": "8829006",
    "movie_id": "10034"
  },
  {
    "review": "무슨 말이 더 필요하겠는가,,",
    "date": "14.06.06",
    "rating": "9",
    "author": "fghy****",
    "review_id": "8802537",
    "movie_id": "10034"
  },
  {
    "review": "전편보다도 더욱 잘만들었다! 80년대 영화라는게 그저 놀랍다.",
    "date": "14.06.03",
    "rating": "10",
    "author": "rode****",
    "review_id": "8791560",
    "movie_id": "10034"
  },
  {
    "review": "인디아나 존스 시리즈는 어드벤쳐 놀이동산에 온듯한 느낌을 들게 해준다.",
    "date": "14.05.15",
    "rating": "10",
    "author": "cult****",
    "review_id": "8734620",
    "movie_id": "10034"
  },
  {
    "review": "88열차 기분의 트레일신과 다리신이 압권.84년에 이런 수준이..",
    "date": "14.05.05",
    "rating": "9",
    "author": "cred****",
    "review_id": "8707419",
    "movie_id": "10034"
  },
  {
    "review": "80년대 이 정도면 굉장하네요. 어렸을때 많이 봤는데..지금 보면 물론 아쉬운점이 있을수도 있지만 이 정도면 수작.",
    "date": "14.05.03",
    "rating": "7",
    "author": "ehwj****",
    "review_id": "8698044",
    "movie_id": "10034"
  },
  {
    "review": "너무 재미있어요.신나는 모험",
    "date": "14.04.24",
    "rating": "10",
    "author": "dent****",
    "review_id": "8670302",
    "movie_id": "10034"
  },
  {
    "review": "음 인디아나존스 시리즈 다 재밌는거 같다 ..",
    "date": "14.04.16",
    "rating": "9",
    "author": "sksm****",
    "review_id": "8653905",
    "movie_id": "10034"
  },
  {
    "review": "지금봐도 멋진 구성. 좋은 호흡.",
    "date": "14.03.10",
    "rating": "8",
    "author": "pigo****",
    "review_id": "8566990",
    "movie_id": "10034"
  },
  {
    "review": "몇 안되는 전편보다 재미있는 속편.아직도 이 영화는 볼만하다는..",
    "date": "14.01.27",
    "rating": "10",
    "author": "a109****",
    "review_id": "8435469",
    "movie_id": "10034"
  },
  {
    "review": "무슨 설명이 필요하냐. 어드벤쳐 영화의 교과서!이후 아류작들이 넘쳐나왔지만 이 거대한 산을 넘은 영화는 아직도 없다.",
    "date": "14.01.21",
    "rating": "10",
    "author": "dwko****",
    "review_id": "8406110",
    "movie_id": "10034"
  },
  {
    "review": "사건이 꼬리를 물고 계속 이어지는 게 기가 찰 정도로 잘 만들었다.",
    "date": "14.01.11",
    "rating": "10",
    "author": "aren****",
    "review_id": "8371247",
    "movie_id": "10034"
  },
  {
    "review": "쓰릴이넘치고,손에땀을 쥐게하는 영화오굿굿굿",
    "date": "13.12.27",
    "rating": "10",
    "author": "tjd1****",
    "review_id": "8311473",
    "movie_id": "10034"
  },
  {
    "review": "원숭이 골 디저트의 매력..",
    "date": "13.12.18",
    "rating": "9",
    "author": "pont****",
    "review_id": "8221833",
    "movie_id": "10034"
  },
  {
    "review": "안보면 후회할 영화다!",
    "date": "13.12.07",
    "rating": "9",
    "author": "zxvt****",
    "review_id": "8197521",
    "movie_id": "10034"
  },
  {
    "review": "전설의 어드벤쳐 영화!",
    "date": "13.11.29",
    "rating": "9",
    "author": "thel****",
    "review_id": "8176995",
    "movie_id": "10034"
  },
  {
    "review": "말이 필요 없는 영화 명불허전 명작",
    "date": "13.11.13",
    "rating": "10",
    "author": "534k****",
    "review_id": "8135789",
    "movie_id": "10034"
  },
  {
    "review": "영화만 보면 재밌지만, 동양을 혐오스럽고 기괴한 것으로 묘사한건 마음에 들지 않는다.",
    "date": "13.11.09",
    "rating": "7",
    "author": "wlgh****",
    "review_id": "8125662",
    "movie_id": "10034"
  },
  {
    "review": "그냥 단순하게 보면 괜찮아유.",
    "date": "13.10.10",
    "rating": "5",
    "author": "real****",
    "review_id": "8051363",
    "movie_id": "10034"
  },
  {
    "review": "영화계의 거장 스티븐 스필버그와 조지 루카스,  명배우 해리슨 포드! 이들의 조합은 금세기 최고의 어드벤쳐 영화를 만들어냈으며, 지금까지도 모험의 교과서로 알려져 있다. 어렸을 적, 광팬이었다. 지금 봐도, 진짜 훌륭하다. 80년대라는 것이 대단하다",
    "date": "13.08.29",
    "rating": "10",
    "author": "mkp2****",
    "review_id": "7933219",
    "movie_id": "10034"
  },
  {
    "review": "전편보다 나은 후편. 역시 스필버그",
    "date": "13.08.22",
    "rating": "10",
    "author": "choc****",
    "review_id": "7911985",
    "movie_id": "10034"
  },
  {
    "review": "주인공이 너무 무적이다",
    "date": "13.08.08",
    "rating": "1",
    "author": "mara****",
    "review_id": "7860552",
    "movie_id": "10034"
  },
  {
    "review": "재밌네요!!!!!!!!!!!!",
    "date": "13.07.29",
    "rating": "10",
    "author": "goge****",
    "review_id": "7798497",
    "movie_id": "10034"
  },
  {
    "review": "액션어드벤처의 정수!",
    "date": "13.07.26",
    "rating": "8",
    "author": "gudu****",
    "review_id": "7788667",
    "movie_id": "10034"
  },
  {
    "review": "말이 필요없는 역대 최고의모험 액션 영화제정말 재미있게 봤다잉아씨 또 지르고 싶네 ㅋㅋ",
    "date": "13.07.24",
    "rating": "10",
    "author": "yyho****",
    "review_id": "7779963",
    "movie_id": "10034"
  },
  {
    "review": "첫번째 시리즈에 뒤쳐지지않는 재미",
    "date": "13.07.19",
    "rating": "10",
    "author": "qkrt****",
    "review_id": "7760639",
    "movie_id": "10034"
  },
  {
    "review": "30년이 다 된 영화지만 구성 면에선 지금 영화 대비 뒤떨어지지 않는다..",
    "date": "13.07.14",
    "rating": "8",
    "author": "blue****",
    "review_id": "7739710",
    "movie_id": "10034"
  },
  {
    "review": "이야...이게 85년 작이었내?? 소름돋는다 정말 ... 이건 또봐도 또봐도 잼나고 보물찾는 영화들의 시초이지... 별 10개가 아깝다 20개는 없나",
    "date": "13.07.04",
    "rating": "10",
    "author": "diet****",
    "review_id": "7703556",
    "movie_id": "10034"
  },
  {
    "review": "시리즈중엔 이게 갑이지...",
    "date": "13.06.19",
    "rating": "10",
    "author": "ehpt****",
    "review_id": "7657184",
    "movie_id": "10034"
  },
  {
    "review": "2013년 지금봐도 재밌네...어떻게 이 구성 이 스토리 액션 85년에 이런 영화를 만들다니 놀랍다",
    "date": "13.05.15",
    "rating": "10",
    "author": "crea****",
    "review_id": "7529658",
    "movie_id": "10034"
  },
  {
    "review": "멘트가 재밋음 ㅋ",
    "date": "13.03.10",
    "rating": "10",
    "author": "emin****",
    "review_id": "7337527",
    "movie_id": "10034"
  },
  {
    "review": "와...1984년 작품이라니....크...",
    "date": "13.03.02",
    "rating": "10",
    "author": "spar****",
    "review_id": "7317144",
    "movie_id": "10034"
  },
  {
    "review": "인도사람들이 딱정벌레랑 뱀 원숭이 골수를 맛있게 먹는거 보고 기겁을 했지만 시리즈중 제일 재밌다.",
    "date": "13.02.09",
    "rating": "9",
    "author": "wild****",
    "review_id": "7242069",
    "movie_id": "10034"
  },
  {
    "review": "인디아나 존스 시리즈 중 젤 재미없는거 같지만 그래도 재밌다.",
    "date": "13.02.02",
    "rating": "8",
    "author": "chba****",
    "review_id": "7210668",
    "movie_id": "10034"
  },
  {
    "review": "재밌음!!",
    "date": "13.01.30",
    "rating": "10",
    "author": "ches****",
    "review_id": "7196855",
    "movie_id": "10034"
  },
  {
    "review": "유치한 매력(?)",
    "date": "13.01.30",
    "rating": "6",
    "author": "46to****",
    "review_id": "7194929",
    "movie_id": "10034"
  },
  {
    "review": "재밌음 ㅋ",
    "date": "13.01.27",
    "rating": "10",
    "author": "cj91****",
    "review_id": "7185377",
    "movie_id": "10034"
  },
  {
    "review": "ㅎㅎ 진짜 너무 재밋게본듯",
    "date": "13.01.26",
    "rating": "10",
    "author": "jenn****",
    "review_id": "7177785",
    "movie_id": "10034"
  },
  {
    "review": "시리즈중 제일 재밌다",
    "date": "13.01.17",
    "rating": "10",
    "author": "sunn****",
    "review_id": "7125328",
    "movie_id": "10034"
  },
  {
    "review": "솔직히 말하자면 전작보단 못합니다",
    "date": "13.01.17",
    "rating": "8",
    "author": "bmf1****",
    "review_id": "7125312",
    "movie_id": "10034"
  },
  {
    "review": "어릴적 친구녀석들과 극장맨앞에서 너무재미있어서 입벌리고 보던 추억ㅎㅎ 벌써 마흔이구나ㅠ",
    "date": "13.01.17",
    "rating": "10",
    "author": "barb****",
    "review_id": "7124993",
    "movie_id": "10034"
  },
  {
    "review": "케이트 캡쇼 할머니 저 때는 섹쉬했는데...",
    "date": "13.01.05",
    "rating": "10",
    "author": "jhh1****",
    "review_id": "7084484",
    "movie_id": "10034"
  },
  {
    "review": "시리즈 중 제일 재미있음. 후반부 액션씬은 시대를 감안했을때 정말 대단.",
    "date": "12.12.29",
    "rating": "9",
    "author": "virt****",
    "review_id": "7058246",
    "movie_id": "10034"
  },
  {
    "review": "추억을 회상시키는 모험영화!",
    "date": "12.12.23",
    "rating": "9",
    "author": "dlwl****",
    "review_id": "7034762",
    "movie_id": "10034"
  },
  {
    "review": "ㅂ봐도 봐도 재밌음",
    "date": "12.12.09",
    "rating": "10",
    "author": "vero****",
    "review_id": "6988458",
    "movie_id": "10034"
  },
  {
    "review": "악의 손으로부터 신성한 고대의 힘을 지켜내려는 그의 모험은 계속된다. 인디아나 존스",
    "date": "12.12.02",
    "rating": "9",
    "author": "hana****",
    "review_id": "6962462",
    "movie_id": "10034"
  },
  {
    "review": "역시 30년이란 세월을 매꾸기는 힘든 것 같다.",
    "date": "12.11.16",
    "rating": "8",
    "author": "soqu****",
    "review_id": "6893866",
    "movie_id": "10034"
  },
  {
    "review": "쟈밋다",
    "date": "12.10.20",
    "rating": "10",
    "author": "hist****",
    "review_id": "6815753",
    "movie_id": "10034"
  },
  {
    "review": "흥미진진하다",
    "date": "12.09.26",
    "rating": "10",
    "author": "asd1****",
    "review_id": "6733544",
    "movie_id": "10034"
  },
  {
    "review": "블루레이 어서 나와라 바로 구입해주마...!",
    "date": "12.09.07",
    "rating": "9",
    "author": "youn****",
    "review_id": "6675700",
    "movie_id": "10034"
  },
  {
    "review": "어릴때와는 매우 다른 느낌.  불쾌한 오리엔탈리즘 판타지",
    "date": "12.08.16",
    "rating": "5",
    "author": "milk****",
    "review_id": "6612839",
    "movie_id": "10034"
  },
  {
    "review": "저 어린이는 구니스...",
    "date": "12.08.15",
    "rating": "9",
    "author": "hydr****",
    "review_id": "6607334",
    "movie_id": "10034"
  },
  {
    "review": "어렸을때 이영화보고 고고학자되는게 꿈이였어...",
    "date": "12.07.06",
    "rating": "10",
    "author": "leej****",
    "review_id": "6448983",
    "movie_id": "10034"
  },
  {
    "review": "시리즈중에 가장 평점이 높을만 한 작품. 이후 모험영화들의 표본이 된 명작!",
    "date": "12.05.28",
    "rating": "9",
    "author": "gshh****",
    "review_id": "6339797",
    "movie_id": "10034"
  },
  {
    "review": "스필버그가 딱 20년만 늦게 태어났더라면 좋았을걸.",
    "date": "12.05.24",
    "rating": "5",
    "author": "claz****",
    "review_id": "6328040",
    "movie_id": "10034"
  },
  {
    "review": "근 30년이 됐구나....",
    "date": "12.03.17",
    "rating": "9",
    "author": "kos4****",
    "review_id": "6149719",
    "movie_id": "10034"
  },
  {
    "review": "예전엔 재밌었는데 지금보니 별루구나",
    "date": "12.02.25",
    "rating": "5",
    "author": "dbzh****",
    "review_id": "6104163",
    "movie_id": "10034"
  },
  {
    "review": "모험영화의 교과서",
    "date": "12.02.11",
    "rating": "8",
    "author": "milk****",
    "review_id": "6067479",
    "movie_id": "10034"
  },
  {
    "review": "아새끼 시끄러움",
    "date": "12.01.30",
    "rating": "10",
    "author": "redr****",
    "review_id": "6036595",
    "movie_id": "10034"
  },
  {
    "review": "잼없다",
    "date": "12.01.15",
    "rating": "1",
    "author": "pred****",
    "review_id": "5986558",
    "movie_id": "10034"
  },
  {
    "review": "괄약근을 조여올정도의 긴장감 넘치는 최고의 어드벤쳐 영화!",
    "date": "12.01.13",
    "rating": "10",
    "author": "hdh0****",
    "review_id": "5982027",
    "movie_id": "10034"
  },
  {
    "review": "중간중간 오리엔탈리즘적인 묘사가 지나쳤던 점이 아쉽다.",
    "date": "11.12.18",
    "rating": "7",
    "author": "kwon****",
    "review_id": "5912695",
    "movie_id": "10034"
  },
  {
    "review": "처음부터 끝까지 재밌지만. 좀 부족해",
    "date": "11.12.11",
    "rating": "8",
    "author": "cha1****",
    "review_id": "5900551",
    "movie_id": "10034"
  },
  {
    "review": "명작중의 명작..",
    "date": "11.11.08",
    "rating": "10",
    "author": "eodb****",
    "review_id": "5836839",
    "movie_id": "10034"
  },
  {
    "review": "뒷부분 30여분 정도는 정말 스릴감 넘친다.",
    "date": "11.11.05",
    "rating": "9",
    "author": "anne****",
    "review_id": "5828685",
    "movie_id": "10034"
  },
  {
    "review": "만든 시점을 감안해도 지금 보기엔 여러 가지로 부족하다",
    "date": "11.10.12",
    "rating": "6",
    "author": "cont****",
    "review_id": "5785444",
    "movie_id": "10034"
  },
  {
    "review": "요즘은 이런 영화가 없어....",
    "date": "11.09.02",
    "rating": "10",
    "author": "n0th****",
    "review_id": "5703276",
    "movie_id": "10034"
  },
  {
    "review": "포스터 문구 쩐다 속옷까지 젖어드는...ㅋ",
    "date": "11.08.16",
    "rating": "10",
    "author": "myho****",
    "review_id": "5657822",
    "movie_id": "10034"
  },
  {
    "review": "최고다",
    "date": "11.08.15",
    "rating": "10",
    "author": "njue****",
    "review_id": "5655299",
    "movie_id": "10034"
  },
  {
    "review": "모험 어드벤쳐 블록버스터의 시작.루카스가 지원하고 스필버그가 합작했으니 당연최고",
    "date": "11.08.05",
    "rating": "8",
    "author": "reno****",
    "review_id": "5605110",
    "movie_id": "10034"
  },
  {
    "review": "를 꿈꾸느라 잠시 균형감각을 잃은 스필버그",
    "date": "11.08.01",
    "rating": "8",
    "author": "kim9****",
    "review_id": "5590495",
    "movie_id": "10034"
  },
  {
    "review": "시리즈 중 가장 딸리지만 그래도 여전히 흥미진진한 모험물.",
    "date": "11.07.31",
    "rating": "7",
    "author": "gate****",
    "review_id": "5586961",
    "movie_id": "10034"
  },
  {
    "review": "최고의 모험영화.",
    "date": "11.07.29",
    "rating": "9",
    "author": "crys****",
    "review_id": "5581300",
    "movie_id": "10034"
  },
  {
    "review": "오래된 영화이지만, 모든 어드벤쳐물의 아버지격인 영화",
    "date": "11.07.26",
    "rating": "7",
    "author": "betc****",
    "review_id": "5571978",
    "movie_id": "10034"
  },
  {
    "review": "인디를 보는 순간 당신 눈은 횡재한다 진짜로",
    "date": "11.07.22",
    "rating": "8",
    "author": "asun****",
    "review_id": "5561712",
    "movie_id": "10034"
  }
]