[
  {
    "review": "tv에서 해줘서 봤는데 개꿀잼!",
    "date": "15.06.06",
    "rating": "10",
    "author": "dsd2****",
    "review_id": "9978211",
    "movie_id": "10043"
  },
  {
    "review": "스케일 흠잡을때 없으며 명배우들 연기에 파란눈에 아름답고 매력적인 안나",
    "date": "15.06.06",
    "rating": "9",
    "author": "sche****",
    "review_id": "9978199",
    "movie_id": "10043"
  },
  {
    "review": "시간이 흘러도 명작은 잊혀지지 않는다",
    "date": "15.04.26",
    "rating": "10",
    "author": "kimd****",
    "review_id": "9869724",
    "movie_id": "10043"
  },
  {
    "review": "콜오브듀티가 생각나네요",
    "date": "15.02.21",
    "rating": "10",
    "author": "hyke****",
    "review_id": "9721450",
    "movie_id": "10043"
  },
  {
    "review": "TV-80년대.. 어린시절 할아버지 방에서 토요 명화로 몰래.. 너무나 재미있게 보았던 영화.. 그때는 몰랐지만.. 기라성 같은 배우들이 나왔구나.. CG도 특수효과도 미약했던 시절.. 제작진의 노고가 느껴지는.. 추억의 명작..",
    "date": "14.07.14",
    "rating": "8",
    "author": "lonr****",
    "review_id": "8916893",
    "movie_id": "10043"
  },
  {
    "review": "훌륭한 시나리오, 액션, 로맨스, 매력적인 연기자들, 시종일관 집중도를 유지시켜주는  고전 걸작 전쟁영화.",
    "date": "14.06.29",
    "rating": "10",
    "author": "thin****",
    "review_id": "8868995",
    "movie_id": "10043"
  },
  {
    "review": "진정 재밌네요. 정말 요즘 나온 얙션,  스릴러 영화들과 비교할수 없는 긴장감과 스릴이 있음. 앤서니퀸 그레고리펙 펄펙. 특히 앤서니퀸 최곱니다ㅠ  최고 최고",
    "date": "14.06.28",
    "rating": "9",
    "author": "clau****",
    "review_id": "8863215",
    "movie_id": "10043"
  },
  {
    "review": "안소니 퀸과 그레고리 펙을 보면서 전쟁과 인생의 무상과 유상을 통시적으로 체감합니다.",
    "date": "14.06.27",
    "rating": "10",
    "author": "lees****",
    "review_id": "8862716",
    "movie_id": "10043"
  },
  {
    "review": "중간에약간지루하긴했지만 마지막 요새폭파씬은 통쾌! 밑에 노인특공대란말 넘웃김ㅋㅋㅋㅋ 그나저나그레고리 펙♥ 지금봐도 참 멋있다.",
    "date": "13.05.06",
    "rating": "9",
    "author": "khe4****",
    "review_id": "7511261",
    "movie_id": "10043"
  },
  {
    "review": "[아카데미]1962년34회 특수효과1개부문수상작.웨스트사이드에밀려(10개부문수상했지만그정도로명작아님)한개부문만 수상.당대배우들 그레고리펙,안쏘니퀸,데이빗니븐 전부아카데미상받은배우들이다.오래된영화로신경안쓰다 보고나서 60년대에이런영화를만들다니절로감탄나옴",
    "date": "13.04.03",
    "rating": "9",
    "author": "new7****",
    "review_id": "7431808",
    "movie_id": "10043"
  },
  {
    "review": "이영화를 계속보게 되는 이유-그레고리 펙의 아름다운 절정의 미모를 감상할수 있다.",
    "date": "13.03.19",
    "rating": "10",
    "author": "cybe****",
    "review_id": "7363054",
    "movie_id": "10043"
  },
  {
    "review": "시간은 급물살을 타고... 재미있으니깐~",
    "date": "12.06.26",
    "rating": "8",
    "author": "alch****",
    "review_id": "6417517",
    "movie_id": "10043"
  },
  {
    "review": "어렸을적 티비에서 정말 많이 봤던 전쟁영화...옛날 생각나네..ㅋㅋ",
    "date": "12.06.11",
    "rating": "7",
    "author": "thra****",
    "review_id": "6384545",
    "movie_id": "10043"
  },
  {
    "review": "노인 특공대이다보니 행동은 꿈뜨고 말은 많다. 손자들이 해야할 병정놀이..",
    "date": "12.04.29",
    "rating": "5",
    "author": "ooop****",
    "review_id": "6254621",
    "movie_id": "10043"
  },
  {
    "review": "긴장감도 비장함도 느낄 수 없었다. I can't swim...",
    "date": "12.01.18",
    "rating": "5",
    "author": "bbq2****",
    "review_id": "5994861",
    "movie_id": "10043"
  },
  {
    "review": "헉; 이렇게 잼있는 영화를이제야 발견하다니?50년된영화치곤특수효과도짱이고멋지다!",
    "date": "11.10.29",
    "rating": "10",
    "author": "yjpo****",
    "review_id": "5817345",
    "movie_id": "10043"
  },
  {
    "review": "'아라비아 로렌스'보단 훨씬 낫다",
    "date": "11.09.23",
    "rating": "7",
    "author": "alte****",
    "review_id": "5746543",
    "movie_id": "10043"
  },
  {
    "review": "재미있게 봣다~ㅎㅎ",
    "date": "11.03.07",
    "rating": "10",
    "author": "hdh0****",
    "review_id": "5298124",
    "movie_id": "10043"
  },
  {
    "review": "걸작 중의 걸작!!  긴영환데 시간가는줄 모르고 아슬아슬..아런영화를 이제야 봤네요~",
    "date": "11.03.06",
    "rating": "10",
    "author": "sgf0****",
    "review_id": "5297123",
    "movie_id": "10043"
  },
  {
    "review": "밀러하사가 말로니대위한테 깐죽거리며 대드는거 볼 때 날려버리고 싶더만.",
    "date": "11.03.06",
    "rating": "8",
    "author": "hack****",
    "review_id": "5296041",
    "movie_id": "10043"
  },
  {
    "review": "60년대영화 치고는 엄청재미잇다~~~",
    "date": "11.03.06",
    "rating": "10",
    "author": "lege****",
    "review_id": "5295885",
    "movie_id": "10043"
  },
  {
    "review": "지금보면 정말 빵빵한 캐스팅 몇번본 기억이 ~~~~~~~~",
    "date": "10.09.02",
    "rating": "6",
    "author": "fnsk****",
    "review_id": "4811398",
    "movie_id": "10043"
  },
  {
    "review": "어릴적 주말의 명화에서 가슴뛰며 보던 영화, 요새폭파할땐 내가 미션수행한듯 쾌감.",
    "date": "10.05.21",
    "rating": "8",
    "author": "mist****",
    "review_id": "4512588",
    "movie_id": "10043"
  },
  {
    "review": "지루하고 졸린 전쟁영화 중의 하나임.",
    "date": "10.02.25",
    "rating": "5",
    "author": "jjyn****",
    "review_id": "4316829",
    "movie_id": "10043"
  },
  {
    "review": "실화는 아니었지만 나름 재미있었다.",
    "date": "09.09.13",
    "rating": "8",
    "author": "kusa****",
    "review_id": "3828139",
    "movie_id": "10043"
  },
  {
    "review": "60년대 작품으로 믿기 어려운 스펙타클을 보여준다",
    "date": "09.09.12",
    "rating": "8",
    "author": "deff****",
    "review_id": "3826087",
    "movie_id": "10043"
  },
  {
    "review": "완벽하고 탄탄한 스토리, 정말 명작 중 명작",
    "date": "09.07.18",
    "rating": "10",
    "author": "sdfz****",
    "review_id": "3642659",
    "movie_id": "10043"
  },
  {
    "review": "어릴적 보고 얼마전 ebs에서 또봤어요. 여전히 재미있더군요.",
    "date": "09.07.04",
    "rating": "10",
    "author": "sorp****",
    "review_id": "3608920",
    "movie_id": "10043"
  },
  {
    "review": "오늘 EBS에서 봤는데 옛날영화지만 정말 재밌었다...",
    "date": "09.06.21",
    "rating": "8",
    "author": "llti****",
    "review_id": "3578880",
    "movie_id": "10043"
  },
  {
    "review": "오래된 영화지만 이렇게 실감나다니....! 참으로 명작이로고...",
    "date": "09.06.21",
    "rating": "10",
    "author": "bada****",
    "review_id": "3578719",
    "movie_id": "10043"
  },
  {
    "review": "61년도 영화지만 대작이다. cg도괜찮고 액션도 괜찮다.",
    "date": "09.06.21",
    "rating": "9",
    "author": "mem9****",
    "review_id": "3578579",
    "movie_id": "10043"
  },
  {
    "review": "1960년대의 영화로서 스릴 넘치고 스토리 구성이 탄탄한 전쟁 영화",
    "date": "09.04.13",
    "rating": "9",
    "author": "ksji****",
    "review_id": "3419370",
    "movie_id": "10043"
  },
  {
    "review": "명작",
    "date": "09.01.03",
    "rating": "10",
    "author": "pola****",
    "review_id": "3182325",
    "movie_id": "10043"
  },
  {
    "review": "고전 대작 !!",
    "date": "08.03.02",
    "rating": "8",
    "author": "evil****",
    "review_id": "2497975",
    "movie_id": "10043"
  },
  {
    "review": "리메이크 하면 좋을듯.ㅎㅎ 오래돼서그런지 몰라도 좀 지루함.ㅋ",
    "date": "07.11.09",
    "rating": "7",
    "author": "aa11****",
    "review_id": "2140570",
    "movie_id": "10043"
  },
  {
    "review": "very good !",
    "date": "07.10.18",
    "rating": "9",
    "author": "cles****",
    "review_id": "2096202",
    "movie_id": "10043"
  },
  {
    "review": "진짜 대작~  작품성 최고 재미도 최고!",
    "date": "07.09.25",
    "rating": "10",
    "author": "pfei****",
    "review_id": "2048911",
    "movie_id": "10043"
  },
  {
    "review": "세상에~ 죽음이다 .이토록 멋진 전쟁물이라니",
    "date": "07.09.23",
    "rating": "10",
    "author": "baks****",
    "review_id": "2041213",
    "movie_id": "10043"
  },
  {
    "review": "어릴적 아버지의 추천으로 함께 본 영화... 재밌었다.",
    "date": "07.08.22",
    "rating": "10",
    "author": "cpa_****",
    "review_id": "1968970",
    "movie_id": "10043"
  },
  {
    "review": "옛날 영화 지만 재밌게 봤어요",
    "date": "07.07.31",
    "rating": "10",
    "author": "dowb****",
    "review_id": "1830440",
    "movie_id": "10043"
  },
  {
    "review": "옛날영화의 포스가 느껴진다...",
    "date": "07.05.24",
    "rating": "9",
    "author": "sall****",
    "review_id": "1654407",
    "movie_id": "10043"
  },
  {
    "review": "이 정도믄 뭐 됐지...",
    "date": "07.02.05",
    "rating": "7",
    "author": "chio****",
    "review_id": "1446045",
    "movie_id": "10043"
  },
  {
    "review": "good",
    "date": "07.02.04",
    "rating": "7",
    "author": "kcch****",
    "review_id": "1443708",
    "movie_id": "10043"
  },
  {
    "review": "미국이 이긴 전쟁이야기 식상하다",
    "date": "07.01.05",
    "rating": "6",
    "author": "nala****",
    "review_id": "1358903",
    "movie_id": "10043"
  },
  {
    "review": "유머날리다가 심각해지는 아저씨가 가장 인상적이었다..ㅎ",
    "date": "06.12.03",
    "rating": "7",
    "author": "asun****",
    "review_id": "1264164",
    "movie_id": "10043"
  },
  {
    "review": "재밋다",
    "date": "06.11.23",
    "rating": "8",
    "author": "ysuh****",
    "review_id": "1247121",
    "movie_id": "10043"
  },
  {
    "review": "나름 볼만한 작품 뒷부분이 좀 지루했던",
    "date": "06.11.11",
    "rating": "6",
    "author": "okjo****",
    "review_id": "1226513",
    "movie_id": "10043"
  },
  {
    "review": "고전이지만 어이없는 웃음을 주는 묘하게 재미도 있는 전쟁영화",
    "date": "06.08.07",
    "rating": "8",
    "author": "rusi****",
    "review_id": "981657",
    "movie_id": "10043"
  },
  {
    "review": "어릴적 재미있게 본 전쟁 영화! 이젠 별로다...",
    "date": "06.08.03",
    "rating": "8",
    "author": "vert****",
    "review_id": "963554",
    "movie_id": "10043"
  },
  {
    "review": "너무 쉽게 요새를 파괴하는 점(긴장감 X)이 아쉽다.특수효과 굿",
    "date": "06.07.04",
    "rating": "9",
    "author": "risa****",
    "review_id": "869685",
    "movie_id": "10043"
  },
  {
    "review": "정말 옛날 영화네.그래두 재미는 있음.",
    "date": "06.07.01",
    "rating": "9",
    "author": "park****",
    "review_id": "865096",
    "movie_id": "10043"
  },
  {
    "review": "쓸쓸한 승리자들.",
    "date": "06.05.13",
    "rating": "7",
    "author": "damu****",
    "review_id": "798561",
    "movie_id": "10043"
  },
  {
    "review": "옛날 영화지만 재밌는 것은 부인못함.",
    "date": "06.02.26",
    "rating": "10",
    "author": "lees****",
    "review_id": "692871",
    "movie_id": "10043"
  },
  {
    "review": "'액자'가 '기차'처럼 연결되어 있는 느낌.",
    "date": "06.01.24",
    "rating": "8",
    "author": "dio3****",
    "review_id": "618215",
    "movie_id": "10043"
  },
  {
    "review": "60년대 블럭버스터 영화. 전쟁보다 전쟁 스릴러라는게 맞을듯",
    "date": "05.11.28",
    "rating": "9",
    "author": "jals****",
    "review_id": "487951",
    "movie_id": "10043"
  },
  {
    "review": "멋쥔영화^^*",
    "date": "05.08.20",
    "rating": "10",
    "author": "am16****",
    "review_id": "376183",
    "movie_id": "10043"
  },
  {
    "review": "^_____^*굿임둥..",
    "date": "05.08.20",
    "rating": "10",
    "author": "bona****",
    "review_id": "376180",
    "movie_id": "10043"
  },
  {
    "review": "어렸을때 보고 지금 다시봐도 명작이라는 말이 어울리는 영화",
    "date": "05.08.20",
    "rating": "10",
    "author": "jyu7****",
    "review_id": "375059",
    "movie_id": "10043"
  },
  {
    "review": "깊이있는 밀리터리 블록버스터",
    "date": "05.08.05",
    "rating": "10",
    "author": "chil****",
    "review_id": "352668",
    "movie_id": "10043"
  },
  {
    "review": "잼난다,  그외에 다른말이 필요없음",
    "date": "05.08.05",
    "rating": "10",
    "author": "hmr4****",
    "review_id": "352434",
    "movie_id": "10043"
  },
  {
    "review": "부상자, 배신자, 연합군, 독일군, 모두 전쟁의 희생자들.",
    "date": "05.06.06",
    "rating": "6",
    "author": "hadl****",
    "review_id": "294756",
    "movie_id": "10043"
  },
  {
    "review": "60년대라..액션이 별로네.. 스토리는 굿이당",
    "date": "05.06.06",
    "rating": "9",
    "author": "limj****",
    "review_id": "294662",
    "movie_id": "10043"
  },
  {
    "review": "어릴적.. 티비에서 방영하면 인기 최고!",
    "date": "04.09.23",
    "rating": "9",
    "author": "rain****",
    "review_id": "113237",
    "movie_id": "10043"
  }
]