[
  {
    "review": "고전 판타지 영화, 무서운듯 웃긴 괴물피규어들 지금 생각하면 lol의 나르캐릭터를 닮은거 같단 말이지~",
    "date": "15.08.20",
    "rating": "10",
    "author": "bajj****",
    "review_id": "10256251",
    "movie_id": "10049"
  },
  {
    "review": "어릴때 티비에서 크리스마스이브때 가끔 방송해주던 그 영화. 지금 생각해도 너무나도 재밌었다. 무서울거 같으면서도 재밌고 오컬트적인 귀여움이 있는 정말 재밌있는 영화. 시리즈 모두 훌륭하다.",
    "date": "15.08.16",
    "rating": "10",
    "author": "alra****",
    "review_id": "10238302",
    "movie_id": "10049"
  },
  {
    "review": "귀여워서 다운받아볼꺼 ㅎㅎㅎ",
    "date": "15.08.03",
    "rating": "10",
    "author": "ksya****",
    "review_id": "10181316",
    "movie_id": "10049"
  },
  {
    "review": "헐크 호건  헐크 !!!!",
    "date": "15.06.09",
    "rating": "10",
    "author": "ipho****",
    "review_id": "9986228",
    "movie_id": "10049"
  },
  {
    "review": "귀여움과 무서움을 함께느껴야했단 어린시절 영화또보고싶다.ㅎㅎ",
    "date": "15.05.27",
    "rating": "10",
    "author": "kkii****",
    "review_id": "9955138",
    "movie_id": "10049"
  },
  {
    "review": "재밌음.  어린 애들이 보면 공포물",
    "date": "15.04.25",
    "rating": "9",
    "author": "fghy****",
    "review_id": "9866372",
    "movie_id": "10049"
  },
  {
    "review": "재미 있는데 너무 잔인하다 이거 완전 그냥 15세 관람가다 그러니8점",
    "date": "15.03.21",
    "rating": "8",
    "author": "libe****",
    "review_id": "9796401",
    "movie_id": "10049"
  },
  {
    "review": "당시로선 획기적이었던 캐릭터의 탄생",
    "date": "15.02.26",
    "rating": "7",
    "author": "rcan****",
    "review_id": "9739771",
    "movie_id": "10049"
  },
  {
    "review": "문득 떠올랐다. 어린시절 홍명극장에서 보았다. 그렘린인형도 4천원주고 샀던 기억이 난다. 한동안 그인형을 가지고있는데.. 티비에서 다시 방송하면 좋겠다. 어린시절의 향수를 불러일으킨다. 구니스와 함께, 그 시절에도 헐리우드영화는 볼만했다.",
    "date": "15.02.23",
    "rating": "10",
    "author": "twit****",
    "review_id": "9730406",
    "movie_id": "10049"
  },
  {
    "review": "놀라운 상상력이 펼쳐진 기발한 영화..",
    "date": "15.01.27",
    "rating": "9",
    "author": "blue****",
    "review_id": "9642799",
    "movie_id": "10049"
  },
  {
    "review": "귀여운 그렘린에대한 추억을 다시 느낄수 있었던 영화",
    "date": "14.11.24",
    "rating": "6",
    "author": "thra****",
    "review_id": "9417895",
    "movie_id": "10049"
  },
  {
    "review": "지금다시보고싶다 크흣..학교다닐때 가방에 기즈모인형 달고다니곤했던 기억이 새록새록..결국 잃어버렸지만ㅠㅠ  84년도인데도 그렘린 영화는 정말 잘 만든듯합니다. 그렘린3 안나오나요?!+_+",
    "date": "14.11.09",
    "rating": "10",
    "author": "mini****",
    "review_id": "9364673",
    "movie_id": "10049"
  },
  {
    "review": "오뜩해 귀여워~!  근데 그렘린은 좀 징그럽다..",
    "date": "14.11.03",
    "rating": "8",
    "author": "taeg****",
    "review_id": "9339799",
    "movie_id": "10049"
  },
  {
    "review": "피비케이츠 미모는 볼만했다",
    "date": "14.09.25",
    "rating": "1",
    "author": "mara****",
    "review_id": "9239626",
    "movie_id": "10049"
  },
  {
    "review": "짱 근데  인형인거 좀 많이티남",
    "date": "14.09.12",
    "rating": "10",
    "author": "kimh****",
    "review_id": "9208283",
    "movie_id": "10049"
  },
  {
    "review": "기형고양이 같은 괴물이 피비케이츠로부터 내 눈을 빼앗을 줄 미처 몰랐다",
    "date": "14.09.01",
    "rating": "9",
    "author": "lees****",
    "review_id": "9153298",
    "movie_id": "10049"
  },
  {
    "review": "초딩 때 보고 공포와 귀여움을 동시에 느끼게 해 준 추억 돋는 명작. 실제로 기즈모 인형 집에 있었다는.",
    "date": "14.08.08",
    "rating": "9",
    "author": "jjaj****",
    "review_id": "9052015",
    "movie_id": "10049"
  },
  {
    "review": "꼬마 시절 추억의 영화..  이때만 해도 그렘린이 무서웠는데..",
    "date": "14.07.01",
    "rating": "8",
    "author": "adiv****",
    "review_id": "8872502",
    "movie_id": "10049"
  },
  {
    "review": "중간쯤에 본 영화로 기억하고 있는데.... 그냥 멍하니 보면 볼만한 영화??크리쳐 영화 드게 좋아하는데 이 영화은 깨 귀엽다??이런 생각이 들네요^^",
    "date": "14.02.17",
    "rating": "8",
    "author": "disd****",
    "review_id": "8517390",
    "movie_id": "10049"
  },
  {
    "review": "10점만점에10점  명작이다!",
    "date": "14.02.14",
    "rating": "10",
    "author": "hear****",
    "review_id": "8506982",
    "movie_id": "10049"
  },
  {
    "review": "정말 의외의 순간에서 공포와 웃음을 주는데, 독특한 특징과 귀엽고 끔찍한 모습의 ‘그렘린’은 오랫동안 기억에 남을 정도로 인상적이다.",
    "date": "14.02.14",
    "rating": "7",
    "author": "zxc1****",
    "review_id": "8505586",
    "movie_id": "10049"
  },
  {
    "review": "당시 충격과 공포 그리고 귀여움... 지금 보면 후덜덜",
    "date": "13.12.14",
    "rating": "8",
    "author": "milk****",
    "review_id": "8214981",
    "movie_id": "10049"
  },
  {
    "review": "재밌거나 유치하거나 각자 개인차야 있겠지만 비슷한 부류의 영화가 생각나지 않을만큼 유니크한 위치를 점유하고 있다는점을 부정할 수 없다 갠적인 아쉬움은 피비케이츠가 생각보단 덜 나온다는 점",
    "date": "13.12.03",
    "rating": "8",
    "author": "wjsr****",
    "review_id": "8186383",
    "movie_id": "10049"
  },
  {
    "review": "어렸던 당시의 충격과 공포와 귀여움의 복잡했던 심정이란!",
    "date": "13.09.23",
    "rating": "9",
    "author": "tear****",
    "review_id": "8011368",
    "movie_id": "10049"
  },
  {
    "review": "그렘린 리메이크 한다",
    "date": "13.08.16",
    "rating": "8",
    "author": "baej****",
    "review_id": "7891765",
    "movie_id": "10049"
  },
  {
    "review": "그뤰린즈 댓나 재밌네유. 어른들 기준으로 보면 5점 정도예유. 아이들 보여줄 만 해서 10점. 기즈모 댓나 귀여워유. 가짜 티 많이 나는 컴퓨터에 앉아서 쉽게 쓱쓱 만드는 요즘 시대의 CG보다 이 시대의 실물 특수 효과가 훨씬 더 보는 재미가 있어유.",
    "date": "13.08.15",
    "rating": "10",
    "author": "real****",
    "review_id": "7882624",
    "movie_id": "10049"
  },
  {
    "review": "요즘 애들한테도 먹힐 것 같다",
    "date": "13.08.08",
    "rating": "9",
    "author": "kims****",
    "review_id": "7859673",
    "movie_id": "10049"
  },
  {
    "review": "영화 소재가 떨어져서 리메이크에 열을 올리는 할리우드에서.. 왜 이 영화를 리메이크 안 하는지 모르겠네.. 원작을 뛰어넘기 힘들어서 그런가...",
    "date": "13.08.06",
    "rating": "9",
    "author": "youm****",
    "review_id": "7848959",
    "movie_id": "10049"
  },
  {
    "review": "기즈모의 귀여움은 함정이다!Fucxing christmassssss!!!!!!호러와 코메디로 범벅된 메리크리스마스!",
    "date": "13.08.01",
    "rating": "8",
    "author": "24th****",
    "review_id": "7809047",
    "movie_id": "10049"
  },
  {
    "review": "시대를 뛰어넘는다",
    "date": "13.06.24",
    "rating": "10",
    "author": "1235****",
    "review_id": "7677082",
    "movie_id": "10049"
  },
  {
    "review": "아이들의 호기심을 자극하기엔 충분",
    "date": "13.06.22",
    "rating": "2",
    "author": "bbq2****",
    "review_id": "7666678",
    "movie_id": "10049"
  },
  {
    "review": "이거 진짜 재밌었는데....무엇보다 피비케이츠가 너무 이뻤어.....",
    "date": "13.05.31",
    "rating": "8",
    "author": "blis****",
    "review_id": "7566545",
    "movie_id": "10049"
  },
  {
    "review": "지금 보기엔 정말.. 앉아있기 힘들다.",
    "date": "13.02.27",
    "rating": "4",
    "author": "46to****",
    "review_id": "7305927",
    "movie_id": "10049"
  },
  {
    "review": "보면 안다. 좀 징그러운 면도 있지만 재밌다. 2편 보고 봤는데 둘 다 괜찮다.",
    "date": "13.01.27",
    "rating": "10",
    "author": "kt17****",
    "review_id": "7181548",
    "movie_id": "10049"
  },
  {
    "review": "완전 어렸을 때 봤던 영화인데도 아직 기억이 난다 ;;10년이 훨씬넘었는데 ...무서워하면서 본 기억이 남..ㅜㅜ다시보고싶어서 제목 겨우 알아냈다.",
    "date": "12.12.20",
    "rating": "9",
    "author": "leej****",
    "review_id": "7024748",
    "movie_id": "10049"
  },
  {
    "review": "너무 재미있는 영화 강추!",
    "date": "12.10.09",
    "rating": "10",
    "author": "ske4****",
    "review_id": "6776007",
    "movie_id": "10049"
  },
  {
    "review": "이 영화 쩔지, 말이 필요있나",
    "date": "12.09.23",
    "rating": "9",
    "author": "fren****",
    "review_id": "6727811",
    "movie_id": "10049"
  },
  {
    "review": "징그럽지만 재밌었던 영화.",
    "date": "12.07.02",
    "rating": "10",
    "author": "kem1****",
    "review_id": "6437630",
    "movie_id": "10049"
  },
  {
    "review": "마지막에 토마토 괴물이 똑 떼먹는 장면이 너무 끔찍했다...  어휴 소름끼쳐",
    "date": "12.05.12",
    "rating": "10",
    "author": "slay****",
    "review_id": "6292840",
    "movie_id": "10049"
  },
  {
    "review": "이 악동을 그냥.....",
    "date": "12.04.09",
    "rating": "7",
    "author": "kos4****",
    "review_id": "6203609",
    "movie_id": "10049"
  },
  {
    "review": "자정 넘어 먹으면 괴물 되고, 물에 닿으면 등에서 새끼나오고... 얼마나 매력적인지",
    "date": "12.03.20",
    "rating": "9",
    "author": "ccpp****",
    "review_id": "6157309",
    "movie_id": "10049"
  },
  {
    "review": "어릴 때 이거 보곤 '기즈모'를 애완동물로 너무나 키우고 싶었지",
    "date": "12.03.20",
    "rating": "9",
    "author": "rame****",
    "review_id": "6157308",
    "movie_id": "10049"
  },
  {
    "review": "E.T와 맞먹는 걸작",
    "date": "12.03.20",
    "rating": "9",
    "author": "kpcc****",
    "review_id": "6157307",
    "movie_id": "10049"
  },
  {
    "review": "어릴적 정말 재미나게 봐서 10번도 더돌려봤지..",
    "date": "12.03.19",
    "rating": "7",
    "author": "wjdg****",
    "review_id": "6155708",
    "movie_id": "10049"
  },
  {
    "review": "나름 세련된 CG를 선보였던,, 기즈모라는 캐릭터를 잘 알려준 영화",
    "date": "12.03.05",
    "rating": "8",
    "author": "crui****",
    "review_id": "6125238",
    "movie_id": "10049"
  },
  {
    "review": "역시나 모든 문제와 악의 원흉은 꼬맹이들인가.... 얘들아 조심 좀 해라",
    "date": "12.02.09",
    "rating": "6",
    "author": "inos****",
    "review_id": "6062864",
    "movie_id": "10049"
  },
  {
    "review": "기즈모 귀엽긴한데 도통 귀여운거 빼고는 하는게 없어서 아쉽다..교훈이 담긴영화.",
    "date": "12.01.27",
    "rating": "8",
    "author": "read****",
    "review_id": "6025949",
    "movie_id": "10049"
  },
  {
    "review": "그렘린 너무 좋아아앙아아아아아아아아아요즘엔 왜 티비에서 안해주나",
    "date": "11.12.27",
    "rating": "8",
    "author": "josi****",
    "review_id": "5939317",
    "movie_id": "10049"
  },
  {
    "review": "다커서보니깐 기즈모나 그램린이나 똑같이 징그럽네ㅜ 내용은없는듯한영화",
    "date": "11.12.26",
    "rating": "8",
    "author": "thdu****",
    "review_id": "5936812",
    "movie_id": "10049"
  },
  {
    "review": "아이들이 재밌게 볼수있을것같지만 잔인하고 담배에 술에 터지고 윽",
    "date": "11.12.16",
    "rating": "8",
    "author": "amoh****",
    "review_id": "5908437",
    "movie_id": "10049"
  },
  {
    "review": "기즈모와 피비에 환호하던 추억이 떠오르네. 무섭다기보다 악동스러웠던 그렘린 8.5점",
    "date": "11.12.09",
    "rating": "8",
    "author": "gall****",
    "review_id": "5897055",
    "movie_id": "10049"
  },
  {
    "review": "단순한 오락용 괴물 영화가 아니다.",
    "date": "11.09.25",
    "rating": "8",
    "author": "mani****",
    "review_id": "5752102",
    "movie_id": "10049"
  },
  {
    "review": "진짜 짜증나는 영화",
    "date": "11.08.21",
    "rating": "1",
    "author": "kyk4****",
    "review_id": "5675326",
    "movie_id": "10049"
  },
  {
    "review": "어릴때 티비로 너무 재밌게 본 영화...",
    "date": "11.02.28",
    "rating": "10",
    "author": "iam1****",
    "review_id": "5281698",
    "movie_id": "10049"
  },
  {
    "review": "아.. 이거 인형도 있었는데!!",
    "date": "11.02.21",
    "rating": "8",
    "author": "pree****",
    "review_id": "5264587",
    "movie_id": "10049"
  },
  {
    "review": "이거 초딩때 본걸루 기억하는데 재미있었고 기즈모 귀엽 재미있었음",
    "date": "10.12.29",
    "rating": "10",
    "author": "woor****",
    "review_id": "5097842",
    "movie_id": "10049"
  },
  {
    "review": "창조적이며 해괴 발찍한 공포영화의 모태",
    "date": "10.11.02",
    "rating": "9",
    "author": "yaky****",
    "review_id": "4935627",
    "movie_id": "10049"
  },
  {
    "review": "모과이라는 전대미문의 스타를 탄생시킨 환상적인 영화",
    "date": "10.10.02",
    "rating": "10",
    "author": "hari****",
    "review_id": "4879438",
    "movie_id": "10049"
  },
  {
    "review": "이게 진정한 진리 영화............진짜 최고임",
    "date": "10.09.17",
    "rating": "10",
    "author": "zlat****",
    "review_id": "4842559",
    "movie_id": "10049"
  },
  {
    "review": "독특하고 귀엽고 재미있는 작품~8~9점 줄만한데 어릴적 추억때문에 만점^^;",
    "date": "10.09.14",
    "rating": "10",
    "author": "sbj1****",
    "review_id": "4836395",
    "movie_id": "10049"
  },
  {
    "review": "귀여우면서도 무서운 기즈모^^ 피비케이츠 역시 좋다 ~~~~~~~~~",
    "date": "10.08.21",
    "rating": "7",
    "author": "fnsk****",
    "review_id": "4773098",
    "movie_id": "10049"
  },
  {
    "review": "귀엽고 기발하고 기상천외하다",
    "date": "10.08.16",
    "rating": "10",
    "author": "ccpk****",
    "review_id": "4754041",
    "movie_id": "10049"
  },
  {
    "review": "어린 시절, 귀여운 모과이보다는 이색적인 분위기에 압도당해서 보게 된 작품.",
    "date": "10.05.04",
    "rating": "7",
    "author": "stit****",
    "review_id": "4477108",
    "movie_id": "10049"
  },
  {
    "review": "지금 보니 징그럽다 ㅎ",
    "date": "10.02.24",
    "rating": "6",
    "author": "drd1****",
    "review_id": "4315094",
    "movie_id": "10049"
  },
  {
    "review": "유치할 것 같지만 그 이상을 보여준다.",
    "date": "10.02.17",
    "rating": "8",
    "author": "yell****",
    "review_id": "4294191",
    "movie_id": "10049"
  },
  {
    "review": "84년도에 미친퀄러티 ㄷㄷㄷ 전세계를 휩쓸었던 영화. 여신 피비케이츠ㅜㅜ",
    "date": "10.02.17",
    "rating": "10",
    "author": "redo****",
    "review_id": "4293765",
    "movie_id": "10049"
  },
  {
    "review": "재밌음..  최상급...",
    "date": "10.02.16",
    "rating": "10",
    "author": "ehpt****",
    "review_id": "4286707",
    "movie_id": "10049"
  },
  {
    "review": "이보다 더 귀여운 악마는 없다!",
    "date": "10.02.05",
    "rating": "9",
    "author": "mygr****",
    "review_id": "4248788",
    "movie_id": "10049"
  },
  {
    "review": "이젠 이런 신선한소재에 재미와 작품성 모두 뛰어난건 안나오려나",
    "date": "10.01.22",
    "rating": "10",
    "author": "euji****",
    "review_id": "4199212",
    "movie_id": "10049"
  },
  {
    "review": "어릴적 추억의 영화라면 단연 그렘린..ㅎ",
    "date": "10.01.19",
    "rating": "10",
    "author": "napa****",
    "review_id": "4186291",
    "movie_id": "10049"
  },
  {
    "review": "흠 ...",
    "date": "09.12.30",
    "rating": "10",
    "author": "nice****",
    "review_id": "4106370",
    "movie_id": "10049"
  },
  {
    "review": "작은 악마. 깜찍한 공포 영화.",
    "date": "09.12.29",
    "rating": "6",
    "author": "caca****",
    "review_id": "4102527",
    "movie_id": "10049"
  },
  {
    "review": "어렸을적 티비로 봤는데 신선한 충격과 재미를 줬음 ㅜㅜ또 보고싶음.. 왜 안함?",
    "date": "09.12.28",
    "rating": "10",
    "author": "kje2****",
    "review_id": "4098035",
    "movie_id": "10049"
  },
  {
    "review": "잔인하긴 해도 재밌음.",
    "date": "09.11.22",
    "rating": "10",
    "author": "yyho****",
    "review_id": "3983566",
    "movie_id": "10049"
  },
  {
    "review": "아! 바로 이영화였어요!!아무리 생각해도 제목이 기억안나서 ㅎ 어릴적 추억의 영화~",
    "date": "09.11.03",
    "rating": "10",
    "author": "tlaw****",
    "review_id": "3935511",
    "movie_id": "10049"
  },
  {
    "review": "아주 귀여운 기즈모,,,,,,,",
    "date": "09.10.29",
    "rating": "10",
    "author": "pima****",
    "review_id": "3922608",
    "movie_id": "10049"
  },
  {
    "review": "정말 창조적이고 귀여웠던 캐릭터..",
    "date": "09.09.22",
    "rating": "7",
    "author": "imf0****",
    "review_id": "3844732",
    "movie_id": "10049"
  },
  {
    "review": "스릴 있고 액션감 넘치던 귀여운 인형같은 악마이자. 천사. 그램린",
    "date": "09.08.01",
    "rating": "10",
    "author": "duke****",
    "review_id": "3694310",
    "movie_id": "10049"
  },
  {
    "review": "옛영화치고 잘만들었다",
    "date": "09.07.05",
    "rating": "10",
    "author": "pop5****",
    "review_id": "3612637",
    "movie_id": "10049"
  },
  {
    "review": "기즈모 너무 귀엽당~~",
    "date": "09.06.13",
    "rating": "10",
    "author": "vmfl****",
    "review_id": "3562790",
    "movie_id": "10049"
  },
  {
    "review": "기즈모는 다알거같다.. 집에 아직도 인형이있지 아 올만에 또보고싶다",
    "date": "09.04.27",
    "rating": "10",
    "author": "tole****",
    "review_id": "3444311",
    "movie_id": "10049"
  },
  {
    "review": "어른들을 위한 동화",
    "date": "09.04.20",
    "rating": "6",
    "author": "noxp****",
    "review_id": "3432049",
    "movie_id": "10049"
  },
  {
    "review": "오늘 봤더니 재밌다 걸작!",
    "date": "09.03.08",
    "rating": "10",
    "author": "cjj6****",
    "review_id": "3353935",
    "movie_id": "10049"
  },
  {
    "review": "이건 공포가 아니라 코미디 영화다. 그렘린의 귀여운 코미디",
    "date": "09.01.30",
    "rating": "8",
    "author": "qudr****",
    "review_id": "3263447",
    "movie_id": "10049"
  },
  {
    "review": "발칙한 상상력이 만들어낸 명작",
    "date": "09.01.14",
    "rating": "10",
    "author": "dj16****",
    "review_id": "3219978",
    "movie_id": "10049"
  },
  {
    "review": "기즈모 인형 울언니 가지고 있었는ㄷㅔ,,지금은 잃어버렸다는 ㅠ",
    "date": "08.12.18",
    "rating": "10",
    "author": "atom****",
    "review_id": "3128256",
    "movie_id": "10049"
  },
  {
    "review": "추억의 영화죠~아주 재밌고도 무섭게 봤었던..당시 기억만으로는 만점짜리 영화.",
    "date": "08.08.28",
    "rating": "10",
    "author": "rlad****",
    "review_id": "2906812",
    "movie_id": "10049"
  },
  {
    "review": "무서우면서도 귀여운 어린이들의 친구 그렘린. 어렸을때는 피비게이츠인지 몰랐다.",
    "date": "08.06.19",
    "rating": "7",
    "author": "evil****",
    "review_id": "2708308",
    "movie_id": "10049"
  },
  {
    "review": "당시로서 독특하긴 했지만 구성력이 부족하다.",
    "date": "08.05.07",
    "rating": "7",
    "author": "nono****",
    "review_id": "2622715",
    "movie_id": "10049"
  },
  {
    "review": "정말 귀여운 그렘린 다시 보고싶네요. 정말 아직도 생각나는 영화!! 강추쵸~ 킹왕짱!!",
    "date": "08.04.04",
    "rating": "10",
    "author": "ytjd****",
    "review_id": "2556851",
    "movie_id": "10049"
  },
  {
    "review": "추억의 영화 ^^",
    "date": "08.03.29",
    "rating": "10",
    "author": "shin****",
    "review_id": "2547828",
    "movie_id": "10049"
  },
  {
    "review": "귀여운 캐릭터 유머스러운 공포, 그리고 아름다운 피비케이츠",
    "date": "08.03.27",
    "rating": "9",
    "author": "deff****",
    "review_id": "2544265",
    "movie_id": "10049"
  },
  {
    "review": "재밌었지.. 그렘린..",
    "date": "08.03.15",
    "rating": "9",
    "author": "pola****",
    "review_id": "2522186",
    "movie_id": "10049"
  },
  {
    "review": "왜 요즘 왠만한 영화들보다 재밌을까요;ㅎㅎ",
    "date": "08.03.02",
    "rating": "7",
    "author": "son1****",
    "review_id": "2498599",
    "movie_id": "10049"
  },
  {
    "review": "유치하지 않아서 괜찮았던 영화",
    "date": "08.02.04",
    "rating": "9",
    "author": "baba****",
    "review_id": "2407830",
    "movie_id": "10049"
  },
  {
    "review": "밑에분 공감 유치원때 본건데 진짜 무서웠음 ..ㅋㅋㅋ 근데 지금은웃김",
    "date": "08.01.25",
    "rating": "10",
    "author": "h289****",
    "review_id": "2369189",
    "movie_id": "10049"
  },
  {
    "review": "나어릴적 그렇게무서웟는데.. 지금보니 왜그리 웃긴지 ㅋㅋㅋ 암튼추억의영화~",
    "date": "08.01.08",
    "rating": "10",
    "author": "cham****",
    "review_id": "2308852",
    "movie_id": "10049"
  },
  {
    "review": "초록색 괴물들을 본다고 너무나도 힘들었다.스토리도 별로였고 조금 부실한 영화",
    "date": "08.01.07",
    "rating": "4",
    "author": "wnst****",
    "review_id": "2304737",
    "movie_id": "10049"
  },
  {
    "review": "이런거 좋아.",
    "date": "07.12.30",
    "rating": "8",
    "author": "wine****",
    "review_id": "2281283",
    "movie_id": "10049"
  },
  {
    "review": "환타스틱하다는 말로도 부족하다",
    "date": "07.12.28",
    "rating": "10",
    "author": "baks****",
    "review_id": "2275479",
    "movie_id": "10049"
  }
]