[
  {
    "review": "불후의 명작, 스릴러의 바이블",
    "date": "15.08.24",
    "rating": "10",
    "author": "arti****",
    "review_id": "10269852",
    "movie_id": "10050"
  },
  {
    "review": "히치콕은.. 현대 인류가 가진 보편적인 공포를 자극할 줄 안다!",
    "date": "15.06.27",
    "rating": "10",
    "author": "pont****",
    "review_id": "10040649",
    "movie_id": "10050"
  },
  {
    "review": "62년에 만들어진 장르의 교과서",
    "date": "15.06.26",
    "rating": "10",
    "author": "leet****",
    "review_id": "10036882",
    "movie_id": "10050"
  },
  {
    "review": "무서운 장면은 거의 없다 시피 하지만, 심지어 목욕탕 살인장면 자체도 무섭다기 보다는 어설프지만 영화내내 왠지모를 공포감을 주는 영화..서스펜스라는게 어떤것인지 깨닫게 해주는 영화..",
    "date": "15.06.24",
    "rating": "10",
    "author": "kom_****",
    "review_id": "10030422",
    "movie_id": "10050"
  },
  {
    "review": "난 샤워씬이니 뭐니 그딴건 눈에 안들어오고 자넷리가 빗길에 운전하던 장면이 정말 강렬하게 들어왔고 요즘 영화에선 볼수없는 독창적인 면이라 생각한다 운전중 느끼는 심리적 갈등과 그걸 보는 시청자의 불안함이 한대 어울어지는 천재적인 장면인듯!!",
    "date": "15.06.21",
    "rating": "7",
    "author": "goli****",
    "review_id": "10017023",
    "movie_id": "10050"
  },
  {
    "review": "50여년전 영화라는게 믿기지 않네요. 후반 30분은 정말 쇼킹 ㅠ 요즘 나오는 공포영화보다 훨씬 작품성있고 배우들 연기가 정말 대단하네요",
    "date": "15.06.20",
    "rating": "10",
    "author": "ymsh****",
    "review_id": "10014560",
    "movie_id": "10050"
  },
  {
    "review": "오늘 ebs에서 감상했는데 넘무서워서 언니뒤에 숨었어",
    "date": "15.06.19",
    "rating": "10",
    "author": "hera****",
    "review_id": "10013433",
    "movie_id": "10050"
  },
  {
    "review": "60년대에도 이러한 스릴, 반전이 가능했구나 아니 이게 원조겠구나 했다",
    "date": "15.05.28",
    "rating": "8",
    "author": "saic****",
    "review_id": "9957235",
    "movie_id": "10050"
  },
  {
    "review": "무슨 그 당시의 관점으로 영화를 보냐 ㅋㅋㅋ 웃긴놈들이네 ㅋㅋㅋ그냥 이건 영화가 재밌어서 평점을 높은거지 ;;",
    "date": "15.05.05",
    "rating": "8",
    "author": "law_****",
    "review_id": "9896957",
    "movie_id": "10050"
  },
  {
    "review": "스토리, 시나리오, 연출, 연기, 음악 모두 완벽한 영화.",
    "date": "15.04.28",
    "rating": "10",
    "author": "ykdi****",
    "review_id": "9876563",
    "movie_id": "10050"
  },
  {
    "review": "대놓고 스포일러를 써놓은구나 저렇게.. 누가볼지를 모르는데 ㅋㅋㅋㅋ",
    "date": "15.04.18",
    "rating": "10",
    "author": "jane****",
    "review_id": "9850725",
    "movie_id": "10050"
  },
  {
    "review": "히치콕 다른 영화 보고는 솔직히 별로 좋다고 못느꼈는데 이건 진짜 인정할만하다 ㅋㅋ 왜 스릴러의 바이블이라 불리는지 알 만한...몇OO전 영환데 지금봐도 전혀 촌스럽지 않고 몰입하게 된다. 요즘 왠만한 스릴러 영화보다 낫네.",
    "date": "15.03.26",
    "rating": "9",
    "author": "lej6****",
    "review_id": "9806773",
    "movie_id": "10050"
  },
  {
    "review": "엄청오래된영화ㄷㄷ.",
    "date": "15.03.24",
    "rating": "1",
    "author": "hang****",
    "review_id": "9803303",
    "movie_id": "10050"
  },
  {
    "review": "50 년도 더 된 영화가 날 전율하게 하다니... 차 끌어올려지는 엔딩이 나올때 소름이 돋았다.",
    "date": "15.03.16",
    "rating": "10",
    "author": "kimd****",
    "review_id": "9787974",
    "movie_id": "10050"
  },
  {
    "review": "예술 그자체입니다. 정말 엄청나네요 연기력 배경음악 스토리 전개 모두 완벽합니다.",
    "date": "15.03.12",
    "rating": "10",
    "author": "css1****",
    "review_id": "9775191",
    "movie_id": "10050"
  },
  {
    "review": "평점에 너무 속지마세요 ㅋ 60년도 영화에요.. 굉장히 촌스럽고 엉성하고 반전도 솔직히 너무 뻔하고 연기도 엉망 ㅎ 굉장히 지루함.. 뭐 내가 60년에 봤다면 10점 줬을지도 ㅋㅋㅋ",
    "date": "15.03.11",
    "rating": "1",
    "author": "tkfr****",
    "review_id": "9771713",
    "movie_id": "10050"
  },
  {
    "review": "당시엔 엄청난 이슈였을 다중인격 소재와 조악한 기술력으로 이만큼 만들었다는 대단한 사실은 고려안하고.",
    "date": "15.03.06",
    "rating": "6",
    "author": "hell****",
    "review_id": "9759772",
    "movie_id": "10050"
  },
  {
    "review": "보세요. 재밌습니다.",
    "date": "15.02.26",
    "rating": "10",
    "author": "xlro****",
    "review_id": "9741723",
    "movie_id": "10050"
  },
  {
    "review": "흑백인것만 빼면 60년대작인게 안믿길정도로 소름돋는다",
    "date": "15.02.25",
    "rating": "8",
    "author": "kyrm****",
    "review_id": "9735917",
    "movie_id": "10050"
  },
  {
    "review": "그때당시로는혁신이였을듯 근데이거시리즈물이줄이야",
    "date": "15.02.15",
    "rating": "9",
    "author": "xx41****",
    "review_id": "9700113",
    "movie_id": "10050"
  },
  {
    "review": "후 그 60년대의 충격일지는 모르겠지만 영화자체가 잘만들어진듯",
    "date": "15.01.21",
    "rating": "10",
    "author": "dani****",
    "review_id": "9620126",
    "movie_id": "10050"
  },
  {
    "review": "괜히 명작소리를 듣는게 아니다.",
    "date": "15.01.10",
    "rating": "10",
    "author": "cks1****",
    "review_id": "9578832",
    "movie_id": "10050"
  },
  {
    "review": "희대의 명작, 히치콕 그대는 역사",
    "date": "15.01.07",
    "rating": "9",
    "author": "bamb****",
    "review_id": "9571125",
    "movie_id": "10050"
  },
  {
    "review": "요즘 공포영화도 이만큼 섬뜩한 느낌을 주지 못하는데 1960년작이라... 대단한것같습니다",
    "date": "14.12.02",
    "rating": "9",
    "author": "2_dp****",
    "review_id": "9440993",
    "movie_id": "10050"
  },
  {
    "review": "반전스릴러영화의 교과서라 보면됨. 하지만 그 이상, 그 이하도 없었음 걍 요즘사람이 보기엔 지루한 고전영화. 공포영화의 역사가 궁금하다해서 궂이 본다면 예상했던 그대로를 보게될거임",
    "date": "14.11.26",
    "rating": "1",
    "author": "ddab****",
    "review_id": "9423596",
    "movie_id": "10050"
  },
  {
    "review": "긴장과 불안이 영화 전체를 지배한다. 60년대에 이런 영화가 나올 수 있다는 게 그저 신기할 따름이다...",
    "date": "14.11.17",
    "rating": "10",
    "author": "yhs4****",
    "review_id": "9396487",
    "movie_id": "10050"
  },
  {
    "review": "위대한 테크닉과  평범한 서사의 결합",
    "date": "14.11.15",
    "rating": "7",
    "author": "rd72****",
    "review_id": "9388454",
    "movie_id": "10050"
  },
  {
    "review": "백년이 더 지나도 쇼킹할 영화",
    "date": "14.11.01",
    "rating": "10",
    "author": "yags****",
    "review_id": "9332968",
    "movie_id": "10050"
  },
  {
    "review": "최근에 나온 베이츠모텔이라는 미드를 본 후 싸이코를 보고싶어서 보게됐는데...지금까지 본 공표영화중 최고라고 할 정도로 정말 재미있게 봤어요!! 정말 대박인듯... 흑백인데도 긴장감이 넘치고 무서웠어요.!히치콕의 신의한수!!!!",
    "date": "14.10.23",
    "rating": "10",
    "author": "ingu****",
    "review_id": "9311023",
    "movie_id": "10050"
  },
  {
    "review": "60년도에 음성변조 어플을 사용한 미래에서 스마트폰 들고 타임워프한 살인마 이야기.. ㅋㅋ",
    "date": "14.10.11",
    "rating": "1",
    "author": "outs****",
    "review_id": "9283178",
    "movie_id": "10050"
  },
  {
    "review": "그냥 말이필요없는 최고",
    "date": "14.09.18",
    "rating": "10",
    "author": "eoeo****",
    "review_id": "9221978",
    "movie_id": "10050"
  },
  {
    "review": "지금봐도 전혀 촌스럽지 않은 스릴러",
    "date": "14.09.13",
    "rating": "10",
    "author": "jsb0****",
    "review_id": "9209937",
    "movie_id": "10050"
  },
  {
    "review": "새벽 3시에 혼자 불 끄고 봄 내가 미쳤지",
    "date": "14.08.19",
    "rating": "10",
    "author": "skin****",
    "review_id": "9109668",
    "movie_id": "10050"
  },
  {
    "review": "진짜 스릴 완전 쩔어...bb",
    "date": "14.08.16",
    "rating": "10",
    "author": "cjfg****",
    "review_id": "9097451",
    "movie_id": "10050"
  },
  {
    "review": "꺄아악~~~~ 리메이크보다 오리지널이 훨 낫다.",
    "date": "14.08.07",
    "rating": "10",
    "author": "jere****",
    "review_id": "9041798",
    "movie_id": "10050"
  },
  {
    "review": "안소니 퍼킨스 짱짱임 ^^b",
    "date": "14.07.24",
    "rating": "10",
    "author": "fink****",
    "review_id": "8950627",
    "movie_id": "10050"
  },
  {
    "review": "와..진짜 미쳤다 이게 60년 작 이라니....와..진짜 봐온 스릴러 영화 증에 손에 꼽는다 정말..",
    "date": "14.07.20",
    "rating": "10",
    "author": "char****",
    "review_id": "8933171",
    "movie_id": "10050"
  },
  {
    "review": "this perpect!!",
    "date": "14.07.10",
    "rating": "10",
    "author": "weev****",
    "review_id": "8901415",
    "movie_id": "10050"
  },
  {
    "review": "1960년대에 이런 영화는 2010년 아바타보다 훨씬 더 훌륭한 작품이라 생각한다(개인적으로)",
    "date": "14.07.05",
    "rating": "8",
    "author": "ksh6****",
    "review_id": "8885749",
    "movie_id": "10050"
  },
  {
    "review": "엔딩나오기 직전까지도  영화가 너무 뻔한것 같다고 생각했지만, 마지막 배우의 표정연기,나레이션,똥파리의 3박자는 정말 강렬했다.",
    "date": "14.07.05",
    "rating": "10",
    "author": "ddud****",
    "review_id": "8884279",
    "movie_id": "10050"
  },
  {
    "review": "결말부의 친절한 설명이아니라면 정말 완벽했을 서스펜스 영화",
    "date": "14.06.27",
    "rating": "8",
    "author": "wjdg****",
    "review_id": "8862010",
    "movie_id": "10050"
  },
  {
    "review": "옛날 영화가 이렇게 몰입도가 있냐.. 진심 마지막에 무서워서 혼났다.. 그리고 반전까지.. 진짜 대박이다..",
    "date": "14.06.24",
    "rating": "10",
    "author": "ryob****",
    "review_id": "8850232",
    "movie_id": "10050"
  },
  {
    "review": "완전최고....!.",
    "date": "14.06.13",
    "rating": "10",
    "author": "strb****",
    "review_id": "8826713",
    "movie_id": "10050"
  },
  {
    "review": "샤워씬과 버나드 허먼의 음악으로 눈속임한 가짜 명작",
    "date": "14.06.01",
    "rating": "6",
    "author": "setm****",
    "review_id": "8783154",
    "movie_id": "10050"
  },
  {
    "review": "그냥 불후의 명작임.최고다.눈요기나 잔인함 없이 인간 내면의 흐름과 심리를 바탕으로  관객을 자극하는데 시대를 한참 앞서간 수작이 아닐까 싶다.",
    "date": "14.05.27",
    "rating": "10",
    "author": "jwjy****",
    "review_id": "8770643",
    "movie_id": "10050"
  },
  {
    "review": "최고다 진짜 명작. 양들의침묵같은것과는 차원이 다른 진짜 원조. 충격임.",
    "date": "14.04.27",
    "rating": "10",
    "author": "mymi****",
    "review_id": "8675949",
    "movie_id": "10050"
  },
  {
    "review": "스릴러의 교과서...",
    "date": "14.04.15",
    "rating": "10",
    "author": "dofd****",
    "review_id": "8652021",
    "movie_id": "10050"
  },
  {
    "review": "자극적이지 않으면서도 긴장되는 영화 시대적 분위기도 있지만 매우 느낌있는 영화",
    "date": "14.04.01",
    "rating": "7",
    "author": "kink****",
    "review_id": "8622366",
    "movie_id": "10050"
  },
  {
    "review": "누가 이걸 50년 전 영화라고 생각할까? 왜 히치콕히치콕하는지 알겟음!",
    "date": "14.03.26",
    "rating": "10",
    "author": "rami****",
    "review_id": "8608792",
    "movie_id": "10050"
  },
  {
    "review": "흑백영화라 더 무서워..ㅋㅋ",
    "date": "14.03.07",
    "rating": "10",
    "author": "seow****",
    "review_id": "8561456",
    "movie_id": "10050"
  },
  {
    "review": "히치콕이 왜 최고인가 에 대한 답. 공포, 스릴러를 만드려는 감독들의 교본.",
    "date": "14.02.28",
    "rating": "10",
    "author": "ohyu****",
    "review_id": "8545053",
    "movie_id": "10050"
  },
  {
    "review": "60년대 이후 공포영화는 단지 이 싸이코라는 나무의 가지란 생각을 들게 만들었어.. 그렇게 보면 발전보단 발견이 갑",
    "date": "14.02.04",
    "rating": "10",
    "author": "taeg****",
    "review_id": "8475538",
    "movie_id": "10050"
  },
  {
    "review": "지금도 여전히 흥미진진한데 당시엔 얼마나 충격적이였을까",
    "date": "14.02.03",
    "rating": "10",
    "author": "jong****",
    "review_id": "8470681",
    "movie_id": "10050"
  },
  {
    "review": "스릴러 영화의 기념비적 영화.",
    "date": "14.01.20",
    "rating": "10",
    "author": "kxvt****",
    "review_id": "8401784",
    "movie_id": "10050"
  },
  {
    "review": "그냥 최고라는 말밖에 안 나온다",
    "date": "14.01.06",
    "rating": "10",
    "author": "kslv****",
    "review_id": "8353860",
    "movie_id": "10050"
  },
  {
    "review": "정신분열 공포물의 전형을 창조한 원조... 지금도 어릴적 TV 명화극장의 충격이 고스란히 전해져... 자넷 리의 샤워씬과 범인의 정체... Bates Motel과 Norman Bates로 기억되는 안소니 퍼킨스의 열연, 히치콕 작품 중 가장 센세이셔널",
    "date": "13.12.27",
    "rating": "10",
    "author": "sioh****",
    "review_id": "8309533",
    "movie_id": "10050"
  },
  {
    "review": "인물들의 심리에 몰입되는 느낌..",
    "date": "13.12.10",
    "rating": "8",
    "author": "meta****",
    "review_id": "8204305",
    "movie_id": "10050"
  },
  {
    "review": "아니 ㅅㅂ 옛날엔 재밌었을지 모르지만 지금은 2013년이라고 ㅡㅡ 2013 관객의 입장으로 평점줘야할거 아니야.. 베댓 믿고 봤다가 진짜 겁나 후회중...아  나의 1시간 48분 51초 돌려내.. 최근 본 영화중에 가장 최악이라고 생각한다.",
    "date": "13.12.08",
    "rating": "1",
    "author": "geon****",
    "review_id": "8199935",
    "movie_id": "10050"
  },
  {
    "review": "흑백영화인데도 불구하고 지금 시대에 나오는 영화보다 더 공포스러웠고 스릴있었다 이 작품이야 말로 공포 스릴러의 표본, 정석이다",
    "date": "13.12.07",
    "rating": "9",
    "author": "lkyl****",
    "review_id": "8195791",
    "movie_id": "10050"
  },
  {
    "review": "흑백영화라고 무시해서 ㅈㅅ해요.... 진짜 이당시에 영화봤으면 어ㅓㅓㅓㅁ청 충격받았을듯..",
    "date": "13.11.24",
    "rating": "10",
    "author": "urba****",
    "review_id": "8165764",
    "movie_id": "10050"
  },
  {
    "review": "왜 히치콕 히치콕 하는지 알겠다",
    "date": "13.11.18",
    "rating": "10",
    "author": "jjog****",
    "review_id": "8149230",
    "movie_id": "10050"
  },
  {
    "review": "소름 돋게 단호하게 내려찍는 장면이 압권. 히치콕의 베스트.",
    "date": "13.11.04",
    "rating": "10",
    "author": "cles****",
    "review_id": "8115475",
    "movie_id": "10050"
  },
  {
    "review": "마지막에 심장 떨어질뻔 한 장면",
    "date": "13.10.26",
    "rating": "10",
    "author": "ych8****",
    "review_id": "8089818",
    "movie_id": "10050"
  },
  {
    "review": "샤워씬은 영화 역사의 한장면이고 4만달러 도망녀가 사이코한테 걸려서 희생당하는 내용",
    "date": "13.10.10",
    "rating": "9",
    "author": "danz****",
    "review_id": "8049374",
    "movie_id": "10050"
  },
  {
    "review": "흑백이라 믿을수 없는 명작",
    "date": "13.09.12",
    "rating": "10",
    "author": "king****",
    "review_id": "7971392",
    "movie_id": "10050"
  },
  {
    "review": "9점에서 10점은 충분히 받을수있는  영화에요 공포스런 음악과 함께 ㅎㅎ",
    "date": "13.09.09",
    "rating": "10",
    "author": "gggp****",
    "review_id": "7960627",
    "movie_id": "10050"
  },
  {
    "review": "내가 본 가장 완벽한 스릴러물.",
    "date": "13.08.13",
    "rating": "9",
    "author": "boyc****",
    "review_id": "7876004",
    "movie_id": "10050"
  },
  {
    "review": "명불허전",
    "date": "13.08.11",
    "rating": "8",
    "author": "ksyi****",
    "review_id": "7868352",
    "movie_id": "10050"
  },
  {
    "review": "세월이 훌쩍 지난 지금 아직도 욕실 씬 에서는 소름이 돋는다",
    "date": "13.08.08",
    "rating": "10",
    "author": "ujum****",
    "review_id": "7859739",
    "movie_id": "10050"
  },
  {
    "review": "존경합니다!",
    "date": "13.08.04",
    "rating": "10",
    "author": "oh_b****",
    "review_id": "7837019",
    "movie_id": "10050"
  },
  {
    "review": "미쳤네..왜 히치콕 히치콕 하는지 알겠다.",
    "date": "13.08.03",
    "rating": "10",
    "author": "kyle****",
    "review_id": "7825578",
    "movie_id": "10050"
  },
  {
    "review": "베이츠모텔을 보고 이 영화를 보면 안맞는 부분이 좀 있고 몰입도가 좀 떨어질 수 있음. 당시 시대로 보면 가히 충격적이고 반전있는 영화였지만 지금 보면 스토리를 이어나가기 위해 주인공의 실수와 껴맞춘 부분이 좀 아쉬움. 주인공엄마죽이고이중인격임ㅋㅋㅋ",
    "date": "13.08.02",
    "rating": "5",
    "author": "remi****",
    "review_id": "7816105",
    "movie_id": "10050"
  },
  {
    "review": "1962년작 경이롭다 스릴러 영화의 표본!",
    "date": "13.07.30",
    "rating": "10",
    "author": "ghzm****",
    "review_id": "7798983",
    "movie_id": "10050"
  },
  {
    "review": "중간에 반전을 알아채긴 했지만 어디선가 본듯한 이 반전이 60년대 영화라는 사실에 놀람. 최근에 본 여러가지 반전 영화들은 이 영화를 모태로 한 것 같네요. 잘봤습니다.",
    "date": "13.07.23",
    "rating": "10",
    "author": "nyx0****",
    "review_id": "7776658",
    "movie_id": "10050"
  },
  {
    "review": "시끌벅적하지 않고 서서히 몰입시키면서 조금씩 스릴이 보는이의 정서속으로 깊이 파고들게 만드는 전개가 훌륭함",
    "date": "13.07.19",
    "rating": "10",
    "author": "free****",
    "review_id": "7759522",
    "movie_id": "10050"
  },
  {
    "review": "10점 이외의 점수를 주기 어려운 영화다",
    "date": "13.07.18",
    "rating": "10",
    "author": "jong****",
    "review_id": "7758260",
    "movie_id": "10050"
  },
  {
    "review": "부부인척 방에 들어갔을때 구멍으로 보고있었을꺼 생각하니까 소름돋는닫 ㄷ",
    "date": "13.07.15",
    "rating": "10",
    "author": "zxcv****",
    "review_id": "7744647",
    "movie_id": "10050"
  },
  {
    "review": "와 미친 진심 대박....",
    "date": "13.07.02",
    "rating": "10",
    "author": "jhh1****",
    "review_id": "7697366",
    "movie_id": "10050"
  },
  {
    "review": "ㅇ",
    "date": "13.06.29",
    "rating": "9",
    "author": "real****",
    "review_id": "7688713",
    "movie_id": "10050"
  },
  {
    "review": "지금봐도 전혀 촌스럽지 않은 작품 공포 스릴러의 수작",
    "date": "13.06.21",
    "rating": "10",
    "author": "ken5****",
    "review_id": "7663868",
    "movie_id": "10050"
  },
  {
    "review": "요즘이야 다중인격 스릴러 영화가 널려있지만 당시에는 매우 쇼킹했을 듯. 흑백의 강렬한 콘트라스트와 영화 내내 흐르는 불협화음은 컬러영화의 시뻘건 피보다 훨씬 자극적이다. 가장 놀라운건 영화초반 사무실의 널널한 분위기.나도 속 끓이지않고 살고싶다구 !!",
    "date": "13.06.17",
    "rating": "7",
    "author": "acin****",
    "review_id": "7651167",
    "movie_id": "10050"
  },
  {
    "review": "왜 영화인들의 교과서라 불리는지 알 것 같다. 60년도에 만들어졌다고는 믿을 수 없는 영화.",
    "date": "13.06.05",
    "rating": "8",
    "author": "cinn****",
    "review_id": "7585726",
    "movie_id": "10050"
  },
  {
    "review": "END 가 뜰 때 대박 이라고 자연스럽게 외쳐지는 엄청난 작품 !",
    "date": "13.06.04",
    "rating": "10",
    "author": "nnnu****",
    "review_id": "7579647",
    "movie_id": "10050"
  },
  {
    "review": "고전 명작의 모든 매력이 살아 숨쉬는 영화.",
    "date": "13.05.31",
    "rating": "8",
    "author": "floo****",
    "review_id": "7567581",
    "movie_id": "10050"
  },
  {
    "review": "버나드 허만의 미친 음악,히치콕 절정기의 연출.",
    "date": "13.05.23",
    "rating": "9",
    "author": "cary****",
    "review_id": "7549660",
    "movie_id": "10050"
  },
  {
    "review": "당시로선 10점도 부족하다.",
    "date": "13.05.20",
    "rating": "10",
    "author": "biga****",
    "review_id": "7544254",
    "movie_id": "10050"
  },
  {
    "review": "정말 대단한 연출력이다 1960년 작품이 지금보다도 완성도가 높으며,서스펜스 효과를 더잘 극대화시키다니..오랜만에 보고나서 희열을 느끼게해준작품이다",
    "date": "13.05.19",
    "rating": "9",
    "author": "chjy****",
    "review_id": "7541467",
    "movie_id": "10050"
  },
  {
    "review": "인간의 심리를 자극하는 서스펜스 스릴러의 원조. 전설적인 영화",
    "date": "13.05.14",
    "rating": "10",
    "author": "luna****",
    "review_id": "7527615",
    "movie_id": "10050"
  },
  {
    "review": "가히 충격적이다!",
    "date": "13.05.13",
    "rating": "10",
    "author": "r_uz****",
    "review_id": "7525896",
    "movie_id": "10050"
  },
  {
    "review": "히치콕 감독 최고의 역작!",
    "date": "13.04.29",
    "rating": "10",
    "author": "psmi****",
    "review_id": "7493326",
    "movie_id": "10050"
  },
  {
    "review": "피라이멀피어 강추여!스켈레톤키 ,아메리칸 싸이코 , 호스텔 ,강추여~~~~",
    "date": "13.04.27",
    "rating": "10",
    "author": "labl****",
    "review_id": "7488933",
    "movie_id": "10050"
  },
  {
    "review": "진짜 죽기전에 봐야할 걸작선~!",
    "date": "13.04.16",
    "rating": "10",
    "author": "kjjh****",
    "review_id": "7463146",
    "movie_id": "10050"
  },
  {
    "review": "과연 히치콕!이라는 평이 나오게 하는 서스펜스 스릴러",
    "date": "13.04.11",
    "rating": "10",
    "author": "fora****",
    "review_id": "7449230",
    "movie_id": "10050"
  },
  {
    "review": "명작",
    "date": "13.04.07",
    "rating": "10",
    "author": "alem****",
    "review_id": "7441949",
    "movie_id": "10050"
  },
  {
    "review": "서스펜스 스릴러의 모태 영원히 기억될 명작",
    "date": "13.04.06",
    "rating": "10",
    "author": "figh****",
    "review_id": "7438067",
    "movie_id": "10050"
  },
  {
    "review": "시간가는줄 모르고 봤다. 정말..",
    "date": "13.03.30",
    "rating": "9",
    "author": "dpdj****",
    "review_id": "7424263",
    "movie_id": "10050"
  },
  {
    "review": "소름 돋는다.",
    "date": "13.03.28",
    "rating": "10",
    "author": "rlad****",
    "review_id": "7416489",
    "movie_id": "10050"
  },
  {
    "review": "말이 필요 없는 명작",
    "date": "13.03.28",
    "rating": "10",
    "author": "pht1****",
    "review_id": "7416486",
    "movie_id": "10050"
  },
  {
    "review": "이것이야말로 호러와 서스펜스의 컬트무비라 할수있다.박찬욱<스토커>에서 여러가지 인용했음을 이 영화를 보고나면 알 수 있다.",
    "date": "13.03.24",
    "rating": "10",
    "author": "neoi****",
    "review_id": "7405057",
    "movie_id": "10050"
  },
  {
    "review": "핏빛 고어 없이도 충분히 무서운 장면들이 많다. 단순한 이야기에도 관객의 심리를 끝까지 유지하면서, 긴장의 끈을 절대 놓치지 않는다. 긴장과 서스펜스 그 자체의 영화.",
    "date": "13.03.20",
    "rating": "9",
    "author": "zxc1****",
    "review_id": "7377021",
    "movie_id": "10050"
  }
]