[
  {
    "review": "나에겐 전쟁 액션영화가 무엇인지 눈뜨게 해준 걸작이다.",
    "date": "15.08.15",
    "rating": "10",
    "author": "y2ke****",
    "review_id": "10236205",
    "movie_id": "10056"
  },
  {
    "review": "영화의 완성도를 떠나 상처받은 용병, 람보라는 캐릭터는 기념비적이다.",
    "date": "15.08.07",
    "rating": "9",
    "author": "stil****",
    "review_id": "10196291",
    "movie_id": "10056"
  },
  {
    "review": "박수칠 때 떠났어야 했다",
    "date": "15.05.15",
    "rating": "3",
    "author": "rd72****",
    "review_id": "9919361",
    "movie_id": "10056"
  },
  {
    "review": "람보는 1편이 진리. 2편부턴 걍 상업성을 목적으로 만든 액션 아류작이라고 보면된다",
    "date": "15.03.15",
    "rating": "1",
    "author": "ddab****",
    "review_id": "9783530",
    "movie_id": "10056"
  },
  {
    "review": "람보는 전쟁씬 말고도 볼게많음",
    "date": "15.03.09",
    "rating": "10",
    "author": "rjsd****",
    "review_id": "9769482",
    "movie_id": "10056"
  },
  {
    "review": "1편과 3편과는 비교가 안되는 시나리오와 연출력, 궁금해서 찾아보니,1편에서 끝날 이야기를 2편을 위해 자살하는 람보를 1편에서 감독을 설득해서 살려두었고, 2편을 위해서 제임스 카메론을 찾아가 시나리오를 여러번 수정한 스탤론의 정성이 깃들어진 작품",
    "date": "15.02.23",
    "rating": "10",
    "author": "khs2****",
    "review_id": "9730793",
    "movie_id": "10056"
  },
  {
    "review": "살인기계의 쑥대밭 액션",
    "date": "14.12.08",
    "rating": "9",
    "author": "arti****",
    "review_id": "9458709",
    "movie_id": "10056"
  },
  {
    "review": "어눌한 표정으로 기관총을 쏘던 그가 좋다",
    "date": "14.10.13",
    "rating": "7",
    "author": "setm****",
    "review_id": "9289599",
    "movie_id": "10056"
  },
  {
    "review": "전문평에선 대차게까던데, 2편까지 봐야만 람보가 완성된다. 이후부턴 뭐...그냥; 1편에서 평화에찌든인간과 전사간의 충돌로 비극이 일어났다면 2편에선 적재적소, 말없던 람보가 못했던 표현을 몸으로 직접 행사한다. 전쟁이 나쁠지언정 전사는 아름답다.",
    "date": "14.10.04",
    "rating": "9",
    "author": "sixm****",
    "review_id": "9263427",
    "movie_id": "10056"
  },
  {
    "review": "무미건조의 정도를 지나친 헛탕질.",
    "date": "14.08.13",
    "rating": "4",
    "author": "rygh****",
    "review_id": "9076422",
    "movie_id": "10056"
  },
  {
    "review": "2편까지는 그래도 볼만하네요!",
    "date": "14.08.01",
    "rating": "7",
    "author": "clou****",
    "review_id": "9002253",
    "movie_id": "10056"
  },
  {
    "review": "85년도 개봉.... 미국클라스 지린다진짜....",
    "date": "14.06.06",
    "rating": "10",
    "author": "m132****",
    "review_id": "8802315",
    "movie_id": "10056"
  },
  {
    "review": "액션 영화의 전설. 안보면 후회할 영화임!",
    "date": "14.05.24",
    "rating": "9",
    "author": "zxvt****",
    "review_id": "8761690",
    "movie_id": "10056"
  },
  {
    "review": "\" 우리가 조국을 사랑하는 만큼만 조국이 우리를 사랑해 주는것.. 그게 제가 원하는 것입니다 \"",
    "date": "14.04.17",
    "rating": "10",
    "author": "vkfn****",
    "review_id": "8655729",
    "movie_id": "10056"
  },
  {
    "review": "80년대 액션 그 시대의 레전드 히어로람보 그립고 영원하제 ㅎㅎ 겁나 재미있게잘 봤다",
    "date": "14.04.05",
    "rating": "10",
    "author": "yyho****",
    "review_id": "8629187",
    "movie_id": "10056"
  },
  {
    "review": "목걸이 짧은 거 죵나 신경쓰이네",
    "date": "14.01.28",
    "rating": "10",
    "author": "wogu****",
    "review_id": "8439809",
    "movie_id": "10056"
  },
  {
    "review": "람보1은 반전영화로서 명작이지만, 람보2 역시 슈퍼솔저물의 시초격인 명작이다. \"조국도 자신들을 사랑해달라\"는 메시지도 담겨있고 특히, (시간관계상 비약이 있지만) 사랑하는 여인을 잃고 등장하는 그 유명한 머리띠 묶는 장면은 전율을  불러일으킨다.",
    "date": "14.01.12",
    "rating": "9",
    "author": "dhka****",
    "review_id": "8373787",
    "movie_id": "10056"
  },
  {
    "review": "으아..람보가 100명만 있어도 세계를 정복하겠다!",
    "date": "13.09.27",
    "rating": "8",
    "author": "pont****",
    "review_id": "8017437",
    "movie_id": "10056"
  },
  {
    "review": "세월이 지나도 역시 명작이다........",
    "date": "13.08.20",
    "rating": "9",
    "author": "adiv****",
    "review_id": "7905325",
    "movie_id": "10056"
  },
  {
    "review": "1탄보고 기대한 내가 바보였다",
    "date": "13.08.15",
    "rating": "2",
    "author": "chom****",
    "review_id": "7887482",
    "movie_id": "10056"
  },
  {
    "review": "람보.. 2편부터 미제국주의의 심볼아닌 심볼로 이상하게 변질되어 가다",
    "date": "13.08.03",
    "rating": "9",
    "author": "spar****",
    "review_id": "7832015",
    "movie_id": "10056"
  },
  {
    "review": "이것이 일당백 람보",
    "date": "13.07.14",
    "rating": "10",
    "author": "mara****",
    "review_id": "7739164",
    "movie_id": "10056"
  },
  {
    "review": "다시 봐도 멋있는 영화다",
    "date": "13.07.11",
    "rating": "10",
    "author": "jhh1****",
    "review_id": "7724102",
    "movie_id": "10056"
  },
  {
    "review": "몰입도 최고 ㅋ 전 1편보다 재밌었습니다 ㅎ",
    "date": "13.06.24",
    "rating": "9",
    "author": "jaco****",
    "review_id": "7674773",
    "movie_id": "10056"
  },
  {
    "review": "1편보다 액션신만 늘었을뿐 1의 감동을 따라가지못한다.억지로 스토리를 만든느낌과 오글거리는대사가 거슬렸다",
    "date": "13.05.01",
    "rating": "7",
    "author": "red8****",
    "review_id": "7499702",
    "movie_id": "10056"
  },
  {
    "review": "ㅎㄴㅊㄴㆍ",
    "date": "13.04.07",
    "rating": "10",
    "author": "sony****",
    "review_id": "7442236",
    "movie_id": "10056"
  },
  {
    "review": "10점 만점에 10점",
    "date": "13.03.16",
    "rating": "10",
    "author": "ske4****",
    "review_id": "7351696",
    "movie_id": "10056"
  },
  {
    "review": "무적람보",
    "date": "13.03.12",
    "rating": "10",
    "author": "nice****",
    "review_id": "7343575",
    "movie_id": "10056"
  },
  {
    "review": "그린베레는 세계최강이었다",
    "date": "13.01.30",
    "rating": "7",
    "author": "virt****",
    "review_id": "7199178",
    "movie_id": "10056"
  },
  {
    "review": "람보라는 캐릭터를 만들어낸 작품",
    "date": "12.11.15",
    "rating": "10",
    "author": "pat6****",
    "review_id": "6891937",
    "movie_id": "10056"
  },
  {
    "review": "당시에는 화끈한 액션이었겠지만 지금 보기엔 그냥 총질에 어설픈 음향효과와 어색한 조연 단역들의 연기",
    "date": "12.09.22",
    "rating": "5",
    "author": "fait****",
    "review_id": "6724009",
    "movie_id": "10056"
  },
  {
    "review": "무적 람보 이미지를 만든 작품. 많은 명장면들을 만들어낸 작품. 하지만 요즘 보기에는 액션이 적었던 전작보다도 지루한 느낌이 살짝 든다. 미국우월주의? 비판을 위한 영화가 있으면 미화를 위한 작품도 있다. 시야를 넓히고 적정선에서 받아들이면 된다.",
    "date": "12.09.11",
    "rating": "8",
    "author": "sbj1****",
    "review_id": "6688382",
    "movie_id": "10056"
  },
  {
    "review": "람보와 싸우는 자들은 누구인가여?",
    "date": "12.09.11",
    "rating": "10",
    "author": "zerg****",
    "review_id": "6687394",
    "movie_id": "10056"
  },
  {
    "review": "터미네이터2와 같이  여러번 본 영화입니다.폭력 미화나 미국 지상주의 라는 말도 있지만 솔직히 미국영화니 당연하지않을까요? 폭력 미화라는 말도 액션영화치고 안 그런 영화는 없을 것 같네요. 근래나온 액션영화보다는 과거 액션 영화가 더 좋더라고요.",
    "date": "12.09.06",
    "rating": "10",
    "author": "lady****",
    "review_id": "6672489",
    "movie_id": "10056"
  },
  {
    "review": "액션과 스타일 멋지다. 그런데 제대로 즐기게 하려면 적어도 이렇게 몰상식한 주제는 벗어나야 하는 거 아냐? 고등학교 2학년 때 이런 부류의 영화를 아무 생각 없이 재밌게 볼 수 있었던  기억은, 당시 미성숙했던 나의 지적능력에 대한 재밌는 기록일 뿐.",
    "date": "12.08.28",
    "rating": "6",
    "author": "acin****",
    "review_id": "6649245",
    "movie_id": "10056"
  },
  {
    "review": "참....... 이래서 미국우월주의라는것이 무서운것이구나........에라이 샹",
    "date": "12.08.17",
    "rating": "1",
    "author": "tlqk****",
    "review_id": "6616273",
    "movie_id": "10056"
  },
  {
    "review": "에이리언2,터미네이터2 와 더불어서 전편보다 한층 업그레이드된 오락영화 액션 영화로는 전혀 손색이 없다 지금봐도 재미있다",
    "date": "12.08.10",
    "rating": "9",
    "author": "tlsg****",
    "review_id": "6588566",
    "movie_id": "10056"
  },
  {
    "review": "몇년에 한번씩봐도 재미 있네요ㅋㅋ",
    "date": "12.08.07",
    "rating": "10",
    "author": "kym2****",
    "review_id": "6579062",
    "movie_id": "10056"
  },
  {
    "review": "중학교때 비디오로 정말 몇십번도 더본 영화다  정말 스탤론이 좋아지게된 작품 최고의 액션전투영화 람보2...",
    "date": "12.07.14",
    "rating": "10",
    "author": "fere****",
    "review_id": "6479944",
    "movie_id": "10056"
  },
  {
    "review": "총알도 피하는 무적의 람보",
    "date": "12.05.27",
    "rating": "10",
    "author": "bsm9****",
    "review_id": "6338340",
    "movie_id": "10056"
  },
  {
    "review": "생각하기 싫어하는 자들에겐, 람보가 만화로만 보이는 법이지. 이용당하며 살지마라!",
    "date": "12.03.19",
    "rating": "8",
    "author": "wana****",
    "review_id": "6154255",
    "movie_id": "10056"
  },
  {
    "review": "마지막 헬기 개박살 장면은 요즘 영화와 비교해도 손색없고 더 화끈하다",
    "date": "12.02.24",
    "rating": "9",
    "author": "powe****",
    "review_id": "6100031",
    "movie_id": "10056"
  },
  {
    "review": "람보1 이후로 람보는 죽었다. 현실성 제로.. 헬쓰클럽 홍보용 영화. 근육 뚱땡이..",
    "date": "12.02.23",
    "rating": "1",
    "author": "chav****",
    "review_id": "6097603",
    "movie_id": "10056"
  },
  {
    "review": "람보는 호감상이야...",
    "date": "12.01.23",
    "rating": "5",
    "author": "comm****",
    "review_id": "6012129",
    "movie_id": "10056"
  },
  {
    "review": "액션영화 역사상 최고의 작품",
    "date": "11.11.19",
    "rating": "10",
    "author": "emdr****",
    "review_id": "5857445",
    "movie_id": "10056"
  },
  {
    "review": "람보1 보다 더 유명한 영화..",
    "date": "11.11.07",
    "rating": "9",
    "author": "tn99****",
    "review_id": "5834066",
    "movie_id": "10056"
  },
  {
    "review": "한시대의 획을 그은영화 스텔론을 지존으로 만든 결정타 울옆집 현아도본그영화",
    "date": "11.09.28",
    "rating": "10",
    "author": "qngh****",
    "review_id": "5757499",
    "movie_id": "10056"
  },
  {
    "review": "람보의 꼭지는 여기.",
    "date": "11.09.19",
    "rating": "7",
    "author": "tori****",
    "review_id": "5740176",
    "movie_id": "10056"
  },
  {
    "review": "80년대의 전설! 실베스터 스탤론... 그당시엔 일당백이었다!",
    "date": "11.08.22",
    "rating": "10",
    "author": "sly1****",
    "review_id": "5679237",
    "movie_id": "10056"
  },
  {
    "review": "1보다 많이 나아졌다.. 고달픈 군인이였어.. 염세적이고 비관적인..",
    "date": "11.08.19",
    "rating": "9",
    "author": "amoh****",
    "review_id": "5670410",
    "movie_id": "10056"
  },
  {
    "review": "최고~",
    "date": "11.08.14",
    "rating": "10",
    "author": "foto****",
    "review_id": "5647512",
    "movie_id": "10056"
  },
  {
    "review": "대중적으로 가장 잘 알려진 람보의 이미지가 아마 2탄일듯",
    "date": "11.08.04",
    "rating": "6",
    "author": "cruf****",
    "review_id": "5598582",
    "movie_id": "10056"
  },
  {
    "review": "람보는 CIA의 권모술수에 넘어간것임 보여지는것만 보면 반전영화가 아님.",
    "date": "11.07.27",
    "rating": "10",
    "author": "newl****",
    "review_id": "5574825",
    "movie_id": "10056"
  },
  {
    "review": "스펙터클을 뒤집어 썼지만 나름 성공적인 속편. 장쾌한 액션.",
    "date": "11.07.26",
    "rating": "6",
    "author": "pria****",
    "review_id": "5570443",
    "movie_id": "10056"
  },
  {
    "review": "전쟁후유증 군인을 그린 1편에서 액션 요소만 빼와서 흥행물로 만들어낸 솜씨",
    "date": "11.07.09",
    "rating": "7",
    "author": "reno****",
    "review_id": "5532245",
    "movie_id": "10056"
  },
  {
    "review": "2편이 제일 마음에 듬",
    "date": "11.05.09",
    "rating": "9",
    "author": "mais****",
    "review_id": "5416224",
    "movie_id": "10056"
  },
  {
    "review": "람보의 활약상, 국가는 그를 위해 과연을 무얼 해주었을까?",
    "date": "11.02.28",
    "rating": "8",
    "author": "izzo****",
    "review_id": "5284445",
    "movie_id": "10056"
  },
  {
    "review": "람보2 티셔츠 받을려고 새벽부터 줄서있었던 기억이.ㅋㅋ",
    "date": "11.02.06",
    "rating": "10",
    "author": "wprr****",
    "review_id": "5221505",
    "movie_id": "10056"
  },
  {
    "review": "스탤론의 전형적인 막무가내파식 오락작품",
    "date": "11.01.15",
    "rating": "3",
    "author": "coco****",
    "review_id": "5158813",
    "movie_id": "10056"
  },
  {
    "review": "람보의 분노를 막을 자, 그 누가 있는가",
    "date": "10.12.04",
    "rating": "8",
    "author": "yser****",
    "review_id": "5022752",
    "movie_id": "10056"
  },
  {
    "review": "근육 쩌네 ㅋ",
    "date": "10.11.13",
    "rating": "8",
    "author": "sund****",
    "review_id": "4955658",
    "movie_id": "10056"
  },
  {
    "review": "전작의 똥칠.",
    "date": "10.09.23",
    "rating": "2",
    "author": "mr05****",
    "review_id": "4860763",
    "movie_id": "10056"
  },
  {
    "review": "액션씬은 다시 봐도 화끈. 스탤론의 절정기.",
    "date": "10.09.07",
    "rating": "9",
    "author": "sykm****",
    "review_id": "4821765",
    "movie_id": "10056"
  },
  {
    "review": "역시전설의람보 액션하나는OO",
    "date": "10.08.10",
    "rating": "9",
    "author": "dnf7****",
    "review_id": "4730911",
    "movie_id": "10056"
  },
  {
    "review": "이 영화를 모는데에는 눈알과 시신경만 있으면 된다. 요즘엔 쓰레기 영화로 보임.",
    "date": "10.08.02",
    "rating": "8",
    "author": "vgbh****",
    "review_id": "4695673",
    "movie_id": "10056"
  },
  {
    "review": "마지막 대사를 들으며 눈물이 날뻔...",
    "date": "10.05.26",
    "rating": "10",
    "author": "jae8****",
    "review_id": "4525999",
    "movie_id": "10056"
  },
  {
    "review": "액션스타로의 탄생",
    "date": "10.04.13",
    "rating": "8",
    "author": "yuye****",
    "review_id": "4430315",
    "movie_id": "10056"
  },
  {
    "review": "스탤론영화 만들어졌다하면 \"전세계\" 흥행챠트 1위먹던시절의 최고작.(람보2 - 록키4)",
    "date": "10.04.03",
    "rating": "10",
    "author": "evil****",
    "review_id": "4407667",
    "movie_id": "10056"
  },
  {
    "review": "볼거리는 풍부해졌는데 뇌가 텅 비어버리는 느낌.. 왜일까?",
    "date": "10.04.02",
    "rating": "7",
    "author": "mygr****",
    "review_id": "4403463",
    "movie_id": "10056"
  },
  {
    "review": "액션 하나는 20세기를 통틀어 손꼽을거다. 뉴밀레니엄에도 이런 액션은 없다.",
    "date": "10.03.28",
    "rating": "9",
    "author": "mayo****",
    "review_id": "4392566",
    "movie_id": "10056"
  },
  {
    "review": "85년 피카디리에서 개봉했을때 줄선 사람들 끝이 안 보일정도였음.",
    "date": "10.03.13",
    "rating": "8",
    "author": "jjyn****",
    "review_id": "4353004",
    "movie_id": "10056"
  },
  {
    "review": "역시 스탤론 80년대 액션이 요즘꺼보다 화려하고 멋지다",
    "date": "10.02.11",
    "rating": "10",
    "author": "nomo****",
    "review_id": "4268678",
    "movie_id": "10056"
  },
  {
    "review": "아 제임스카메론이었구나.. 역시 재밌더라 했어",
    "date": "10.02.04",
    "rating": "9",
    "author": "shee****",
    "review_id": "4245425",
    "movie_id": "10056"
  },
  {
    "review": "10점 투자!!",
    "date": "10.01.27",
    "rating": "10",
    "author": "ahsd****",
    "review_id": "4214631",
    "movie_id": "10056"
  },
  {
    "review": "극에 달한 전작과 다른 방향으로 또 극에 달한 영화.... 재밌음...ㅋ",
    "date": "10.01.14",
    "rating": "10",
    "author": "ehpt****",
    "review_id": "4170301",
    "movie_id": "10056"
  },
  {
    "review": "진짜루 최고엿음 마지막에 대포쏴서 죽이는장면 쩔엇음",
    "date": "10.01.09",
    "rating": "10",
    "author": "alex****",
    "review_id": "4150435",
    "movie_id": "10056"
  },
  {
    "review": "10점 만점에 10점",
    "date": "09.12.13",
    "rating": "10",
    "author": "mkmf****",
    "review_id": "4040965",
    "movie_id": "10056"
  },
  {
    "review": "액션영화의 교과서!",
    "date": "09.12.13",
    "rating": "10",
    "author": "dndd****",
    "review_id": "4039331",
    "movie_id": "10056"
  },
  {
    "review": "속편은 원편을 뛰어넘을수 없는건가?",
    "date": "09.11.18",
    "rating": "7",
    "author": "shan****",
    "review_id": "3974167",
    "movie_id": "10056"
  },
  {
    "review": "람보3",
    "date": "09.10.11",
    "rating": "10",
    "author": "chil****",
    "review_id": "3885546",
    "movie_id": "10056"
  },
  {
    "review": "대사도 멋지고 그의 카리스마는 전작에 비하면 너무도 많이 강렬해졌다",
    "date": "09.09.24",
    "rating": "10",
    "author": "ssau****",
    "review_id": "3846693",
    "movie_id": "10056"
  },
  {
    "review": "베트남 참전장병들을 철저희 망신시켜놓은 거지같은영화",
    "date": "09.09.23",
    "rating": "10",
    "author": "oper****",
    "review_id": "3845974",
    "movie_id": "10056"
  },
  {
    "review": "역시 람보...",
    "date": "09.08.22",
    "rating": "8",
    "author": "lllm****",
    "review_id": "3777418",
    "movie_id": "10056"
  },
  {
    "review": "난 2편 재미있게 봤소이다.",
    "date": "09.08.05",
    "rating": "10",
    "author": "flor****",
    "review_id": "3711285",
    "movie_id": "10056"
  },
  {
    "review": "팍스아메리카나의 전조가 보이기 시작.",
    "date": "09.08.04",
    "rating": "8",
    "author": "dlwo****",
    "review_id": "3707635",
    "movie_id": "10056"
  },
  {
    "review": "형 군대 갔다와서 람보를 보면서 남자의로망 어쩌구저쩌구 잼씀",
    "date": "09.07.29",
    "rating": "9",
    "author": "pow8****",
    "review_id": "3681337",
    "movie_id": "10056"
  },
  {
    "review": "람보 짱!",
    "date": "09.07.24",
    "rating": "7",
    "author": "tleh****",
    "review_id": "3663724",
    "movie_id": "10056"
  },
  {
    "review": "역시 전작만 못하구나../",
    "date": "09.06.30",
    "rating": "6",
    "author": "terb****",
    "review_id": "3603048",
    "movie_id": "10056"
  },
  {
    "review": "잼있어요...",
    "date": "09.06.20",
    "rating": "10",
    "author": "qhde****",
    "review_id": "3576533",
    "movie_id": "10056"
  },
  {
    "review": "람보1.2.3.4 씨리즈 본적있지만 람보2는 8점이네요",
    "date": "09.05.19",
    "rating": "10",
    "author": "pprr****",
    "review_id": "3507276",
    "movie_id": "10056"
  },
  {
    "review": "지루한편",
    "date": "09.04.15",
    "rating": "6",
    "author": "enia****",
    "review_id": "3422307",
    "movie_id": "10056"
  },
  {
    "review": "전편에 비해 상업적으로 되긴했지만 적어도 2까지는 액션의 걸작 + 제임스캐머론 각본",
    "date": "09.03.20",
    "rating": "10",
    "author": "luvb****",
    "review_id": "3377423",
    "movie_id": "10056"
  },
  {
    "review": "스크린 속, 록키와 더불어 20세기 최고의 영웅이 아닌가 싶네요.",
    "date": "09.03.08",
    "rating": "10",
    "author": "ljh1****",
    "review_id": "3355101",
    "movie_id": "10056"
  },
  {
    "review": "단순한 액션영화로 치부하지 말길... 웬만한 한국 조폭 영화보다 철학적인 부분 많음.",
    "date": "08.12.09",
    "rating": "8",
    "author": "fire****",
    "review_id": "3104082",
    "movie_id": "10056"
  },
  {
    "review": "사나이의영화.",
    "date": "08.11.12",
    "rating": "10",
    "author": "nhs0****",
    "review_id": "3045654",
    "movie_id": "10056"
  },
  {
    "review": "록키, 람보, 그리고 클리프 행어",
    "date": "08.10.20",
    "rating": "9",
    "author": "real****",
    "review_id": "3010989",
    "movie_id": "10056"
  },
  {
    "review": "2탄부터는 점점 강열해지는 것 같다. 대단하다",
    "date": "08.09.11",
    "rating": "9",
    "author": "ldg0****",
    "review_id": "2935808",
    "movie_id": "10056"
  },
  {
    "review": "혼자서 1000명은 잡은거 같은 람보형 ㄷㄷ",
    "date": "08.09.06",
    "rating": "10",
    "author": "kjsg****",
    "review_id": "2925557",
    "movie_id": "10056"
  },
  {
    "review": "사나이의 영화.",
    "date": "08.08.18",
    "rating": "10",
    "author": "kh99****",
    "review_id": "2882910",
    "movie_id": "10056"
  },
  {
    "review": "초반의 지루함은 후반에 가서 잊어라!",
    "date": "08.07.31",
    "rating": "6",
    "author": "oran****",
    "review_id": "2820608",
    "movie_id": "10056"
  }
]