[
  {
    "review": "람보는 뜨뤼가 갑 ㅎ ㅎ .",
    "date": "15.05.14",
    "rating": "10",
    "author": "outs****",
    "review_id": "9916990",
    "movie_id": "10057"
  },
  {
    "review": "개인적으로 1234전편 다 재밋엇음",
    "date": "15.03.09",
    "rating": "10",
    "author": "rjsd****",
    "review_id": "9769486",
    "movie_id": "10057"
  },
  {
    "review": "람보식 매복공격은 밀림에서 통하지.아프간 황야에선..",
    "date": "14.12.13",
    "rating": "6",
    "author": "pont****",
    "review_id": "9469241",
    "movie_id": "10057"
  },
  {
    "review": "총알도 피해가는 나는 람보다!!!",
    "date": "14.12.09",
    "rating": "8",
    "author": "arti****",
    "review_id": "9460891",
    "movie_id": "10057"
  },
  {
    "review": "미국 영웅주의가 너무 강해요!",
    "date": "14.08.01",
    "rating": "6",
    "author": "clou****",
    "review_id": "9002256",
    "movie_id": "10057"
  },
  {
    "review": "람보가 탱크를 타면 그 탱크는 A-10 기 100 대도 이길수 있다~",
    "date": "14.07.04",
    "rating": "3",
    "author": "kimd****",
    "review_id": "8883374",
    "movie_id": "10057"
  },
  {
    "review": "아직까진 람보의 명백을 이어가고 있다. 보게 된다면 후회는 안할 영화임",
    "date": "14.05.25",
    "rating": "8",
    "author": "zxvt****",
    "review_id": "8762697",
    "movie_id": "10057"
  },
  {
    "review": "최고의 명작 남자는 역시 람보를 봐야함ㅋ",
    "date": "14.05.24",
    "rating": "10",
    "author": "doke****",
    "review_id": "8760334",
    "movie_id": "10057"
  },
  {
    "review": "난 1편이 제일 좋았엉 ㅠㅠ, 그래도 재밌음!ㅋㅋ",
    "date": "14.04.22",
    "rating": "9",
    "author": "vkfn****",
    "review_id": "8665754",
    "movie_id": "10057"
  },
  {
    "review": "스텔론 성님 OO 멋짐 ㄷㄷ",
    "date": "14.02.16",
    "rating": "10",
    "author": "ojin****",
    "review_id": "8514054",
    "movie_id": "10057"
  },
  {
    "review": "람보1,2에 비하면... 부족하지만... 액션영화로는 평작...",
    "date": "14.01.30",
    "rating": "7",
    "author": "dait****",
    "review_id": "8447465",
    "movie_id": "10057"
  },
  {
    "review": "2편은 액션 위주라도 유기적으로 연결된 전체적 맥락이 있는 반면 3편은 개연성이 많이 부족하다. 탱크와 헬기의 대결은 하이라이트이면서 동시에 가장 말이 안된다. 준비 안된 감독의 연출력 부족도 문제이다. 결론적으로 람보팬을 위한 영화이다.",
    "date": "14.01.13",
    "rating": "7",
    "author": "dhka****",
    "review_id": "8378321",
    "movie_id": "10057"
  },
  {
    "review": "소련을 견제하기위해 주어진 칼이 자신을 향하게 된 지금 미국이 생각이 난다. 액션은 100점.",
    "date": "13.12.31",
    "rating": "10",
    "author": "cain****",
    "review_id": "8330365",
    "movie_id": "10057"
  },
  {
    "review": "탱크랑 헬기랑 붙으면 탱크가 이긴다ㅎㅎ",
    "date": "13.09.02",
    "rating": "7",
    "author": "hspe****",
    "review_id": "7942322",
    "movie_id": "10057"
  },
  {
    "review": "액션영화의 길을 바로 보여준 영화....   당시 이영화 인기 아주 좋았죠..게임으로도 나오고...   특히 활쏘는 장면 아직도 안잊혀지네...",
    "date": "13.08.22",
    "rating": "9",
    "author": "adiv****",
    "review_id": "7912419",
    "movie_id": "10057"
  },
  {
    "review": "액션영화로써 충분히 가치가 있다",
    "date": "13.08.09",
    "rating": "8",
    "author": "dbrx****",
    "review_id": "7861370",
    "movie_id": "10057"
  },
  {
    "review": "쓰리가 제일 재밌네!",
    "date": "13.07.26",
    "rating": "10",
    "author": "hbo1****",
    "review_id": "7788251",
    "movie_id": "10057"
  },
  {
    "review": "전편에 비해서는 아쉬움이 많았지만 나름 최고의 작품이다",
    "date": "13.07.11",
    "rating": "10",
    "author": "jhh1****",
    "review_id": "7724106",
    "movie_id": "10057"
  },
  {
    "review": "최악.",
    "date": "13.05.27",
    "rating": "1",
    "author": "s6co****",
    "review_id": "7558686",
    "movie_id": "10057"
  },
  {
    "review": "전편보다 기대에 못 미치지만 화려한 액션씬은 여전히 많은 볼거리를 보여줬다.",
    "date": "13.04.26",
    "rating": "10",
    "author": "bsm9****",
    "review_id": "7483478",
    "movie_id": "10057"
  },
  {
    "review": "10점 만점에 10점",
    "date": "13.03.16",
    "rating": "10",
    "author": "ske4****",
    "review_id": "7351697",
    "movie_id": "10057"
  },
  {
    "review": "잼있지",
    "date": "13.03.12",
    "rating": "10",
    "author": "nice****",
    "review_id": "7343573",
    "movie_id": "10057"
  },
  {
    "review": "아래 pont****란 놈 잘들어 이 영화가 나온시대는1988년이다 옛날 영화에 정교한 액션 운운 하는건 골 빈 새끼들이나 말하는거야",
    "date": "13.03.07",
    "rating": "7",
    "author": "zipp****",
    "review_id": "7328957",
    "movie_id": "10057"
  },
  {
    "review": "람보 시리즈최강은  2-1-3 이다",
    "date": "13.02.05",
    "rating": "6",
    "author": "rkdv****",
    "review_id": "7226288",
    "movie_id": "10057"
  },
  {
    "review": "그린베레출신 람보의 아프간이야기. 지금 봐도 스케일 크고 잘만든 영화. 근데 지금은 소련이 했던짓을 미국이 하고있다. 지금 반미테러범으로 불리는 이슬람 무자헤딘이 여기선 정의로운 반소련 투쟁 전사로 나온다....",
    "date": "13.01.27",
    "rating": "7",
    "author": "virt****",
    "review_id": "7183716",
    "movie_id": "10057"
  },
  {
    "review": "개인적으로 2보다 이게 작품성이 좋더라 ㅋㅋ",
    "date": "13.01.12",
    "rating": "10",
    "author": "dino****",
    "review_id": "7105626",
    "movie_id": "10057"
  },
  {
    "review": "88년 당시에는 획기적이었을 여러 시퀀스들. 지금봐도 킬링타임용으론 제격이다",
    "date": "12.11.19",
    "rating": "8",
    "author": "k4he****",
    "review_id": "6905183",
    "movie_id": "10057"
  },
  {
    "review": "평점이 7점대라서 걱정했는데 막상 보고나니 대만족~~ 활로잡는게 제일 간지였음 아 물론 땡크랑전투기도 좋았지만",
    "date": "12.10.06",
    "rating": "10",
    "author": "hsh1****",
    "review_id": "6766506",
    "movie_id": "10057"
  },
  {
    "review": "난 재밋게봤음",
    "date": "12.09.09",
    "rating": "9",
    "author": "engr****",
    "review_id": "6681723",
    "movie_id": "10057"
  },
  {
    "review": "제작사로서는  전편의 흥행을  더 우려먹고 싶었겠지. 1편에서 국가정책에 증오를 나타냈으니 참전시키기 위한 유일한 방안은 상사를 붙잡히게 하는 것. 전장은 당시 이슈였던 아프간. 이렇게 플롯을 정해놓고 짜맞추면 요따위 머리 빈 영화가 만들어지는 것.",
    "date": "12.08.31",
    "rating": "4",
    "author": "acin****",
    "review_id": "6657950",
    "movie_id": "10057"
  },
  {
    "review": "미국의 아프간침략 홍보물 ......",
    "date": "12.08.17",
    "rating": "1",
    "author": "tlqk****",
    "review_id": "6616268",
    "movie_id": "10057"
  },
  {
    "review": "솔직히 시리즈 최악이라는데 액션영화로는 전혀 지루하지않다. 난 2보다 더 재미있던데  근데  아프카니스탄을 위해 싸우는 미국최고의 군인이라...지금은 상상도 못할 이야기구나 ㅋㅋ 액션은 시리즈중 최고 람보5편도 만들어줘!!",
    "date": "12.08.13",
    "rating": "10",
    "author": "tlsg****",
    "review_id": "6600408",
    "movie_id": "10057"
  },
  {
    "review": "드라마나 연기는 1편이 제일 훌륭하고, 단순 액션영화로 보면 3편도 명작",
    "date": "12.08.05",
    "rating": "10",
    "author": "john****",
    "review_id": "6574017",
    "movie_id": "10057"
  },
  {
    "review": "1편의 철학은 약해졌으나 오락성은 시리즈 중 최고라고 생각한다.",
    "date": "11.11.30",
    "rating": "8",
    "author": "yaso****",
    "review_id": "5878580",
    "movie_id": "10057"
  },
  {
    "review": "누가 뭐래도 80년대 액션甲은 람보.",
    "date": "11.09.19",
    "rating": "5",
    "author": "tori****",
    "review_id": "5740421",
    "movie_id": "10057"
  },
  {
    "review": "OOO 요즘 만들어진 영화보다 더 뛰어난 액션 80년대 작품 맞나???",
    "date": "11.08.14",
    "rating": "10",
    "author": "foto****",
    "review_id": "5647521",
    "movie_id": "10057"
  },
  {
    "review": "미국이 월남에서 배운 교훈…인가?",
    "date": "11.08.13",
    "rating": "3",
    "author": "rygh****",
    "review_id": "5644170",
    "movie_id": "10057"
  },
  {
    "review": "보긴 봤는데 기억나는게 없는 그런 영화 이런걸 킬링타임이라고 하는건가-_-",
    "date": "11.08.04",
    "rating": "4",
    "author": "cruf****",
    "review_id": "5598592",
    "movie_id": "10057"
  },
  {
    "review": "그냥 람보 3다",
    "date": "11.08.01",
    "rating": "6",
    "author": "izzo****",
    "review_id": "5590337",
    "movie_id": "10057"
  },
  {
    "review": "늘 그렇듯 3편까지 오면 기대에 맞게 제작되다.",
    "date": "11.07.22",
    "rating": "3",
    "author": "pria****",
    "review_id": "5562538",
    "movie_id": "10057"
  },
  {
    "review": "액션만봐도 흥미있음",
    "date": "11.05.09",
    "rating": "7",
    "author": "mais****",
    "review_id": "5416227",
    "movie_id": "10057"
  },
  {
    "review": "신나는 오락액션의 결정판",
    "date": "11.04.15",
    "rating": "9",
    "author": "lbj4****",
    "review_id": "5375696",
    "movie_id": "10057"
  },
  {
    "review": "CG없이 더이상 이런 스케일의 액션물은 안나올듯....",
    "date": "11.03.12",
    "rating": "10",
    "author": "dhqk****",
    "review_id": "5309540",
    "movie_id": "10057"
  },
  {
    "review": "속편은 갈수록 조악해지다.",
    "date": "11.01.15",
    "rating": "2",
    "author": "coco****",
    "review_id": "5158816",
    "movie_id": "10057"
  },
  {
    "review": "람보는 전쟁의 신이다",
    "date": "10.12.04",
    "rating": "8",
    "author": "yser****",
    "review_id": "5022811",
    "movie_id": "10057"
  },
  {
    "review": "아프카니스탄의 험악함과 헬기 학살극, 절벽요새 공략법을... 나름 잘 그려낸 군사극!",
    "date": "10.12.04",
    "rating": "9",
    "author": "wana****",
    "review_id": "5020509",
    "movie_id": "10057"
  },
  {
    "review": "1편의 명성을 족보로 같다부치다니... 람보라서 7점이다...",
    "date": "10.11.06",
    "rating": "7",
    "author": "dnst****",
    "review_id": "4941460",
    "movie_id": "10057"
  },
  {
    "review": "람보시리즈의 퇴보",
    "date": "10.09.23",
    "rating": "2",
    "author": "mr05****",
    "review_id": "4860761",
    "movie_id": "10057"
  },
  {
    "review": "중학교 들어가기전에 봤는데 그당시는 멋졌다..그러나 지금은 좀 그렇다...",
    "date": "10.09.06",
    "rating": "4",
    "author": "thra****",
    "review_id": "4820080",
    "movie_id": "10057"
  },
  {
    "review": "베트콩에이어스페츠나츠도때려잡지만미국은지금우군으로나오는아랍계와전쟁중ㅋㅋㅋ",
    "date": "10.08.26",
    "rating": "7",
    "author": "kek1****",
    "review_id": "4792750",
    "movie_id": "10057"
  },
  {
    "review": "전작의 성공을 딛고 배출된 쓰레기",
    "date": "10.08.02",
    "rating": "6",
    "author": "vgbh****",
    "review_id": "4695679",
    "movie_id": "10057"
  },
  {
    "review": "지금의 미국이 이 영화에 나오는 소련이라고 보면됨.",
    "date": "10.04.10",
    "rating": "2",
    "author": "uhue****",
    "review_id": "4422888",
    "movie_id": "10057"
  },
  {
    "review": "화려해진 액션만큼이나 잃은 것 또한 너무 많다",
    "date": "10.04.04",
    "rating": "5",
    "author": "mygr****",
    "review_id": "4408749",
    "movie_id": "10057"
  },
  {
    "review": "전작에 비해 흥행실패 했으나 내용은 볼만함.",
    "date": "10.03.13",
    "rating": "8",
    "author": "jjyn****",
    "review_id": "4353011",
    "movie_id": "10057"
  },
  {
    "review": "이영화 최고다.  할일없는때에 보면 굿!",
    "date": "10.01.27",
    "rating": "10",
    "author": "ahsd****",
    "review_id": "4214627",
    "movie_id": "10057"
  },
  {
    "review": "액션씬 멋잇습네다",
    "date": "10.01.09",
    "rating": "8",
    "author": "alex****",
    "review_id": "4150443",
    "movie_id": "10057"
  },
  {
    "review": "잼있어요...",
    "date": "09.12.01",
    "rating": "4",
    "author": "qhde****",
    "review_id": "4008192",
    "movie_id": "10057"
  },
  {
    "review": "그냥 킬링타임겸 액션골수팬들한테는 좋은 영화 그러나 람보 진짜배기팬들은 별로일듯",
    "date": "09.11.21",
    "rating": "7",
    "author": "micr****",
    "review_id": "3980563",
    "movie_id": "10057"
  },
  {
    "review": "액션만 빼곤 죽은 람보",
    "date": "09.11.19",
    "rating": "6",
    "author": "shan****",
    "review_id": "3976077",
    "movie_id": "10057"
  },
  {
    "review": "아프칸마을 난도질 당할때 달리기시작해서 중화기로 헬기아작내는부분 압권!",
    "date": "09.11.02",
    "rating": "10",
    "author": "redo****",
    "review_id": "3933351",
    "movie_id": "10057"
  },
  {
    "review": "볼 가치가 없는 쓰래기 영화다. 원작과 1편의 명성을 완전히 망쳤다. 볼가치없다",
    "date": "09.09.23",
    "rating": "1",
    "author": "oper****",
    "review_id": "3845972",
    "movie_id": "10057"
  },
  {
    "review": "2편은 그래도 인간같던데..여기선 그냥 전쟁의 신!!!",
    "date": "09.09.17",
    "rating": "7",
    "author": "gh75****",
    "review_id": "3835847",
    "movie_id": "10057"
  },
  {
    "review": "액션으로 도배",
    "date": "09.08.30",
    "rating": "8",
    "author": "lllm****",
    "review_id": "3798906",
    "movie_id": "10057"
  },
  {
    "review": "살육의 연속.",
    "date": "09.06.26",
    "rating": "7",
    "author": "dlwo****",
    "review_id": "3591547",
    "movie_id": "10057"
  },
  {
    "review": "액션만 보면 전편중 가장 재밌는게 3편!! 지구최강의사나이 람보!",
    "date": "09.06.19",
    "rating": "10",
    "author": "ssau****",
    "review_id": "3574737",
    "movie_id": "10057"
  },
  {
    "review": "젊었을때 스탤론은 멋있었다 액션도 괜찮았고",
    "date": "09.02.16",
    "rating": "8",
    "author": "77xp****",
    "review_id": "3308035",
    "movie_id": "10057"
  },
  {
    "review": "정말 재미있다",
    "date": "09.01.26",
    "rating": "10",
    "author": "stro****",
    "review_id": "3252079",
    "movie_id": "10057"
  },
  {
    "review": "액션의 부피만 커지고 감성은 없어졌다.",
    "date": "08.12.04",
    "rating": "6",
    "author": "ddon****",
    "review_id": "3091008",
    "movie_id": "10057"
  },
  {
    "review": "good",
    "date": "08.10.06",
    "rating": "10",
    "author": "tytn****",
    "review_id": "2986940",
    "movie_id": "10057"
  },
  {
    "review": "재미는 느끼지 못하지만 스탤론형님을 봐서...",
    "date": "08.09.06",
    "rating": "8",
    "author": "kjsg****",
    "review_id": "2925558",
    "movie_id": "10057"
  },
  {
    "review": "대략 굿이다.ㅋㅋ",
    "date": "08.08.18",
    "rating": "10",
    "author": "kh99****",
    "review_id": "2882913",
    "movie_id": "10057"
  },
  {
    "review": "유일한 친구를 위해 목숨을 건 작전!숨막히는 액션을 선사한다.",
    "date": "08.07.11",
    "rating": "10",
    "author": "bear****",
    "review_id": "2753446",
    "movie_id": "10057"
  },
  {
    "review": "통쾌함이 뚝뚝 흐름. 근데 솔직히 스토리는 개똥이네ㅡ,.ㅡ",
    "date": "08.07.03",
    "rating": "7",
    "author": "dick****",
    "review_id": "2738490",
    "movie_id": "10057"
  },
  {
    "review": "배에 박힌 탄두 빼내고 화약으로 소독하는 장면이 압권 (/-_-)/",
    "date": "08.07.02",
    "rating": "8",
    "author": "kpcc****",
    "review_id": "2734951",
    "movie_id": "10057"
  },
  {
    "review": "미국 만세 감안해도 나름 재미있었던...",
    "date": "08.05.14",
    "rating": "8",
    "author": "poli****",
    "review_id": "2641114",
    "movie_id": "10057"
  },
  {
    "review": "액션만으로 모든 걸 말한다.",
    "date": "08.05.05",
    "rating": "7",
    "author": "psyc****",
    "review_id": "2617859",
    "movie_id": "10057"
  },
  {
    "review": "외로움이 아닌 액션으로 탈바꿈한 람보 3편! 액션은 정말 리얼했다",
    "date": "08.04.27",
    "rating": "8",
    "author": "aaa1****",
    "review_id": "2602711",
    "movie_id": "10057"
  },
  {
    "review": "글세.. 그닥 재밌진않았고.. 시간보내기 좋았다.",
    "date": "08.04.18",
    "rating": "6",
    "author": "pola****",
    "review_id": "2587409",
    "movie_id": "10057"
  },
  {
    "review": "람보 성공에 있어 가장 큰 요소인 폭력성은 시리즈 중에서도 최고!!",
    "date": "08.02.28",
    "rating": "6",
    "author": "uds0****",
    "review_id": "2489254",
    "movie_id": "10057"
  },
  {
    "review": "굿..........~",
    "date": "08.02.27",
    "rating": "10",
    "author": "1028****",
    "review_id": "2488940",
    "movie_id": "10057"
  },
  {
    "review": "중2 당시 람보3은 전율 그자체였다...!!",
    "date": "08.02.27",
    "rating": "10",
    "author": "perm****",
    "review_id": "2488936",
    "movie_id": "10057"
  },
  {
    "review": "굿",
    "date": "08.02.26",
    "rating": "10",
    "author": "vkit****",
    "review_id": "2483452",
    "movie_id": "10057"
  },
  {
    "review": "시리즈가 더해갈수록 지루함이 더해가지만 원초적인 액숀은 그대~로 이어간다",
    "date": "08.02.24",
    "rating": "5",
    "author": "fsre****",
    "review_id": "2478444",
    "movie_id": "10057"
  },
  {
    "review": "굿굿굿 베리굿 람보4도 나온데 얼레리꼴레리",
    "date": "08.02.23",
    "rating": "10",
    "author": "4078****",
    "review_id": "2474907",
    "movie_id": "10057"
  },
  {
    "review": "1,2편을 더 재밌게 해주는 영화.",
    "date": "08.02.19",
    "rating": "10",
    "author": "rrar****",
    "review_id": "2463974",
    "movie_id": "10057"
  },
  {
    "review": "굿 ! ㅋㅋㅋ 최고심",
    "date": "08.01.25",
    "rating": "10",
    "author": "m132****",
    "review_id": "2368828",
    "movie_id": "10057"
  },
  {
    "review": "록키=람보=스텔론",
    "date": "07.12.27",
    "rating": "9",
    "author": "herc****",
    "review_id": "2272879",
    "movie_id": "10057"
  },
  {
    "review": "2와 비슷한 느낌이 드는건 어쩔수 없다...그래도 액션하면 역시 람보!!",
    "date": "07.12.20",
    "rating": "8",
    "author": "some****",
    "review_id": "2250196",
    "movie_id": "10057"
  },
  {
    "review": "태어나서 처음으로 엄마 아빠 손을 잡고 본영화 아직도 가슴속에 메아리친다.",
    "date": "07.12.19",
    "rating": "10",
    "author": "reni****",
    "review_id": "2246730",
    "movie_id": "10057"
  },
  {
    "review": "( ´Д`)b Good!!",
    "date": "07.11.19",
    "rating": "7",
    "author": "pksj****",
    "review_id": "2165196",
    "movie_id": "10057"
  },
  {
    "review": "어제의 동료가 오늘의 원수. 미국과 아프칸이 그렇다네 람보..",
    "date": "07.09.17",
    "rating": "7",
    "author": "urus****",
    "review_id": "2027459",
    "movie_id": "10057"
  },
  {
    "review": "무적의 람보",
    "date": "07.09.10",
    "rating": "8",
    "author": "tjdg****",
    "review_id": "2013674",
    "movie_id": "10057"
  },
  {
    "review": "재밌어..",
    "date": "07.08.18",
    "rating": "10",
    "author": "kpga****",
    "review_id": "1954353",
    "movie_id": "10057"
  },
  {
    "review": "람보시리즈는 나올때마다 신드롬을 일으켰음",
    "date": "07.08.11",
    "rating": "6",
    "author": "lsh1****",
    "review_id": "1922593",
    "movie_id": "10057"
  },
  {
    "review": "액션만 볼만",
    "date": "07.07.06",
    "rating": "8",
    "author": "xx41****",
    "review_id": "1751327",
    "movie_id": "10057"
  },
  {
    "review": "정말 제목 그대로 람보의 모든것을 보여준다..액션만큼은 빠져들 수 밖에 없다.",
    "date": "07.06.29",
    "rating": "7",
    "author": "skat****",
    "review_id": "1730302",
    "movie_id": "10057"
  },
  {
    "review": "1편은 명작 2편은 볼만한 3편은 .....하아....",
    "date": "07.05.21",
    "rating": "1",
    "author": "prot****",
    "review_id": "1650050",
    "movie_id": "10057"
  },
  {
    "review": "지금보면... 아주 그렇기는 하지만... 그당시 생각하면 좋은 영화~ 실버스타~",
    "date": "07.04.27",
    "rating": "7",
    "author": "vict****",
    "review_id": "1608410",
    "movie_id": "10057"
  },
  {
    "review": "스토리가 이따위 수준이라면 그 어떤 슈퍼 액션도 통하긴 힘들다.",
    "date": "07.04.24",
    "rating": "5",
    "author": "team****",
    "review_id": "1603416",
    "movie_id": "10057"
  },
  {
    "review": "지금봐도 8점을 줄 정도로 잘 만든 수작이다~~!",
    "date": "07.01.22",
    "rating": "8",
    "author": "toky****",
    "review_id": "1404375",
    "movie_id": "10057"
  }
]