[
  {
    "review_id": "10245641",
    "movie_id": "100572",
    "author": "wldu****",
    "review": "먼내용인지 모르겟다 솔직히 한번 더보긴 싫고",
    "rating": "5",
    "date": "15.08.17"
  },
  {
    "review_id": "10227261",
    "movie_id": "100572",
    "author": "dleo****",
    "review": "그림체,생동감,배경 등에서는 최고고 스토리는 이해만 한다면 무엇하나 부족한것 없는 애니인 것 같습니다 ㅎ",
    "rating": "10",
    "date": "15.08.14"
  },
  {
    "review_id": "10047856",
    "movie_id": "100572",
    "author": "mins****",
    "review": "그래픽이나 작화는 너무 좋았으나 스토리 이해가 되지 않는다.... 너무 난해한듯ㅠ",
    "rating": "6",
    "date": "15.06.28"
  },
  {
    "review_id": "9974418",
    "movie_id": "100572",
    "author": "skaj****",
    "review": "OP만 챙기면 된다는 애니",
    "rating": "5",
    "date": "15.06.04"
  },
  {
    "review_id": "9923325",
    "movie_id": "100572",
    "author": "sbj0****",
    "review": "마지막 영화 1분이 이영화에 대한 나의 인식을 바꿨다. 은색비행선이 나올때는 정말 소름이 돋았다.ost,작화,스토리 복선 정말 다 좋다. 꼭 보는게 좋다.",
    "rating": "10",
    "date": "15.05.16"
  },
  {
    "review_id": "9910355",
    "movie_id": "100572",
    "author": "unlb****",
    "review": "10점중,작화9 스토리7 재미8 연출9정도인데스토리중에서도 진행,떡밥에선 6점정도고 감정부분은9점주고싶음. 연출중에서도 음악이 극적부분표현한걸 최상위.어색하지않고 밸런스잡힌그림연출도굳. 그걸받치는 작화도 최상위. 감정,그림작화,음악이 캐리함 떡밥은좀ㅋ",
    "rating": "8",
    "date": "15.05.11"
  },
  {
    "review_id": "9866860",
    "movie_id": "100572",
    "author": "wkdd****",
    "review": "뭔가 갑자기 마지막에 막나갔지만 재미있었습니다~",
    "rating": "10",
    "date": "15.04.25"
  },
  {
    "review_id": "9833791",
    "movie_id": "100572",
    "author": "sunu****",
    "review": "?별을 찾는 아이처럼 떡밥은 계속해서 생성 그러나 횟수는 제대로 못함. 보고 있던 독자들은 \"점점 산으로 가네\" 이생각뿐.. 인간 관계에 여러 감정보여준건 좋았지만 나머지는 별로.. 별을 찾는 아이나 이 작품이나 애니로 나오면 대박칠 작품임",
    "rating": "7",
    "date": "15.04.08"
  },
  {
    "review_id": "9752362",
    "movie_id": "100572",
    "author": "ghkd****",
    "review": "그림체는 좋다. 그렇다 그뿐이다 내용 전개도 억지스럽고 설명 부족에 뿌린 떡밥은 많으나 치워지지 않는 떡밥 사실 이 평점 1점도 이 글을 쓰기위함이지 사실 점수가 된다면 -무한대를 주고 싶을만큼 졸작이자 쓰래기이다. 개인적인 의견이지만..",
    "rating": "1",
    "date": "15.03.02"
  },
  {
    "review_id": "9676862",
    "movie_id": "100572",
    "author": "hsso****",
    "review": "결말에서 멘붕올 뻔...해피엔딩이라 다행이네요",
    "rating": "10",
    "date": "15.02.07"
  },
  {
    "review_id": "9613381",
    "movie_id": "100572",
    "author": "wnxo****",
    "review": "스토리 이해는 안돼는데 재밌네",
    "rating": "9",
    "date": "15.01.19"
  },
  {
    "review_id": "9541408",
    "movie_id": "100572",
    "author": "alst****",
    "review": "스토리가 조금 이해하기 어려웠지만, 곡의 조화와 작화의 퀄리티가 정말 마음에 들었습니다.",
    "rating": "10",
    "date": "14.12.31"
  },
  {
    "review_id": "9461086",
    "movie_id": "100572",
    "author": "7408****",
    "review": "재밌게봤지만 그것을 떠나서 스토리를 줄이면서 연결성있게 연결할수 있도록 하는 노력이 부족한거 같네요.전체적인 스토리가 연결되지 못하는 느낌을 받습니다.",
    "rating": "7",
    "date": "14.12.09"
  },
  {
    "review_id": "9392162",
    "movie_id": "100572",
    "author": "wogm****",
    "review": "진짜 보면서 그만볼려다가 억지로참고 봤는데 너무재미없어요,,안보는게 날듯",
    "rating": "2",
    "date": "14.11.16"
  },
  {
    "review_id": "9358941",
    "movie_id": "100572",
    "author": "didg****",
    "review": "지루하다 내용이해 안된다 캐릭터들의 행동조차 이해가 안된다 쓰래기다",
    "rating": "1",
    "date": "14.11.09"
  },
  {
    "review_id": "9217597",
    "movie_id": "100572",
    "author": "rhj1****",
    "review": "내용이 잘 이해가 되지 않았지만 작화가 정말 좋았고 마지막 부분이 감동적이었습니다. 다른 분들은 어떨지 모르겠지만 저는 재미있게 봤습니다.",
    "rating": "10",
    "date": "14.09.15"
  },
  {
    "review_id": "9214872",
    "movie_id": "100572",
    "author": "dorl****",
    "review": "영상미 떄메 90분동안  보고  있느니  신카이마코토  작품을  한번  더  보는게  낫겠네요.",
    "rating": "6",
    "date": "14.09.14"
  },
  {
    "review_id": "8941343",
    "movie_id": "100572",
    "author": "gi12****",
    "review": "두번은 봐야지 스토리가 제대로 이해되더군요.작화, supercell의 은색 비행선, 맘에드는 스토리, 제 스타일인 뭔가(?). 다만 보는 데 뭔가 지루한 느낌이 들어서(일본애니의 특성상 어쩔 수 없지만))1점 깎았습니다.",
    "rating": "9",
    "date": "14.07.23"
  },
  {
    "review_id": "8727155",
    "movie_id": "100572",
    "author": "wlsw****",
    "review": "영상미 하나만큼은 정말 최고... 하지만 스토리 전개에서 개연성이 부족하다보니 설득력을 잃음... 그렇지만 엔딩 크레딧까지 봐야  이 작품을 제대로 봤다 말할 수 있을듯...전 재밌게 봤습니다.",
    "rating": "9",
    "date": "14.05.13"
  },
  {
    "review_id": "8665762",
    "movie_id": "100572",
    "author": "dbzl****",
    "review": "되게 뭔가 그럴듯하게 보이려고 애쓴듯",
    "rating": "4",
    "date": "14.04.22"
  },
  {
    "review_id": "8649389",
    "movie_id": "100572",
    "author": "hanc****",
    "review": "설득력 없는 주제. 개연성 없는 플롯. 개성이 부족한  캐릭터들. 작화는 좋았다.",
    "rating": "3",
    "date": "14.04.14"
  },
  {
    "review_id": "8606429",
    "movie_id": "100572",
    "author": "anta****",
    "review": "결국 학원은 무엇이 노려졌나? 감상자에게 너무나도 큰 상상을 요구해서 어떻게 된것인지 이해하기 힘들다.",
    "rating": "7",
    "date": "14.03.25"
  },
  {
    "review_id": "8591918",
    "movie_id": "100572",
    "author": "one5****",
    "review": "3.6 (10자 제한)",
    "rating": "3",
    "date": "14.03.21"
  },
  {
    "review_id": "8568378",
    "movie_id": "100572",
    "author": "gona****",
    "review": "아.. 진짜 재미없다 ;;",
    "rating": "1",
    "date": "14.03.11"
  },
  {
    "review_id": "8521219",
    "movie_id": "100572",
    "author": "5908****",
    "review": "영상미 + 은빛 비행선이 좋았지.. 스토리도 그닥 나쁜건아닌데 급전개가 심하고 억지로 껴맞춘거같은 느낌이 없잖아 들음",
    "rating": "8",
    "date": "14.02.19"
  },
  {
    "review_id": "8486093",
    "movie_id": "100572",
    "author": "rier****",
    "review": "영상미 최고. 풍경 하나하나가 참 아름답다. 노래도 좋고, 감성적이다. 하지만 스토리 연결성이 이해가 안되는 부분이 많다. 그냥 분위기와 영상에만 취해서 봤다. 영상과 감성에 비해 스토리가 아깝달까.. 여러모로 아쉬운 내용.",
    "rating": "7",
    "date": "14.02.08"
  },
  {
    "review_id": "8478253",
    "movie_id": "100572",
    "author": "kiyj****",
    "review": "모든 단점을 커버하는 영상미... 문제는 영상미 뿐",
    "rating": "8",
    "date": "14.02.05"
  },
  {
    "review_id": "8469087",
    "movie_id": "100572",
    "author": "tngu****",
    "review": "노래도 너무좋고 이상하게 끝나서 짜증날뻔 했지만 역시뒤에 남아있던 영상보고 10점만점 !",
    "rating": "10",
    "date": "14.02.03"
  },
  {
    "review_id": "8401425",
    "movie_id": "100572",
    "author": "wjdd****",
    "review": "퀄리티가 상당히 좋아요~!",
    "rating": "10",
    "date": "14.01.19"
  },
  {
    "review_id": "8366802",
    "movie_id": "100572",
    "author": "nyar****",
    "review": "볼만하다 뭐 맞땅히 적고 싶은 말은 없지만 꿀잼",
    "rating": "10",
    "date": "14.01.10"
  },
  {
    "review_id": "8318647",
    "movie_id": "100572",
    "author": "dbsx****",
    "review": "재미있게 봤다만.. 결말이 .. 누구였지? ..  라니 너무 허무하다",
    "rating": "10",
    "date": "13.12.29"
  },
  {
    "review_id": "8295357",
    "movie_id": "100572",
    "author": "wnsi****",
    "review": "개연성 부족 스토리적 모순이 너무 많네",
    "rating": "6",
    "date": "13.12.25"
  },
  {
    "review_id": "8292324",
    "movie_id": "100572",
    "author": "vkdl****",
    "review": "금빛 비행선덕에 5점 드림 작화에서 1점드림 근데 너무 지루한 연출과 진부하고 개연성없는 짝뚱판타지라서 솔직히 별루였음",
    "rating": "6",
    "date": "13.12.24"
  },
  {
    "review_id": "8218129",
    "movie_id": "100572",
    "author": "hjw2****",
    "review": "넘 재밌게 본 일본 애니....그림체도 맘에 들고",
    "rating": "8",
    "date": "13.12.16"
  },
  {
    "review_id": "8210188",
    "movie_id": "100572",
    "author": "rud5****",
    "review": "사람마다 느끼는게 다르겠지만 전 정말 재밌게 봤습니다.",
    "rating": "10",
    "date": "13.12.13"
  },
  {
    "review_id": "8205261",
    "movie_id": "100572",
    "author": "y_ha****",
    "review": "내용은 부족해도 영상미가 그걸 커버해줌 한번쯤 봐도 좋을 영화",
    "rating": "8",
    "date": "13.12.11"
  },
  {
    "review_id": "8200072",
    "movie_id": "100572",
    "author": "o_o4****",
    "review": "..쩐다는 말 밖에 안나온다. 환상적인 그래픽",
    "rating": "10",
    "date": "13.12.08"
  },
  {
    "review_id": "8200065",
    "movie_id": "100572",
    "author": "yoon****",
    "review": "내용은 2% 부족한 감이 있지만 그래픽 하나는 최고다",
    "rating": "10",
    "date": "13.12.08"
  },
  {
    "review_id": "8190697",
    "movie_id": "100572",
    "author": "bles****",
    "review": "개연성 부족한 가짜 판타지",
    "rating": "4",
    "date": "13.12.05"
  }
]