[
  {
    "review": "허니잼 허니잼 허니잼 허니잼",
    "date": "15.08.26",
    "rating": "8",
    "author": "beat****",
    "review_id": "10275969",
    "movie_id": "10066"
  },
  {
    "review": "그냥 그랬던것 같습니다",
    "date": "15.04.25",
    "rating": "6",
    "author": "2_dp****",
    "review_id": "9866795",
    "movie_id": "10066"
  },
  {
    "review": "아 진짜 개재미없던데 무섭지도 않고 스릴도 없고 졸면서 봄엑소시스트가 훨씬 나은데",
    "date": "15.04.12",
    "rating": "1",
    "author": "poiu****",
    "review_id": "9841551",
    "movie_id": "10066"
  },
  {
    "review": "그저 최고입니다엑소시스트와 더불어 최고의 영화라 생각함. 마지막 데미안의 눈빛은 잊혀지지 않음 ㅠㅠ",
    "date": "15.02.15",
    "rating": "10",
    "author": "mjhk****",
    "review_id": "9698738",
    "movie_id": "10066"
  },
  {
    "review": "저는 졸리던데요. 중간에 끌정도 였음.개인적으로 엑소시스트가 훨배낫다고 생각함.",
    "date": "15.02.15",
    "rating": "2",
    "author": "shm0****",
    "review_id": "9697231",
    "movie_id": "10066"
  },
  {
    "review": "이 영화의 장르를 공포라고 분류해둔 이유를 모르겠다.",
    "date": "15.01.30",
    "rating": "5",
    "author": "dpdj****",
    "review_id": "9650283",
    "movie_id": "10066"
  },
  {
    "review": "정말 무섭게 본 영화. 마지막 장면이 정말 오싹하다.",
    "date": "15.01.23",
    "rating": "8",
    "author": "c721****",
    "review_id": "9625724",
    "movie_id": "10066"
  },
  {
    "review": "악마의 잔혹함과 그 속에서 서서히 스며드는 공포감을 정말 적절하게 표현했다 과하지도 심심하지도 않다 깨끗하다",
    "date": "14.12.18",
    "rating": "8",
    "author": "taeg****",
    "review_id": "9485895",
    "movie_id": "10066"
  },
  {
    "review": "음향효과가 이렇게 큰 효과를 본 영화도 그렇게 많지 않을것이다. 고전느낌의 공포와 배경음악은 지금 현대에 와서 봐도 임펙트가 있다!",
    "date": "14.11.26",
    "rating": "10",
    "author": "dlaw****",
    "review_id": "9424745",
    "movie_id": "10066"
  },
  {
    "review": "상귀~메밀묵~줘포~메밀묵~~~sangui bibimus~(우리가 마시는피~)corpus edimus~(우리가 먹는 몸) ave satani~(hail~사탄) Ave! Ave Versus Christus! (hail hail 안티크라이스트!)",
    "date": "14.11.21",
    "rating": "9",
    "author": "ledz****",
    "review_id": "9405652",
    "movie_id": "10066"
  },
  {
    "review": "오컬트의 진수를 보여주는 역대 최고의 공포영화",
    "date": "14.10.27",
    "rating": "10",
    "author": "goms****",
    "review_id": "9321888",
    "movie_id": "10066"
  },
  {
    "review": "엑소시스트와 함께 올컬트무비의 양대산맥이라고 불리는 오멘시리즈의 첫편. 데미안의 저주를 받아 하나씩 죽어가는 사람들의 모습이 상당히 끔찍하고 공포스럽다.",
    "date": "14.10.25",
    "rating": "10",
    "author": "kjk9****",
    "review_id": "9314384",
    "movie_id": "10066"
  },
  {
    "review": "그레고리 펙이 살린 영화...",
    "date": "14.08.20",
    "rating": "9",
    "author": "jupi****",
    "review_id": "9115797",
    "movie_id": "10066"
  },
  {
    "review": "그레고리펙 표정연기외에는 볼 게 하나도 없다. 뭔 시나리오가 이리도 허접한가. 치밀하지도 않고 설득력도 없고 반전도 없고....게다가, 아니 하나님쪽은 왜 저리도 무력한가?",
    "date": "14.08.03",
    "rating": "1",
    "author": "mggw****",
    "review_id": "9019776",
    "movie_id": "10066"
  },
  {
    "review": "악마의 미소로 홀렸나? 에잇 666",
    "date": "14.08.02",
    "rating": "6",
    "author": "yoon****",
    "review_id": "9009946",
    "movie_id": "10066"
  },
  {
    "review": "몰입감이 떨어지는 연출력이 아쉽다",
    "date": "14.08.02",
    "rating": "1",
    "author": "mara****",
    "review_id": "9008262",
    "movie_id": "10066"
  },
  {
    "review": "애새끼하나만 죽이면되는데 끝까지못죽이냐ㅡㅡ답답하고 지루하다 그냥고전영화인듯",
    "date": "14.07.29",
    "rating": "6",
    "author": "gusc****",
    "review_id": "8977792",
    "movie_id": "10066"
  },
  {
    "review": "엑소시스트도 봤으니 이것도 함 봐줘야지 ㅎ",
    "date": "14.07.26",
    "rating": "10",
    "author": "pc59****",
    "review_id": "8963711",
    "movie_id": "10066"
  },
  {
    "review": "666이라는 숫자가 악마의 숫자라는 것을 각인시켜준 고전 중의 고전이자 추억 돋는 공포 영화.",
    "date": "14.07.26",
    "rating": "9",
    "author": "jjaj****",
    "review_id": "8960198",
    "movie_id": "10066"
  },
  {
    "review": "영화음악만 들어도 지린다....",
    "date": "14.06.28",
    "rating": "10",
    "author": "rjfb****",
    "review_id": "8865467",
    "movie_id": "10066"
  },
  {
    "review": "깜짝 놀라게 하거나 잔인한 장면  없이 음산한 분위기와 전개만으로 공포감을 일으킨다.보이지 않지만 진짜 악마가 있다면 일어날 수 있지 않을까 하는 생각마저 들어 더욱 섬뜩하다.",
    "date": "14.05.25",
    "rating": "9",
    "author": "jwjy****",
    "review_id": "8765872",
    "movie_id": "10066"
  },
  {
    "review": "Masterpiece",
    "date": "14.05.05",
    "rating": "10",
    "author": "aeri****",
    "review_id": "8705235",
    "movie_id": "10066"
  },
  {
    "review": "나름 재미있긴 하지만, 스토리와 연출력이 좀 엉성한 듯. 조금 더 섬세한 구성이 이뤄졌으면 좋을뻔 했다.",
    "date": "14.04.25",
    "rating": "8",
    "author": "sunw****",
    "review_id": "8672457",
    "movie_id": "10066"
  },
  {
    "review": "진짜 어렸을 때 보고 충격먹었었는데 다시 보면 어떨까~~",
    "date": "14.04.11",
    "rating": "10",
    "author": "redf****",
    "review_id": "8643520",
    "movie_id": "10066"
  },
  {
    "review": "말이 필요없다. 엑소시스트에 버금간다.",
    "date": "13.10.30",
    "rating": "9",
    "author": "biga****",
    "review_id": "8101142",
    "movie_id": "10066"
  },
  {
    "review": "사람들이 오멘을 자꾸 엑소시스트와 비교를 하는데.. 물론 엑소시스트1도 수작이지만 오멘과 비교하는 것은 무례한 일이다. 오멘은 오컬트 영화의 원류이자 최고봉이라 말할 수 있다.",
    "date": "13.10.01",
    "rating": "10",
    "author": "gent****",
    "review_id": "8025122",
    "movie_id": "10066"
  },
  {
    "review": "공포영화 하면 오멘하던 때가 있었다.",
    "date": "13.09.28",
    "rating": "10",
    "author": "kem1****",
    "review_id": "8020122",
    "movie_id": "10066"
  },
  {
    "review": "거의 40년된 영화라 연출, 비주얼이 안 좋네요. 스토리가 좋았지만 약간 지루했어요. 하지만 그레고리 팩의 담백함이 좋았고, 당대에는 손꼽힐 만한 명작이었음은 확실하네요. 지금의 관점에서는... 높은 평점을 줄 순 없겠네요.",
    "date": "13.09.03",
    "rating": "6",
    "author": "xogu****",
    "review_id": "7944498",
    "movie_id": "10066"
  },
  {
    "review": "당시로선 센세이션이라 불릴만한 완성도높은 배우들의 연기력과 탄탄한 스토리. 무엇보다 괴기스러운 배경음악이 공포심리를 한층 극대화시켰다.",
    "date": "13.07.31",
    "rating": "9",
    "author": "gshh****",
    "review_id": "7801704",
    "movie_id": "10066"
  },
  {
    "review": "악마숭배의 섬뜩함!",
    "date": "13.07.05",
    "rating": "9",
    "author": "pont****",
    "review_id": "7705875",
    "movie_id": "10066"
  },
  {
    "review": "엑소시스트와 더불어 70년대 최고의 공포영화~ 저주를 너무나도 잘 표현한 영화",
    "date": "13.06.12",
    "rating": "9",
    "author": "pin0****",
    "review_id": "7630037",
    "movie_id": "10066"
  },
  {
    "review": "그레고리 펙이란 명배우에게서 풍기는 분위기가 이 영화를 살린다.",
    "date": "13.05.30",
    "rating": "9",
    "author": "lion****",
    "review_id": "7562847",
    "movie_id": "10066"
  },
  {
    "review": "추억의 영화 마지막 장면이 기억에 남네요",
    "date": "13.05.13",
    "rating": "8",
    "author": "adiv****",
    "review_id": "7526472",
    "movie_id": "10066"
  },
  {
    "review": "어릴때 제목만 알았는데. 지금 그냥 심심해서 한번 봤는데. 생각보다 스토리전개나 연출도 괜찮네요.ㅋ 공포치고는 1류급 ㅋ 느낌으론 8점 시대를 감안해서 9점",
    "date": "13.05.12",
    "rating": "9",
    "author": "liqu****",
    "review_id": "7524320",
    "movie_id": "10066"
  },
  {
    "review": "엑소시스트와 함께 헐리웃 최고의 오컬트 영화. 역대급이다",
    "date": "13.04.17",
    "rating": "9",
    "author": "rojo****",
    "review_id": "7464971",
    "movie_id": "10066"
  },
  {
    "review": "지금은 식상해진 발상과 스토리라인도 당시로서는 매우 획기적이고 강렬한 충격이었던 고전명작",
    "date": "13.03.13",
    "rating": "9",
    "author": "tscm****",
    "review_id": "7343760",
    "movie_id": "10066"
  },
  {
    "review": "방 안에서 혼자 불끄고 봤는데~~ 정말 섬뜩하고 내용만으로도 충격을 주는 것에 대해 잊을 수 없다!!!",
    "date": "13.02.19",
    "rating": "10",
    "author": "dino****",
    "review_id": "7280681",
    "movie_id": "10066"
  },
  {
    "review": "엑소시스트와 쌍벽을 이루는 공포의 양대산맥.",
    "date": "13.01.18",
    "rating": "10",
    "author": "cesa****",
    "review_id": "7130452",
    "movie_id": "10066"
  },
  {
    "review": "초일류급 공포영화!공포영화  좋아하는 사람으로써, 예전에  봤지만다시 보고 싶어지는 영화다!!",
    "date": "13.01.15",
    "rating": "10",
    "author": "gf10****",
    "review_id": "7117907",
    "movie_id": "10066"
  },
  {
    "review": "어릴 적 보고 또 봐도 재밌고 긴장감 있는 영화",
    "date": "13.01.14",
    "rating": "10",
    "author": "meye****",
    "review_id": "7113438",
    "movie_id": "10066"
  },
  {
    "review": "굿",
    "date": "12.12.31",
    "rating": "8",
    "author": "toha****",
    "review_id": "7068903",
    "movie_id": "10066"
  },
  {
    "review": "뭐 그닥 무서운건 없음..되게 기대하고 봤지만..패러디에 자주 나오는 자전거 타는거 나올때빵터졌음",
    "date": "12.12.26",
    "rating": "6",
    "author": "7606****",
    "review_id": "7050049",
    "movie_id": "10066"
  },
  {
    "review": "37년된 영화인데 스토리 구성이 아주 좋다. 역시 오멘의 명성 답다.아쉬운건 그 꼬마를 처리하지 못했다는것. 세트와 소품들이 구리지만나름 재미있게 본 영화. 러닝타임이 쪼금 길다. 몰입도가 중간에 살짝 떨어짐. 8점",
    "date": "12.12.15",
    "rating": "8",
    "author": "hoon****",
    "review_id": "7007194",
    "movie_id": "10066"
  },
  {
    "review": "내게 있어 최고의 공포 영화. 진짜 악마의 아이가 아닐까라고 생각되던 주인공 아이의 열연이 뇌리에 생생하다.",
    "date": "12.11.28",
    "rating": "10",
    "author": "shki****",
    "review_id": "6934013",
    "movie_id": "10066"
  },
  {
    "review": "사탄의형제에게 일용한양식을 주셔서 감사 오멘",
    "date": "12.11.04",
    "rating": "8",
    "author": "rkdd****",
    "review_id": "6853284",
    "movie_id": "10066"
  },
  {
    "review": "어릴때 무섭게 봤던...(근데 등급 잘못됐네여..19세관람가입니다!!)",
    "date": "12.10.06",
    "rating": "10",
    "author": "jcy1****",
    "review_id": "6766638",
    "movie_id": "10066"
  },
  {
    "review": "악마라는 주제가 동양에서는 와닿지가 않아.",
    "date": "12.08.28",
    "rating": "6",
    "author": "rd72****",
    "review_id": "6649739",
    "movie_id": "10066"
  },
  {
    "review": "2006년산 리메이크버전은 그냥 배우만바꿔서 똑같이 찍어논거구 원작은 확실히 모랄까 무섭진않은데 고전영화 특유의 클래식한 느낌이 든다구할까. 꼬마애 눈빛에서 뿜어져나오는 악마포스도 리메이크 버전보다 낫구..",
    "date": "12.08.02",
    "rating": "7",
    "author": "kis5****",
    "review_id": "6564306",
    "movie_id": "10066"
  },
  {
    "review": "오컬트 무비의 최강 3인방 중 하나",
    "date": "12.07.01",
    "rating": "9",
    "author": "figh****",
    "review_id": "6437136",
    "movie_id": "10066"
  },
  {
    "review": "엄청난 영화.look at me demian.it is for you.후덜덜~",
    "date": "12.05.06",
    "rating": "8",
    "author": "jis6****",
    "review_id": "6278332",
    "movie_id": "10066"
  },
  {
    "review": "악마의씨보다가이거보니까개재미없네",
    "date": "12.04.21",
    "rating": "1",
    "author": "csc2****",
    "review_id": "6236055",
    "movie_id": "10066"
  },
  {
    "review": "공포영화중 최고! 괴기스러운 음악때문에 긴장감이 더한듯.",
    "date": "12.03.05",
    "rating": "10",
    "author": "kuky****",
    "review_id": "6124736",
    "movie_id": "10066"
  },
  {
    "review": "원작이 더 무섭대서 봣더니ㅅㅂ;;리메이크도 이러나?마지막미소빼고 하나도안무서움",
    "date": "12.01.22",
    "rating": "5",
    "author": "ejje****",
    "review_id": "6009082",
    "movie_id": "10066"
  },
  {
    "review": "666666666666666666666666666666666666666666666666666666666666666666",
    "date": "11.11.27",
    "rating": "10",
    "author": "grah****",
    "review_id": "5872695",
    "movie_id": "10066"
  },
  {
    "review": "너무 무서워...",
    "date": "11.10.19",
    "rating": "10",
    "author": "nkot****",
    "review_id": "5797041",
    "movie_id": "10066"
  },
  {
    "review": "무서운 아이",
    "date": "11.09.26",
    "rating": "10",
    "author": "vvst****",
    "review_id": "5754616",
    "movie_id": "10066"
  },
  {
    "review": "오컬트를 대표하는 고전영화의 명작.",
    "date": "11.09.24",
    "rating": "8",
    "author": "crys****",
    "review_id": "5749423",
    "movie_id": "10066"
  },
  {
    "review": "평점이 왜 이럴까.....",
    "date": "11.08.16",
    "rating": "10",
    "author": "kne7****",
    "review_id": "5656785",
    "movie_id": "10066"
  },
  {
    "review": "엑소시스트가 더 낫다ㅋ",
    "date": "11.08.02",
    "rating": "7",
    "author": "jang****",
    "review_id": "5592067",
    "movie_id": "10066"
  },
  {
    "review": "여행가서 천둥번개 치는 밤에 봤는데 어우.. 대박ㅋㅋㅋ",
    "date": "11.07.31",
    "rating": "10",
    "author": "rkdd****",
    "review_id": "5585253",
    "movie_id": "10066"
  },
  {
    "review": "뒷 얘기가 궁금해지는 적당한 공포가 아닌 스릴러",
    "date": "11.07.22",
    "rating": "5",
    "author": "seul****",
    "review_id": "5560738",
    "movie_id": "10066"
  },
  {
    "review": "그럼 다시 8.66으로 ㅇㅇ",
    "date": "11.07.09",
    "rating": "10",
    "author": "skyh****",
    "review_id": "5531791",
    "movie_id": "10066"
  },
  {
    "review": "미안한데 평점 8.66으로 맞추고싶어서 일부러 햇음\r\n\r\n사실 한 8점주고싶어요",
    "date": "11.07.06",
    "rating": "1",
    "author": "dlqu****",
    "review_id": "5525635",
    "movie_id": "10066"
  },
  {
    "review": "국민학교4학년때 우연히 읽은 소설때문에 너무 무서워서 덜덜 떨었던 기억이 ^^;",
    "date": "11.06.11",
    "rating": "10",
    "author": "heyd****",
    "review_id": "5476732",
    "movie_id": "10066"
  },
  {
    "review": "평점이 교묘하게 6.66은 아니고 8.66이네요. 간만에 다운받아보니 확실히 재밌네요.",
    "date": "11.06.08",
    "rating": "10",
    "author": "nsy0****",
    "review_id": "5470863",
    "movie_id": "10066"
  },
  {
    "review": "시간이 흘렀음에도 아직까지 섬뜩한 공포물!",
    "date": "11.03.20",
    "rating": "9",
    "author": "cndx****",
    "review_id": "5323787",
    "movie_id": "10066"
  },
  {
    "review": "개인적으로 별로..... 잠옴 엑소시스트가 훨씬 나음",
    "date": "11.02.20",
    "rating": "6",
    "author": "glvk****",
    "review_id": "5259726",
    "movie_id": "10066"
  },
  {
    "review": "지루함",
    "date": "11.02.17",
    "rating": "1",
    "author": "wlql****",
    "review_id": "5251269",
    "movie_id": "10066"
  },
  {
    "review": "신부가악마의자식을입양시키다니?? 좀지루함이있지만 70년대영화치고 긴장감있네요",
    "date": "11.02.15",
    "rating": "6",
    "author": "okan****",
    "review_id": "5245792",
    "movie_id": "10066"
  },
  {
    "review": "공포영화 최고의 작품이라 감히 평가하고 싶다.",
    "date": "11.01.20",
    "rating": "10",
    "author": "bcm0****",
    "review_id": "5170356",
    "movie_id": "10066"
  },
  {
    "review": "오멘과 엑소시스트는 정말 최고!",
    "date": "10.12.27",
    "rating": "9",
    "author": "rusa****",
    "review_id": "5093100",
    "movie_id": "10066"
  },
  {
    "review": "엑소시스트 와 더불어 오컬트영화의 최고봉",
    "date": "10.10.17",
    "rating": "10",
    "author": "unre****",
    "review_id": "4906817",
    "movie_id": "10066"
  },
  {
    "review": "나 기독교인인데 아무도 없는 새벽 불다끄고 헤드셋끼고 쫄아서봣다;;;",
    "date": "10.09.06",
    "rating": "10",
    "author": "peti****",
    "review_id": "4819389",
    "movie_id": "10066"
  },
  {
    "review": "기독교인중에아무도없는새벽에불다끄고헤드셋끼고이거아무렇지않게보는사람용자로인정",
    "date": "10.09.04",
    "rating": "10",
    "author": "xtcw****",
    "review_id": "4815291",
    "movie_id": "10066"
  },
  {
    "review": "이영화를 안보고서 공포영화를 봤다고 말하지 마라!",
    "date": "10.08.21",
    "rating": "9",
    "author": "rosn****",
    "review_id": "4773896",
    "movie_id": "10066"
  },
  {
    "review": "지루하고 뻔한스토리..긴박감도없고 뭐... 그당시에봤다면 좀 무서웠을까",
    "date": "10.08.16",
    "rating": "6",
    "author": "goal****",
    "review_id": "4756646",
    "movie_id": "10066"
  },
  {
    "review": "역시 리처드도너 원작이..오멘도 엑소시스트도 옛날 원작이 제대로죠.",
    "date": "10.08.14",
    "rating": "10",
    "author": "jimi****",
    "review_id": "4747408",
    "movie_id": "10066"
  },
  {
    "review": "어릴적엔 몰랐는데 잔인한 장면도 있군; 그럭저럭 괜찮다",
    "date": "10.07.31",
    "rating": "7",
    "author": "bbob****",
    "review_id": "4689004",
    "movie_id": "10066"
  },
  {
    "review": "기분탓인가? 졸립군 어쩌면 내 취향에 안맞아서일수도!",
    "date": "10.07.03",
    "rating": "6",
    "author": "meso****",
    "review_id": "4607988",
    "movie_id": "10066"
  },
  {
    "review": "옛날 영화라 기대 안했는데 꽤 볼만했다. 원래 공포물 재미 없어서 안보는데",
    "date": "10.06.22",
    "rating": "10",
    "author": "chun****",
    "review_id": "4584233",
    "movie_id": "10066"
  },
  {
    "review": "무섭진않고 악마가 좋다 나는",
    "date": "10.06.14",
    "rating": "10",
    "author": "whgn****",
    "review_id": "4563867",
    "movie_id": "10066"
  },
  {
    "review": "역대 공포영화 중 단연 최고!",
    "date": "10.05.15",
    "rating": "10",
    "author": "gsh0****",
    "review_id": "4500005",
    "movie_id": "10066"
  },
  {
    "review": "좀 지루하네요. 크게 무섭거나 징그러운 장면이 많진 않아 다행",
    "date": "10.04.24",
    "rating": "6",
    "author": "hero****",
    "review_id": "4452217",
    "movie_id": "10066"
  },
  {
    "review": "어렷을적 kbs토요명화에서 오멘하는날이면 그날밤엔 화장실도 제대로 못갓엇음",
    "date": "10.03.18",
    "rating": "10",
    "author": "wili****",
    "review_id": "4364193",
    "movie_id": "10066"
  },
  {
    "review": "호러영화의 고전 명작",
    "date": "09.12.27",
    "rating": "9",
    "author": "cheo****",
    "review_id": "4092053",
    "movie_id": "10066"
  },
  {
    "review": "당연히 별점 10개입니다 별점잘안주는데 별점주기도 싫은그런영화태반",
    "date": "09.11.28",
    "rating": "10",
    "author": "wdua****",
    "review_id": "3997295",
    "movie_id": "10066"
  },
  {
    "review": "당시로서는 충격적이였을듯 재밌게봤다",
    "date": "09.10.28",
    "rating": "7",
    "author": "thra****",
    "review_id": "3922015",
    "movie_id": "10066"
  },
  {
    "review": "훌륭한 시도. 개봉당시 싯점에서는 7점, 그러나 지금 본다면 5점.",
    "date": "09.10.28",
    "rating": "7",
    "author": "acin****",
    "review_id": "3921537",
    "movie_id": "10066"
  },
  {
    "review": "어렸을때 무섭게 본 영화",
    "date": "09.09.20",
    "rating": "10",
    "author": "jkh0****",
    "review_id": "3839708",
    "movie_id": "10066"
  },
  {
    "review": "상당한 수준의 심리 스릴러물... 괴기함보다는 인간 근본의 공포를 자극한다..",
    "date": "09.09.05",
    "rating": "8",
    "author": "imf0****",
    "review_id": "3813391",
    "movie_id": "10066"
  },
  {
    "review": "음악은 최고다.. 하지만 거슬리는 아역배우의 연기가 아쉽다. 그리고 개조심하자",
    "date": "09.09.02",
    "rating": "6",
    "author": "brow****",
    "review_id": "3807421",
    "movie_id": "10066"
  },
  {
    "review": "피와 살에 의존하는 수준 낮은 요즘 영화와 비교가 안되는 최고의 종교공포 스릴러",
    "date": "09.08.29",
    "rating": "10",
    "author": "yaso****",
    "review_id": "3796419",
    "movie_id": "10066"
  },
  {
    "review": "이 시리즈 보면서 까마귀가 무섭다고 느끼게 됐다.",
    "date": "09.08.29",
    "rating": "9",
    "author": "arim****",
    "review_id": "3795966",
    "movie_id": "10066"
  },
  {
    "review": "오멘은 1편이 젤 나음. 초딩들은 뇌가 어려서 이해못한다. 초딩유아들은 꺼지고",
    "date": "09.08.23",
    "rating": "10",
    "author": "99de****",
    "review_id": "3781379",
    "movie_id": "10066"
  },
  {
    "review": "이영화 모르는 사람도 있나요",
    "date": "09.08.20",
    "rating": "10",
    "author": "west****",
    "review_id": "3769116",
    "movie_id": "10066"
  },
  {
    "review": "머 말이 필요없는 공포 영화계의 걸작",
    "date": "09.08.17",
    "rating": "9",
    "author": "gall****",
    "review_id": "3762026",
    "movie_id": "10066"
  },
  {
    "review": "명작이죠",
    "date": "09.08.04",
    "rating": "9",
    "author": "spee****",
    "review_id": "3706721",
    "movie_id": "10066"
  },
  {
    "review": "1-3편무섭다길래밨는데안무섭다3편이볼만악마의자식이태어나서예수님이죽인다",
    "date": "09.08.03",
    "rating": "1",
    "author": "zzzo****",
    "review_id": "3704821",
    "movie_id": "10066"
  },
  {
    "review": "초딩들은 모르는 고전의 공포",
    "date": "09.07.29",
    "rating": "10",
    "author": "happ****",
    "review_id": "3679597",
    "movie_id": "10066"
  },
  {
    "review": "오컬트 영화의 진정한 지존...",
    "date": "09.06.13",
    "rating": "10",
    "author": "leed****",
    "review_id": "3563343",
    "movie_id": "10066"
  }
]