[
  {
    "review_id": "8777647",
    "movie_id": "100646",
    "author": "2000****",
    "review": "청소년불가라고 노출을 기대한더면 보지마새요 노출전혀없음",
    "rating": "4",
    "date": "14.05.30"
  },
  {
    "review_id": "8385893",
    "movie_id": "100646",
    "author": "j_mi****",
    "review": "남녀 주인공이 너무 매력적이고, 중동 여자 정말 예쁘네요....어떻게 해도 분위기 안사는 미국영화보다 훨씬 잼나네요...갠적으로 프랑스 영화 좋아해서..아주 매력적입니다..^^",
    "rating": "8",
    "date": "14.01.16"
  },
  {
    "review_id": "7257541",
    "movie_id": "100646",
    "author": "pria****",
    "review": "노출없는 에로 비됴.",
    "rating": "2",
    "date": "13.02.12"
  },
  {
    "review_id": "7236956",
    "movie_id": "100646",
    "author": "qube****",
    "review": "아.... 탁.탁.탁.",
    "rating": "10",
    "date": "13.02.08"
  },
  {
    "review_id": "7183439",
    "movie_id": "100646",
    "author": "ahfo****",
    "review": "저도 지루하더라구요 근데 여배우! 마음에 드네요 노출은 하나도없어요배드신은 있지만..",
    "rating": "6",
    "date": "13.01.27"
  },
  {
    "review_id": "7066942",
    "movie_id": "100646",
    "author": "hyun****",
    "review": "최고의 영화. 꼭봐라 두번봐라",
    "rating": "10",
    "date": "12.12.31"
  },
  {
    "review_id": "7008285",
    "movie_id": "100646",
    "author": "yang****",
    "review": "진짜 지루하고 재미없다..",
    "rating": "1",
    "date": "12.12.16"
  }
]