[
  {
    "review_id": "9297140",
    "movie_id": "100648",
    "author": "almo****",
    "review": "물체가 움직이거나 어떤 일이 진행되는 빠르기.",
    "rating": "2",
    "date": "14.10.17"
  },
  {
    "review_id": "8111530",
    "movie_id": "100648",
    "author": "baks****",
    "review": "이제와서생각해보니,젖소부인은,걸작이었어...(웃음)",
    "rating": "1",
    "date": "13.11.03"
  },
  {
    "review_id": "7851150",
    "movie_id": "100648",
    "author": "tjrl****",
    "review": "ㅌㅌㅋㅋㅋㅋㅋㅋㅋㅋㅋㅋㅋㅋㅋㅋㅋㅋㅋㅋㅋㅋㅋㅋㅋㅋㅋㅋ",
    "rating": "1",
    "date": "13.08.06"
  },
  {
    "review_id": "7399208",
    "movie_id": "100648",
    "author": "mirj****",
    "review": "이런걸 왜 만드는지???",
    "rating": "2",
    "date": "13.03.23"
  },
  {
    "review_id": "7278053",
    "movie_id": "100648",
    "author": "sean****",
    "review": "예산은 어디서 나서 이따위 영화를 만들지? 야동에 심취한 감독이 스토리 있는 에로물을 만든거 정도?",
    "rating": "2",
    "date": "13.02.18"
  },
  {
    "review_id": "7250732",
    "movie_id": "100648",
    "author": "9091****",
    "review": "제작자. 감독 양반들 ... 의미 없고 설정할 내용 없는 영화 제작하지 말고과거 애마부인. 뽕. 기타 등등  요즘 말 많고 탈 만은 야동좀 보고 아 영화는이런 것이다 생각했으면 좋겠오... 한마디로 이것도 영화냐 비판하고 싶어",
    "rating": "1",
    "date": "13.02.11"
  },
  {
    "review_id": "7112319",
    "movie_id": "100648",
    "author": "redh****",
    "review": "이런걸 영화라고 만드냐? 영화 제작비가 아깝다. 다른 분들 절대 보지 마세요! 완전 비 강추!!!! 감독이 10류도 안되는 감독 같애.",
    "rating": "1",
    "date": "13.01.13"
  },
  {
    "review_id": "7028258",
    "movie_id": "100648",
    "author": "yang****",
    "review": "재미 더럽게없네 ..걍 다큐 10편보는게 낫다..",
    "rating": "1",
    "date": "12.12.21"
  },
  {
    "review_id": "7005431",
    "movie_id": "100648",
    "author": "skyh****",
    "review": "ㅋㅋㅋ..혼합장르에로틱무비다..쎄다..",
    "rating": "10",
    "date": "12.12.15"
  }
]