[
  {
    "review": "매춘영화라는 선입견으로 보지 않았는데 나의 선입견이 잘못됐네요  이런 섬세한 연출을 염복순씨의 연기가 빛을 바라는  명작입니다",
    "date": "15.06.28",
    "rating": "9",
    "author": "tomb****",
    "review_id": "10048928",
    "movie_id": "10067"
  },
  {
    "review": "그당시 시대적 상황을 이해하는데 많은 도움을 준 영화",
    "date": "15.05.18",
    "rating": "7",
    "author": "adiv****",
    "review_id": "9930037",
    "movie_id": "10067"
  },
  {
    "review": "1-1=0 ?  최불암의 조언은 틀린 것 같다.",
    "date": "15.03.31",
    "rating": "8",
    "author": "kusa****",
    "review_id": "9818429",
    "movie_id": "10067"
  },
  {
    "review": "관람시간이 한 시간 정도로 다소 짧아 아쉬웠습니다.재미있게 관람했습니다.",
    "date": "15.02.24",
    "rating": "7",
    "author": "nej7****",
    "review_id": "9734085",
    "movie_id": "10067"
  },
  {
    "review": "감동적이고 재미있었수",
    "date": "15.02.21",
    "rating": "9",
    "author": "cott****",
    "review_id": "9723806",
    "movie_id": "10067"
  },
  {
    "review": "염복순에 의한,염복순을 위한,염복순의 영화..시대의 히로인이 되지못해 더 안타깝고 아련한 배우..내나이 33 ㅎ 암튼 여자주인공은 요즘에 나와도 절대 밀리지않을 매력이 넘친다..최불암은 저때도 노인역할..",
    "date": "14.09.02",
    "rating": "10",
    "author": "rhap****",
    "review_id": "9156351",
    "movie_id": "10067"
  },
  {
    "review": "불쌍한 영자. 영자에게 무슨 죄가 있나...시대와 사회의 폭력.",
    "date": "14.02.22",
    "rating": "7",
    "author": "ykdi****",
    "review_id": "8528547",
    "movie_id": "10067"
  },
  {
    "review": "많은걸 생각하게 만드는 명작.",
    "date": "14.01.30",
    "rating": "8",
    "author": "kara****",
    "review_id": "8452152",
    "movie_id": "10067"
  },
  {
    "review": "평범한 산파 같은 영화지만 70년대 향수를 자극할 나름의 명작",
    "date": "13.10.11",
    "rating": "8",
    "author": "tnao****",
    "review_id": "8052892",
    "movie_id": "10067"
  },
  {
    "review": "어제 이영화를 처음 접했다 산업화 시대를 살아가던 여성들의 질곡을 그대로 담아낸 역작! 당시 황량한 서울의 모습도 이채롭다 강추~~",
    "date": "13.04.11",
    "rating": "7",
    "author": "sang****",
    "review_id": "7451385",
    "movie_id": "10067"
  },
  {
    "review": "시대의 역작",
    "date": "13.02.24",
    "rating": "10",
    "author": "iwc7****",
    "review_id": "7296213",
    "movie_id": "10067"
  },
  {
    "review": "우리가 고전을 봐야 하는 이유.",
    "date": "13.02.08",
    "rating": "10",
    "author": "anfq****",
    "review_id": "7238247",
    "movie_id": "10067"
  },
  {
    "review": "한국 고전영화의 매력과 염복순이란 배우를 알게된 영화였어요. 특히 배우 송재호씨의 젊은 모습과 불암이형을 보니 좋네요.",
    "date": "13.02.04",
    "rating": "10",
    "author": "thsd****",
    "review_id": "7223367",
    "movie_id": "10067"
  },
  {
    "review": "잘봤습니다",
    "date": "12.07.08",
    "rating": "9",
    "author": "jin1****",
    "review_id": "6458905",
    "movie_id": "10067"
  },
  {
    "review": "가난과 시대가 한 여자를 안타깝게 만드는 내용이지만.. 그래도 진심으로 사랑해줬던 남자가 있었고 .. 몸이 더럽혀지고 장애를 갖게된 영자가 그래도 같은처지의 남자를 만나 결혼도 하고 아이도 낳고 살게되서 다행스럽고.. 사실적이네요..",
    "date": "12.07.02",
    "rating": "10",
    "author": "up87****",
    "review_id": "6438110",
    "movie_id": "10067"
  },
  {
    "review": "한 여인의 기구한 한 여인을 향한 애달픔 순애보...시도때도없는 배경음악이 좀",
    "date": "12.05.29",
    "rating": "6",
    "author": "egyp****",
    "review_id": "6345504",
    "movie_id": "10067"
  },
  {
    "review": "아무 생각없이 보다 창수라는 사람한테 훅가네 .. ㅠㅠ",
    "date": "12.05.29",
    "rating": "10",
    "author": "simr****",
    "review_id": "6345005",
    "movie_id": "10067"
  },
  {
    "review": "돈을 벌기위해 올라온 영자...모든걸 잃고 다시 가난한 남자의 보통아내가 되다",
    "date": "12.05.14",
    "rating": "7",
    "author": "thra****",
    "review_id": "6298147",
    "movie_id": "10067"
  },
  {
    "review": "일단 재미있고, 애써 모르려했던 우리네 기성세대들의 아픈 이야기.",
    "date": "11.07.13",
    "rating": "8",
    "author": "jung****",
    "review_id": "5540409",
    "movie_id": "10067"
  },
  {
    "review": "부모님세대의 유산들인 요강,서울상경,버스안내양,휑~한 여의도부근등등",
    "date": "10.12.30",
    "rating": "10",
    "author": "redo****",
    "review_id": "5101748",
    "movie_id": "10067"
  },
  {
    "review": "젊은 날 한국영화 절대로 안본다던 내가 눈물흘렸던 영화.",
    "date": "10.06.21",
    "rating": "10",
    "author": "airl****",
    "review_id": "4582665",
    "movie_id": "10067"
  },
  {
    "review": "아,,,해피엔딩(창수에겐 새드엔딩이지만)으로 끝나서 너무나 다행입니다.감동받았음.",
    "date": "10.03.29",
    "rating": "10",
    "author": "hwan****",
    "review_id": "4396331",
    "movie_id": "10067"
  },
  {
    "review": "이 영화를 보고나서...아련한 옛생각도 나고....가슴이 마구 따뜻해져왔다",
    "date": "10.03.29",
    "rating": "10",
    "author": "7wjd****",
    "review_id": "4396110",
    "movie_id": "10067"
  },
  {
    "review": "수십전부터 보싶던영화 오늘 보내요 송재호씨 젊었을때 매력있네요 염복순씨도 반갑고",
    "date": "10.01.09",
    "rating": "10",
    "author": "moji****",
    "review_id": "4152228",
    "movie_id": "10067"
  },
  {
    "review": "딸이라면서. 영자를 닮았군. 행복하게 산다니 고마워.",
    "date": "09.12.12",
    "rating": "10",
    "author": "eorn****",
    "review_id": "4036037",
    "movie_id": "10067"
  },
  {
    "review": "아직도 그 비너스를 보게 된다면 참 슬플거예요!",
    "date": "09.11.12",
    "rating": "10",
    "author": "sand****",
    "review_id": "3954071",
    "movie_id": "10067"
  },
  {
    "review": "70년대 범람했던 다른 호스티스 멜로물들과 비교하면 큰 오산...",
    "date": "09.09.14",
    "rating": "7",
    "author": "tekk****",
    "review_id": "3830268",
    "movie_id": "10067"
  },
  {
    "review": "시대상을 단적으로 반영한 신파멜로. 이젠 찾아보기 힘든 서울 정경 또한 인상깊다.",
    "date": "09.08.30",
    "rating": "6",
    "author": "kkot****",
    "review_id": "3798058",
    "movie_id": "10067"
  },
  {
    "review": "여자몸파는곳의원조였구나그곳이돼지잡아먹는데얼굴보고잡아먹냐?지옥에떨어질년들",
    "date": "09.08.09",
    "rating": "1",
    "author": "zzzo****",
    "review_id": "3729231",
    "movie_id": "10067"
  },
  {
    "review": "70년대 그런 '영자'들이 많았음으로 영자의 전성시대!",
    "date": "08.11.16",
    "rating": "8",
    "author": "mypl****",
    "review_id": "3053666",
    "movie_id": "10067"
  },
  {
    "review": "과제때문에 보게됐는데 전혀 후회되지않고 왜 수작으로 평가되는지 알것같음",
    "date": "08.04.15",
    "rating": "10",
    "author": "cucc****",
    "review_id": "2581834",
    "movie_id": "10067"
  },
  {
    "review": "한국영화하믄 왜 이영화가 자주 거론되는지..보면알게됨",
    "date": "08.03.24",
    "rating": "10",
    "author": "sera****",
    "review_id": "2539700",
    "movie_id": "10067"
  },
  {
    "review": "헤성처럼 나타나 우리들의 심금을 울렸던 영자는 지금도 우리곁에 함께 있습니다",
    "date": "08.01.14",
    "rating": "10",
    "author": "naka****",
    "review_id": "2329562",
    "movie_id": "10067"
  },
  {
    "review": "암울한 70년대를 적나라하게 보여준 명작",
    "date": "08.01.14",
    "rating": "10",
    "author": "lsc2****",
    "review_id": "2329355",
    "movie_id": "10067"
  },
  {
    "review": "사나이 가슴에 눈을을............",
    "date": "08.01.14",
    "rating": "10",
    "author": "tubt****",
    "review_id": "2329258",
    "movie_id": "10067"
  },
  {
    "review": "울고 웃게 만드는 영화.. 잼있게 봤어요..('-')d",
    "date": "08.01.14",
    "rating": "10",
    "author": "ky68****",
    "review_id": "2328429",
    "movie_id": "10067"
  },
  {
    "review": "감히 명작이라 말씀드립니다. 촌스런 제목에 헷갈리시면 안 됩니다.",
    "date": "08.01.14",
    "rating": "10",
    "author": "jwle****",
    "review_id": "2328296",
    "movie_id": "10067"
  },
  {
    "review": "진정성이 있는 영화....가슴이 아파서 눈이 퉁퉁 부었습니다",
    "date": "07.12.26",
    "rating": "10",
    "author": "kore****",
    "review_id": "2267150",
    "movie_id": "10067"
  },
  {
    "review": "very good !",
    "date": "07.10.17",
    "rating": "10",
    "author": "cles****",
    "review_id": "2094840",
    "movie_id": "10067"
  },
  {
    "review": "생각보다 정말 잘 만들어진 영화에요.. 재미있고 짠하고.",
    "date": "07.09.27",
    "rating": "10",
    "author": "dofk****",
    "review_id": "2055770",
    "movie_id": "10067"
  },
  {
    "review": "시큰하네여~~^^",
    "date": "07.09.01",
    "rating": "8",
    "author": "drd1****",
    "review_id": "1993875",
    "movie_id": "10067"
  },
  {
    "review": "여자의 마지막 선택이 너무 가슴아프네여..",
    "date": "07.08.14",
    "rating": "10",
    "author": "wony****",
    "review_id": "1937819",
    "movie_id": "10067"
  },
  {
    "review": "70년대 그당시 이름없는 그 또는 그녀에게 일어났을법한 이야기.",
    "date": "07.07.06",
    "rating": "10",
    "author": "deka****",
    "review_id": "1750154",
    "movie_id": "10067"
  },
  {
    "review": "마지막에 슬픔이 확 올라온다... 저런 사랑은 평생 가슴에 뭍어두겠지",
    "date": "07.04.10",
    "rating": "10",
    "author": "yaha****",
    "review_id": "1582611",
    "movie_id": "10067"
  },
  {
    "review": "시대가한참 지난영화라 유치할줄알았는데 조은작품이네요",
    "date": "07.01.03",
    "rating": "10",
    "author": "sams****",
    "review_id": "1353529",
    "movie_id": "10067"
  },
  {
    "review": "지금 봐도 찡하다..",
    "date": "06.11.21",
    "rating": "10",
    "author": "apwn****",
    "review_id": "1244804",
    "movie_id": "10067"
  },
  {
    "review": "당대의 수작",
    "date": "06.11.12",
    "rating": "9",
    "author": "ysuh****",
    "review_id": "1228351",
    "movie_id": "10067"
  },
  {
    "review": "좋은영화.송재호씨보다 1살 적은 최불암씨가 할아버지 역활을..",
    "date": "05.10.06",
    "rating": "10",
    "author": "boxe****",
    "review_id": "434802",
    "movie_id": "10067"
  }
]