[
  {
    "review_id": "10226060",
    "movie_id": "100675",
    "author": "dldm****",
    "review": "가슴이 찡하도록 울려주는 영화였습니다.",
    "rating": "10",
    "date": "15.08.13"
  },
  {
    "review_id": "10163112",
    "movie_id": "100675",
    "author": "smil****",
    "review": "얼마나 울었던지 우울했던 맘을 감동으로 울린 영화입니다 감사합니다",
    "rating": "10",
    "date": "15.07.30"
  },
  {
    "review_id": "10105827",
    "movie_id": "100675",
    "author": "dkdl****",
    "review": "과연 오스카 여우주연상 받은 사람답게 연기력 장난 없는 힐러리 스웽크였다. 덕분에 감정이입이 더 잘 됐었음. 케이트에게 벡은 자신의 모습을 온전하게 보여줄 수 있는 유일한 사람이었기에 더 소중했을 것 같다.",
    "rating": "10",
    "date": "15.07.15"
  },
  {
    "review_id": "10068076",
    "movie_id": "100675",
    "author": "lgic****",
    "review": "루게릭병에 걸린 이야기인데 잔잔한 작은 감동이 있다",
    "rating": "6",
    "date": "15.07.04"
  },
  {
    "review_id": "10035870",
    "movie_id": "100675",
    "author": "sang****",
    "review": "그 사람의 그 모습을 사랑해주는 사람",
    "rating": "10",
    "date": "15.06.25"
  },
  {
    "review_id": "10020979",
    "movie_id": "100675",
    "author": "vlzk****",
    "review": "기대이상이네요 엔딩때 에미로섬 노래도 정말 좋아요",
    "rating": "10",
    "date": "15.06.22"
  },
  {
    "review_id": "9997848",
    "movie_id": "100675",
    "author": "wldy****",
    "review": "잔잔하게 왔다 거센파도가 치고 다시 잔잔해지는 파도와 같은 영화이다.정말 살면서 꼭 한번 보시기바랍니다.눈물이 나도 모르는 사이에 흐르고있더라구요.",
    "rating": "10",
    "date": "15.06.14"
  },
  {
    "review_id": "9986687",
    "movie_id": "100675",
    "author": "wlfa****",
    "review": "서로에게 의지하며 헌신하는 모습들은 언제나 감동적이다. 다만 케이트가 루게릭병을 이겨내기 위해 아무리 노력해도 결국 생을 마감한것처럼 감독이 아무리 감동적인 장면을 담아내려고 했지만 한계가 있었다.",
    "rating": "7",
    "date": "15.06.09"
  },
  {
    "review_id": "9985691",
    "movie_id": "100675",
    "author": "ehwj****",
    "review": "안타깝고 슬프고..삶이 내 마음대로 되지 않는구나 라고 느낀다",
    "rating": "7",
    "date": "15.06.09"
  },
  {
    "review_id": "9985022",
    "movie_id": "100675",
    "author": "ajaa****",
    "review": "소리 없이 눈물만 흘리며 봤던 영화. 미국 영화가 이렇게, 과격하거나 과도하지 않은.. 슬프고도 애절하게 그려내다니.. 꼭 한 번 보십시요. 당신은 두시간을, 가슴 따뜻하게 해 줄 것입니다..",
    "rating": "10",
    "date": "15.06.08"
  },
  {
    "review_id": "9979357",
    "movie_id": "100675",
    "author": "jang****",
    "review": "정말 뭔가 목이 꽉 막히면서 답답해졋다... 정말 영화보면서 오랜만에 눈물 흘렷네.. 케이트의 모든것이 이해된다. 왜 저럴수밖에 없는지.",
    "rating": "10",
    "date": "15.06.06"
  },
  {
    "review_id": "9961623",
    "movie_id": "100675",
    "author": "oojj****",
    "review": "뻔한 이야기인줄 알지만 감동과 공감을 이끌었다. 여주인공도 연기를 정말 잘했다.",
    "rating": "8",
    "date": "15.05.30"
  },
  {
    "review_id": "9953188",
    "movie_id": "100675",
    "author": "psy1****",
    "review": "최고의 영화~~~펑펑 울었습니다. 케이트는 행복한 사람입니다.",
    "rating": "10",
    "date": "15.05.27"
  },
  {
    "review_id": "9928518",
    "movie_id": "100675",
    "author": "love****",
    "review": "연기력 때문에 점수는 일단  몰아줘드립니다. 근래 때가 덕지덕지 묻은 나를 정화시켜주는 영화. 생을 마감하는 위치에 놓인 가족 한 분이 생각나 조금은 더 몰입하며 봤던 영화.",
    "rating": "8",
    "date": "15.05.18"
  },
  {
    "review_id": "9915367",
    "movie_id": "100675",
    "author": "stre****",
    "review": "정말 오랫만에 눈물바람이네요",
    "rating": "10",
    "date": "15.05.14"
  },
  {
    "review_id": "9912327",
    "movie_id": "100675",
    "author": "yong****",
    "review": "쏘쏘 이해안됨 기억없음",
    "rating": "8",
    "date": "15.05.12"
  },
  {
    "review_id": "9910066",
    "movie_id": "100675",
    "author": "fbwp****",
    "review": "슬프다... 정말 감동적인 영화 마지막엔 나도 모르게 눈물이...",
    "rating": "10",
    "date": "15.05.10"
  },
  {
    "review_id": "9909012",
    "movie_id": "100675",
    "author": "apex****",
    "review": "내용이 식상하다 감동은 개뿔",
    "rating": "5",
    "date": "15.05.10"
  },
  {
    "review_id": "9901124",
    "movie_id": "100675",
    "author": "hi5i****",
    "review": "힐러리 스웽크의 연기가 참 좋다. 아카데미 상을 두번이나 탄 이유을 여기서도 확인이 된다. 잔잔한 감흥과 삶과 죽음에 대한 생각을 주는 영화다.",
    "rating": "7",
    "date": "15.05.07"
  },
  {
    "review_id": "9899582",
    "movie_id": "100675",
    "author": "psp2****",
    "review": "연기력도 좋고 , 감동적인 영화",
    "rating": "8",
    "date": "15.05.06"
  },
  {
    "review_id": "9897050",
    "movie_id": "100675",
    "author": "mete****",
    "review": "새롭지 않은 영화. 마지막 배우들의 열연에 눈물이 나긴 했다.",
    "rating": "7",
    "date": "15.05.05"
  },
  {
    "review_id": "9894737",
    "movie_id": "100675",
    "author": "free****",
    "review": "너무 감동적 입니당 ㅎㅎ",
    "rating": "9",
    "date": "15.05.04"
  },
  {
    "review_id": "9893542",
    "movie_id": "100675",
    "author": "dltm****",
    "review": "마지막까지 옆에서 자신을 바라봐주는 사람들에게 폐끼치지않기위해 애쓰는 모습이 너무 안쓰러웠고 가슴아팠다. 나중에라도 나에게 크나큰 힘든일이 닥쳐왔을때 이영화를 보고 마음이나 생각을 굳게 잡을수 있을것같다.",
    "rating": "10",
    "date": "15.05.04"
  },
  {
    "review_id": "9876825",
    "movie_id": "100675",
    "author": "jwje****",
    "review": "연기도 ost도 넘 좋다.  감동 그 자체",
    "rating": "10",
    "date": "15.04.29"
  },
  {
    "review_id": "9870713",
    "movie_id": "100675",
    "author": "hanl****",
    "review": "감명깊게 잘봤습니다.배우들의섬세한연기 정말 훌륭했습니다. 삶과 죽음 .. 아름답게 표현한 영화 감명깊게 봤습니다",
    "rating": "10",
    "date": "15.04.26"
  },
  {
    "review_id": "9867049",
    "movie_id": "100675",
    "author": "pmp1****",
    "review": "내 인생에 가장 기억남을 영화인것 같다 스토리도 완벽하고 모든 구성이  만족이다 이런 영화는 처음 본 것 같다 나도 모르게 상황에 이입해서 눈물이 나고 케이트와 벡 과 함께 상황을 겪고 있는 느낌을 받았다 인생을한번 생각해보게 되었다 최고의 영화다",
    "rating": "10",
    "date": "15.04.25"
  },
  {
    "review_id": "9865117",
    "movie_id": "100675",
    "author": "cs79****",
    "review": "할리웃 영화답게 다소 과장된면은 없지않아있지만 언터처블 싸다구날릴정도의 영화네  에미로섬이 제대로 뜨면 엠버허드나 키이나나이틀리는 바로 버로우네 행복은 가까이있다는",
    "rating": "10",
    "date": "15.04.25"
  },
  {
    "review_id": "9863160",
    "movie_id": "100675",
    "author": "rlad****",
    "review": "일단 초반엔 상당히 이목을끌고 재미있는데 후반부로 갈수록 먼가 똑같은 연기를 하고 있다는 생각과 똑같은 연기같네요 완성도 부분에서도  상당히 좀 충격받았구요 전 상당히 감동적인 영화 좋아하고 그러는데 이 영화만큼은 정말 기대치 이하였네요..",
    "rating": "1",
    "date": "15.04.24"
  },
  {
    "review_id": "9858789",
    "movie_id": "100675",
    "author": "bles****",
    "review": "정신은 아프지 않으니 더 힘든 죽음",
    "rating": "6",
    "date": "15.04.23"
  },
  {
    "review_id": "9858205",
    "movie_id": "100675",
    "author": "guev****",
    "review": "음울할수도 있는 이야기에 적절한 유머를 구사하여 지루할틈없이 전개한 연출이 탁월하군",
    "rating": "7",
    "date": "15.04.23"
  },
  {
    "review_id": "9857675",
    "movie_id": "100675",
    "author": "onej****",
    "review": "나에게 주어진 오늘이란 시간의 소중함을 다시금 느끼게 해준 고마운 영화 였습니다. 감사합니다.",
    "rating": "10",
    "date": "15.04.23"
  },
  {
    "review_id": "9857614",
    "movie_id": "100675",
    "author": "civi****",
    "review": "아무리 연기가 우수하더래도 예상되는 전개와 구성으로 신선함이 떨어진다. 결국은 몰입은 하지만 크게 감동이 느껴지지 않는게 사실이다.",
    "rating": "6",
    "date": "15.04.23"
  },
  {
    "review_id": "9857191",
    "movie_id": "100675",
    "author": "woos****",
    "review": "눈물 없인 볼 수 없는 감동적인 영화!!",
    "rating": "9",
    "date": "15.04.22"
  },
  {
    "review_id": "9857144",
    "movie_id": "100675",
    "author": "myda****",
    "review": "연기력은 출중하다. 하지만 전형적인 스토리, 미스캐스팅이 발목을 잡는다.",
    "rating": "5",
    "date": "15.04.22"
  },
  {
    "review_id": "9855718",
    "movie_id": "100675",
    "author": "naia****",
    "review": "너무 슬프고 재밌어요. 느껴지는게 참 많은 영화에요. 강추",
    "rating": "10",
    "date": "15.04.21"
  },
  {
    "review_id": "9855384",
    "movie_id": "100675",
    "author": "cpch****",
    "review": "자신을 있는 그대로를 봐주길 바라는 마음이 타인을 있는 그대로 볼 수 있게 해준 듯....감동",
    "rating": "7",
    "date": "15.04.21"
  },
  {
    "review_id": "9855370",
    "movie_id": "100675",
    "author": "lapu****",
    "review": "강추 영화에요. 꼭 보시길.",
    "rating": "10",
    "date": "15.04.21"
  },
  {
    "review_id": "9808004",
    "movie_id": "100675",
    "author": "jjcv****",
    "review": "이렇게 심장이 따가운 영화가 좋다 이렇게 또다시 위로받고 사람에대한 믿음을 찾게 해주는 영화가 좋다",
    "rating": "9",
    "date": "15.03.26"
  },
  {
    "review_id": "9802261",
    "movie_id": "100675",
    "author": "darc****",
    "review": "정말 감동적인 영화다 배우들도 연기를 너무잘해서 현실이였던것같다 평론가는 힐러리스웽크는 이런역활에 어울리지 않다고 말했지만 그런편견을 갖고 영화를 봤으니 그따구로 평가하는거다 편견을깨고 다시보시길",
    "rating": "10",
    "date": "15.03.23"
  },
  {
    "review_id": "9801807",
    "movie_id": "100675",
    "author": "127c****",
    "review": "좋았습니다~ 모든 사람들의 입장이 다 이해가 되더군요.",
    "rating": "8",
    "date": "15.03.23"
  },
  {
    "review_id": "9770740",
    "movie_id": "100675",
    "author": "lsh9****",
    "review": "타인이 외면하는 내 모습을 있는 그대로 봐주는 사람을 만났을 때,그걸 우린  '인연'이라고 하는 게 아닐까.",
    "rating": "10",
    "date": "15.03.10"
  },
  {
    "review_id": "9703609",
    "movie_id": "100675",
    "author": "mk04****",
    "review": "캐릭터 모두의 마음이 이해가 됐던 영화. 배우들 연기도 훌륭하고. 감정이 고대로 느껴졌네요.. 언터쳐블을 재밌게 봤다면 이 영화를 아마 더 재밌게 볼 듯... 개인적으로 언터쳐블보다 감동있는 우정이 보이는 영화네요,.,!!",
    "rating": "10",
    "date": "15.02.16"
  },
  {
    "review_id": "9703590",
    "movie_id": "100675",
    "author": "yeeu****",
    "review": "내용 좋았습니다....약간 지루한감이 있긴했지만 기분탓인듯",
    "rating": "8",
    "date": "15.02.16"
  },
  {
    "review_id": "9700605",
    "movie_id": "100675",
    "author": "cwla****",
    "review": "안 울려고 했는데..울어버렸다 ㅜㅜ",
    "rating": "10",
    "date": "15.02.15"
  },
  {
    "review_id": "9674127",
    "movie_id": "100675",
    "author": "love****",
    "review": "영화를 보고 난 뒤, 정말 나 자신을 있는 그대로 바라봐주는 사람이 누구인지, 그리고 나 또한 있는 그대로 바라봐주는 사람인지 되돌아 보게 되었다.",
    "rating": "9",
    "date": "15.02.07"
  },
  {
    "review_id": "9673164",
    "movie_id": "100675",
    "author": "sesk****",
    "review": "이건 10점 드려도 부족한 점수입니다. 100점 드리고 싶네요",
    "rating": "10",
    "date": "15.02.06"
  },
  {
    "review_id": "9668511",
    "movie_id": "100675",
    "author": "infi****",
    "review": "감동적으로 보긴 했는데 뭔가 2% 부족한 느낌이 아쉽네요",
    "rating": "8",
    "date": "15.02.05"
  },
  {
    "review_id": "9663036",
    "movie_id": "100675",
    "author": "audt****",
    "review": "물흐르듯이 잔잔한 감동자극적인 장면이 많은 요새 영화들속특별함을 준 영화입니다.",
    "rating": "9",
    "date": "15.02.03"
  },
  {
    "review_id": "9661439",
    "movie_id": "100675",
    "author": "myw1****",
    "review": "내 삶을 생각하는영화였습니다",
    "rating": "10",
    "date": "15.02.02"
  },
  {
    "review_id": "9659238",
    "movie_id": "100675",
    "author": "leem****",
    "review": "정말 좋은 영화에요. 강추합니다.",
    "rating": "10",
    "date": "15.02.01"
  },
  {
    "review_id": "9657939",
    "movie_id": "100675",
    "author": "nara****",
    "review": "괜찮았던. 울림을 주었던 영화~ 다만 좀만 더 길게 내용을 담았더라면..음악적 성장을 좀더 디테일하게 담아냈더라면..어땠을까하는 생각도 들었다",
    "rating": "9",
    "date": "15.02.01"
  },
  {
    "review_id": "9656201",
    "movie_id": "100675",
    "author": "csej****",
    "review": "정말 감동적이고 많은걸 깨닫게해주는 영화엿어요",
    "rating": "10",
    "date": "15.02.01"
  },
  {
    "review_id": "9653434",
    "movie_id": "100675",
    "author": "temi****",
    "review": "힐리리 스웽크.. 뭔지 모를 깊이와 진정성이 있는 배우.밀리언 달러  베이비에서도 존엄한  죽음을 택하더니.. ㅜㅜ",
    "rating": "8",
    "date": "15.01.31"
  },
  {
    "review_id": "9651613",
    "movie_id": "100675",
    "author": "kfat****",
    "review": "우정과 삶...다른 삶이 이해하고  공감이 간 다는 것은 우정의 시작이다... 완전 다른 삶이지만... 그래서 더  끌임과 연민이 생긴다.. 서로 다르지만.. 상처를 나눌 있는  친구를 만난다는 것은 인생에서 가장 성공한 일인  것 같다..",
    "rating": "9",
    "date": "15.01.30"
  },
  {
    "review_id": "9651143",
    "movie_id": "100675",
    "author": "zxco****",
    "review": "말이 필요없습니다 일단 보세요!",
    "rating": "10",
    "date": "15.01.30"
  },
  {
    "review_id": "9651010",
    "movie_id": "100675",
    "author": "012t****",
    "review": "돈아까워요 잠안올때보면 좋겠네요",
    "rating": "3",
    "date": "15.01.30"
  },
  {
    "review_id": "9645838",
    "movie_id": "100675",
    "author": "doon****",
    "review": "젊은여자의 발연기영화에 몰입이 안되고 그냥 연기한다는게 느껴지고억지로 감동적이게 하려는 느낌..언터쳐블 아류",
    "rating": "1",
    "date": "15.01.28"
  },
  {
    "review_id": "9645757",
    "movie_id": "100675",
    "author": "soar****",
    "review": "7.5점 주려고 했는데 7.5점이 없네요여자들의 감성과 맞아떨어지는 영화인 듯 해요언터쳐블의 아류작이라는데 한표",
    "rating": "7",
    "date": "15.01.28"
  },
  {
    "review_id": "9645544",
    "movie_id": "100675",
    "author": "thgm****",
    "review": "혼자서 차분히 보러 갔는데 상당히 몰입해서 보고 케이트와 벡한테 감정이입 될 수 있는 영화.. 환자가 아닌 한 사람으로 대우 받고싶어하는 마음을 이해하면서 안쓰럽기도 한 영화",
    "rating": "10",
    "date": "15.01.28"
  },
  {
    "review_id": "9645165",
    "movie_id": "100675",
    "author": "xiq0****",
    "review": "짝퉁 언터처블.보는 내내 비교되서 불편했다.",
    "rating": "5",
    "date": "15.01.28"
  },
  {
    "review_id": "9645039",
    "movie_id": "100675",
    "author": "ps_h****",
    "review": "끝났나 싶은 순간에 마지막에 에미 로섬이 케이트가 준 구두 신고 열창하는 모습이 잊혀지지 않아요.  그런 모습을 보면서 케이트도 행복했을 것 같아요.",
    "rating": "10",
    "date": "15.01.28"
  },
  {
    "review_id": "9644814",
    "movie_id": "100675",
    "author": "mzk1****",
    "review": "영화 마지막 케이트가 준 구두를 신고 무대에 올라선 벡의 모습에 정말 울컥했어요! 영화 속 OST도 너무 좋고!! 다시 보고 싶어요ㅠㅠㅠ",
    "rating": "10",
    "date": "15.01.28"
  },
  {
    "review_id": "9644772",
    "movie_id": "100675",
    "author": "vnfm****",
    "review": "마지막에 에미 로섬이 마놀로 구두신고 노래부를땐 정말 폭풍 감동 ㅠ.ㅠ 엔딩곡 너무 좋네여~!!",
    "rating": "10",
    "date": "15.01.28"
  },
  {
    "review_id": "9644742",
    "movie_id": "100675",
    "author": "rara****",
    "review": "엔딩에서 에미 로섬이 노래 할 때 폭풍 눈물이.. 영화가 끝나도 아무도 안 일어나더라고요. ㅠ ㅠ",
    "rating": "10",
    "date": "15.01.28"
  },
  {
    "review_id": "9644633",
    "movie_id": "100675",
    "author": "artr****",
    "review": "너무 기대한 영화인데, 정말 개봉관이 적네요... 시간이 안 되서...ㅡㅜ 개봉관 좀 확대해 주면 안 되나요?",
    "rating": "8",
    "date": "15.01.28"
  },
  {
    "review_id": "9643652",
    "movie_id": "100675",
    "author": "yooj****",
    "review": "친구와 함께 봤는데, 재밌었어요~",
    "rating": "10",
    "date": "15.01.27"
  },
  {
    "review_id": "9643072",
    "movie_id": "100675",
    "author": "grac****",
    "review": "주인공들연기, 스토리 다 감동",
    "rating": "10",
    "date": "15.01.27"
  },
  {
    "review_id": "9642990",
    "movie_id": "100675",
    "author": "dlgk****",
    "review": "에미 로섬의 연기에 푹~ 반하고 온것 같아요! 진짜 나를 만나는 순간! 유아 낫 유 오랜만에 좋은 영화 잘봤습니다!",
    "rating": "8",
    "date": "15.01.27"
  },
  {
    "review_id": "9642666",
    "movie_id": "100675",
    "author": "chss****",
    "review": "개인적으로 내용도그럿고 좀아니였습니다돈주고 보기 아까웟다고 싶을정도로일단  여자친구도 썩좋아하지는않앗기에 평정 낮게봅니다",
    "rating": "2",
    "date": "15.01.27"
  },
  {
    "review_id": "9642505",
    "movie_id": "100675",
    "author": "seon****",
    "review": "이 영화를 보는 내내 오랫동안 당뇨 합병증으로 고생하시다 돌아가신 아버님을 생각할 수밖에 없었다. 죽음이 다가오는 누군가를  옆에서 지켜봐야했던 사람에게는 너무도 공감이 가는 영화다.",
    "rating": "10",
    "date": "15.01.27"
  },
  {
    "review_id": "9641983",
    "movie_id": "100675",
    "author": "gkse****",
    "review": "죽음 앞에선 두 여자의 우정. 따뜻함.",
    "rating": "9",
    "date": "15.01.27"
  },
  {
    "review_id": "9641361",
    "movie_id": "100675",
    "author": "jinj****",
    "review": "영화관에서 보면서 너무많이 울었네요.평일밤시간이라 사람 없어서 다행이었어요...인생에대해 돌아보게 되는 좋은영화 강추합니다",
    "rating": "9",
    "date": "15.01.27"
  },
  {
    "review_id": "9641001",
    "movie_id": "100675",
    "author": "qwee****",
    "review": "음..딱 8점 정도 재미였어요^^",
    "rating": "8",
    "date": "15.01.26"
  },
  {
    "review_id": "9640469",
    "movie_id": "100675",
    "author": "pshk****",
    "review": "영화 자체로 느끼는대로 보세요이 영화를 스토리 각본 뭐 이런거 틀에 매이지 마시고 느끼는 감정대로 보시면 눈물 핑 도실 겁니다정말 정말 잘 봤네요 진심 추천 드립니다",
    "rating": "10",
    "date": "15.01.26"
  },
  {
    "review_id": "9638919",
    "movie_id": "100675",
    "author": "gemi****",
    "review": "언터쳐블의 여자버전.다들 연기 잘 함.난 여자지만 남편도 불쌍ㅠ",
    "rating": "9",
    "date": "15.01.26"
  },
  {
    "review_id": "9638739",
    "movie_id": "100675",
    "author": "ceno****",
    "review": "3-6년차 부부들에게 바치는 영화^^",
    "rating": "9",
    "date": "15.01.26"
  },
  {
    "review_id": "9638632",
    "movie_id": "100675",
    "author": "tmdg****",
    "review": "배우들의 연기도 좋고 스토리도 좋고 같이나오는 음악도 좋고슬프기도하고 감동스럽기도하고  친구 가족 사랑에 대해 생각해보게만드는 영화였습니다. 많은 사람들이 봤으면 좋겠어요.",
    "rating": "10",
    "date": "15.01.26"
  },
  {
    "review_id": "9638249",
    "movie_id": "100675",
    "author": "1406****",
    "review": "마음에 와닿는 대사가 참 많아서 공감하면서 봤네요.끝나고 나서 웃음과 함께 감동의 눈물이... 많은 것을 생각하게 하더군요.",
    "rating": "10",
    "date": "15.01.26"
  },
  {
    "review_id": "9637266",
    "movie_id": "100675",
    "author": "sy99****",
    "review": "최고의영화 울다왔네요..꼭보세요 볼까말까 망설이시는분들 정말최고입니다",
    "rating": "10",
    "date": "15.01.25"
  },
  {
    "review_id": "9636781",
    "movie_id": "100675",
    "author": "wkm2****",
    "review": "보는 내내 참  많은  교훈도얻고  생각했 습니다  죽 기전에꼭  봐야 하는거같아요",
    "rating": "10",
    "date": "15.01.25"
  },
  {
    "review_id": "9634046",
    "movie_id": "100675",
    "author": "kbka****",
    "review": "눈물이 줄줄~~감동~|",
    "rating": "10",
    "date": "15.01.25"
  },
  {
    "review_id": "9632889",
    "movie_id": "100675",
    "author": "kyun****",
    "review": "연기너무잘함 메멘토모리",
    "rating": "8",
    "date": "15.01.25"
  },
  {
    "review_id": "9632248",
    "movie_id": "100675",
    "author": "wony****",
    "review": "삶과 사랑, 관계에 대해 생각하게만든 영화..슬프고도 감동있는 작품이었습니다",
    "rating": "8",
    "date": "15.01.24"
  },
  {
    "review_id": "9632022",
    "movie_id": "100675",
    "author": "soom****",
    "review": "좋아요. 삶에 대해 생각해보게되고 사랑에 대해 만남에 대해도 생각해보게되네요.",
    "rating": "10",
    "date": "15.01.24"
  },
  {
    "review_id": "9629811",
    "movie_id": "100675",
    "author": "cktm****",
    "review": "엄마랑 오늘 아침에 조조로 보러갔는데 눈물바람됐네요..^^ 언터쳐블이 조금 딱딱하게 느끼신 분들이 계시다면 유아낫유는 좀 부드러운 분위기라 감정이입해서 보기 좋었슺니다",
    "rating": "10",
    "date": "15.01.24"
  },
  {
    "review_id": "9629533",
    "movie_id": "100675",
    "author": "wltl****",
    "review": "보고싶은데상영관도잘없고,상영시간도 별로없네요좀늘여주세요 !",
    "rating": "10",
    "date": "15.01.24"
  },
  {
    "review_id": "9628952",
    "movie_id": "100675",
    "author": "mani****",
    "review": "이 겨울 훈훈한 영화에요",
    "rating": "10",
    "date": "15.01.24"
  },
  {
    "review_id": "9628599",
    "movie_id": "100675",
    "author": "ohri****",
    "review": "감동적이지만 소재의 식상함이 어떤영화의 아류작으로 느껴짐",
    "rating": "8",
    "date": "15.01.23"
  },
  {
    "review_id": "9628264",
    "movie_id": "100675",
    "author": "9208****",
    "review": "감동이다~ 진짜 오랜만에 10점을 주는 영화다",
    "rating": "10",
    "date": "15.01.23"
  },
  {
    "review_id": "9627140",
    "movie_id": "100675",
    "author": "jovi****",
    "review": "최고의연기력. 큰울림",
    "rating": "10",
    "date": "15.01.23"
  },
  {
    "review_id": "9627015",
    "movie_id": "100675",
    "author": "gook****",
    "review": "서로 다름에 대한 이해와 조화... 아릅답다",
    "rating": "8",
    "date": "15.01.23"
  },
  {
    "review_id": "9626278",
    "movie_id": "100675",
    "author": "cha9****",
    "review": "솔직히 어디에서 이영화 당첨되서 본거라서 기대안하고봣는데 이영화를보고나서는 핑계거리가 사라졋다고해야하나 그런느낌을받앗어요 연기도좋앗고 줄거리도좋앗고 완벽한영화엿어요정말",
    "rating": "10",
    "date": "15.01.23"
  },
  {
    "review_id": "9626155",
    "movie_id": "100675",
    "author": "0308****",
    "review": "연기가 너무 훌룡해서 보는 내내 소름돋았습니다. 정말 좋은 영화를 본거같아서 좋습니다.",
    "rating": "10",
    "date": "15.01.23"
  },
  {
    "review_id": "9625966",
    "movie_id": "100675",
    "author": "bogd****",
    "review": "인간의 마지막 순간을그린 절절함, 네네 눈물 적시네요.",
    "rating": "10",
    "date": "15.01.23"
  },
  {
    "review_id": "9625372",
    "movie_id": "100675",
    "author": "high****",
    "review": "영화가 끝나는 순간 많은 생각들을 하게 해줍니다.주인공과 주변인들이 겪는 마음의 아픔을 그대로 느낄수 있습니다. 그리고 보실분들은 엔딩크레딧에 나오는 노래를 끝까지 들으시길 바랍니다.",
    "rating": "10",
    "date": "15.01.23"
  },
  {
    "review_id": "9624526",
    "movie_id": "100675",
    "author": "ecoy****",
    "review": "뻔할듯한  스토리지만  뻔하지 않은  이유는 주인공인 케이티의   확고한  정체성때문이다.  당연히 봐줄 수없는 간병인을 케이티가 선택한 이유는 자신과 닮은  벡의 내면을  느꼈기 때문이다.  아쉬운 점은  편집의 문젠지 연출의 문젠지  매끄럽지 않다",
    "rating": "8",
    "date": "15.01.22"
  },
  {
    "review_id": "9624084",
    "movie_id": "100675",
    "author": "jkmr****",
    "review": "가슴이 먹먹해지도록 슬프기도하지만 뭉클한 감동도 밀려오는 영화!!난 어떻게 살고 있나 한번더 생각해보게 되는 영화다!!!손수건 챙겨가는 센스!!",
    "rating": "10",
    "date": "15.01.22"
  },
  {
    "review_id": "9623873",
    "movie_id": "100675",
    "author": "baca****",
    "review": "예고편보고 맘에들어서 개봉당일 퇴근후에  봤는데.. 아...정말 이렇게 깔끔한 영화 오랜만에 보고 이렇게 깔끔하고 명언이 많은 이런영화 너무 좋아요. 퇴근후에 올만에 힐링했네요~ 정신적인 힐링이요^^*",
    "rating": "10",
    "date": "15.01.22"
  },
  {
    "review_id": "9623789",
    "movie_id": "100675",
    "author": "eung****",
    "review": "제가 좋아하는 분야의 영화라 그런가...울다..웃다..너무 감동적이였습니다.추운겨울 맘이 따뜻해지는 영화입니다.손수건 꼭 준비하시구요..",
    "rating": "10",
    "date": "15.01.22"
  },
  {
    "review_id": "9623722",
    "movie_id": "100675",
    "author": "lims****",
    "review": "여자들 보기좋은 영화! 여자친구들끼리 어머니들끼리 추천드려용~",
    "rating": "9",
    "date": "15.01.22"
  }
]