[
  {
    "review_id": "10146764",
    "movie_id": "100631",
    "author": "zkxh****",
    "review": "I LOVE LADY GAGA",
    "rating": "9",
    "date": "15.07.26"
  },
  {
    "review_id": "9792039",
    "movie_id": "100631",
    "author": "kxvt****",
    "review": "흥미롭고 자극적인 소재로 편집도 시원찮고 재미없게 다큐멘터리 만들기.",
    "rating": "4",
    "date": "15.03.18"
  },
  {
    "review_id": "8998784",
    "movie_id": "100631",
    "author": "1691****",
    "review": "불쌍하기 그지 없는, 휴~~~",
    "rating": "1",
    "date": "14.08.01"
  },
  {
    "review_id": "8968877",
    "movie_id": "100631",
    "author": "tumb****",
    "review": "반복되는 전개 반복되는 찬사 번복되는 관객들의 상념",
    "rating": "5",
    "date": "14.07.27"
  },
  {
    "review_id": "8714875",
    "movie_id": "100631",
    "author": "dlgk****",
    "review": "자극적이고 어지럽다.",
    "rating": "1",
    "date": "14.05.07"
  },
  {
    "review_id": "8650705",
    "movie_id": "100631",
    "author": "dptn****",
    "review": "레이디가가 별루데 이상한짖많이해서 그렇게 좋지는안보이는데",
    "rating": "1",
    "date": "14.04.14"
  },
  {
    "review_id": "8492147",
    "movie_id": "100631",
    "author": "hyeb****",
    "review": "레이디가가 언니 좋아요^^",
    "rating": "10",
    "date": "14.02.09"
  },
  {
    "review_id": "8465566",
    "movie_id": "100631",
    "author": "gust****",
    "review": "가가 사랑해요♡♡♡♡~~!!~~!!",
    "rating": "10",
    "date": "14.02.02"
  },
  {
    "review_id": "8357367",
    "movie_id": "100631",
    "author": "gaga****",
    "review": "가가 세계적인가수 말이이필요있나",
    "rating": "10",
    "date": "14.01.07"
  },
  {
    "review_id": "7650842",
    "movie_id": "100631",
    "author": "dg_2****",
    "review": "난 레이디가가 좋아하는데.. 그냥 무조건 추켜세울라고 만든 영화같다 ㅠㅠ 레이디가가의 뜻은 전달 되었지만 뭔가.. 리얼리티가 부족했다고 할까? 케이티페리의  Part Of Me 보다 아주 ~ 조금 아쉬운 작품..?그리고 해설 목소리 맘에 안듬",
    "rating": "7",
    "date": "13.06.17"
  },
  {
    "review_id": "7280323",
    "movie_id": "100631",
    "author": "lady****",
    "review": "gews****:무슨 아직도 레이디카피켓 드립을치나.그드립 마돈나가 쳤다가 바로 사과한거 모르나..애휴..언제까지 뻘루머 믿고 욕해댈건지.깔거면 팩트를 갖고 까야지.그냥 맘에안든다고 억지부리는거 솔직히 역겹다.",
    "rating": "10",
    "date": "13.02.18"
  },
  {
    "review_id": "7256363",
    "movie_id": "100631",
    "author": "gews****",
    "review": "Goodbye Lady CopyCat",
    "rating": "1",
    "date": "13.02.12"
  },
  {
    "review_id": "7238265",
    "movie_id": "100631",
    "author": "qkrq****",
    "review": "레이디가가! 드디어 정체가 드러내구나~!ㅋㅋㅋㅋ열정적인 퍼포먼스 맘에듭니다~",
    "rating": "10",
    "date": "13.02.08"
  },
  {
    "review_id": "7226827",
    "movie_id": "100631",
    "author": "exp5****",
    "review": "지림",
    "rating": "10",
    "date": "13.02.05"
  },
  {
    "review_id": "7225548",
    "movie_id": "100631",
    "author": "diop****",
    "review": "레이디가가 짱",
    "rating": "10",
    "date": "13.02.04"
  },
  {
    "review_id": "7225544",
    "movie_id": "100631",
    "author": "xodn****",
    "review": "굿굿굿",
    "rating": "10",
    "date": "13.02.04"
  },
  {
    "review_id": "7215919",
    "movie_id": "100631",
    "author": "risi****",
    "review": "상상마당에서 매주 토요일 저녁 여덟시 반에 해요.방금 보고왔음 ㅋ",
    "rating": "8",
    "date": "13.02.02"
  },
  {
    "review_id": "7199958",
    "movie_id": "100631",
    "author": "khc1****",
    "review": "도대체 영화 어디서들 본거예요??? ㅠㅜ",
    "rating": "10",
    "date": "13.01.30"
  },
  {
    "review_id": "7185421",
    "movie_id": "100631",
    "author": "mona****",
    "review": "왕!♥♥레이디가가!!!!!!",
    "rating": "10",
    "date": "13.01.27"
  },
  {
    "review_id": "7181055",
    "movie_id": "100631",
    "author": "dudg****",
    "review": "걍최고입니다",
    "rating": "10",
    "date": "13.01.27"
  },
  {
    "review_id": "7176721",
    "movie_id": "100631",
    "author": "qjqt****",
    "review": "기대된디",
    "rating": "10",
    "date": "13.01.26"
  },
  {
    "review_id": "7171930",
    "movie_id": "100631",
    "author": "dbwo****",
    "review": "표 예매 하기 버튼 자체가 없는대 다들 대체 어디서 본거임?",
    "rating": "10",
    "date": "13.01.25"
  },
  {
    "review_id": "7171901",
    "movie_id": "100631",
    "author": "jooh****",
    "review": "역시  레이디가가언니 마더 몬스터♥♥  보는내내 지루함도 없고  진짜  좋았어요!!  빨리  다시  내한  하세염ㅠ♥",
    "rating": "10",
    "date": "13.01.25"
  },
  {
    "review_id": "7168295",
    "movie_id": "100631",
    "author": "akur****",
    "review": "레이디가가는 천재이자 또라이다ㅋㅋ시간 가는줄 모르고봤다.",
    "rating": "10",
    "date": "13.01.24"
  },
  {
    "review_id": "7168276",
    "movie_id": "100631",
    "author": "hosh****",
    "review": "21세기 최고 팝 아티스트=레이디가가",
    "rating": "10",
    "date": "13.01.24"
  },
  {
    "review_id": "7168246",
    "movie_id": "100631",
    "author": "slay****",
    "review": "20세기 후반은 마돈나, 21세기엔 레이디 가가!!!!ㅎ",
    "rating": "10",
    "date": "13.01.24"
  },
  {
    "review_id": "7167194",
    "movie_id": "100631",
    "author": "ipop****",
    "review": "ㅎㅎ",
    "rating": "10",
    "date": "13.01.24"
  },
  {
    "review_id": "7165171",
    "movie_id": "100631",
    "author": "ehdw****",
    "review": "진짜꼭봐볼만한영화",
    "rating": "10",
    "date": "13.01.24"
  }
]