[
  {
    "review_id": "10275669",
    "movie_id": "100639",
    "author": "codm****",
    "review": "연기력이 정말 대단해요...  매튜 매커너히의 연기력은 이미 뭐 잘 알고 있었지만 자레드 레토를 새로 발견하게 된 것 같네요 둘 다 오스카상 받을만합니다.",
    "rating": "10",
    "date": "15.08.26"
  },
  {
    "review_id": "10270103",
    "movie_id": "100639",
    "author": "deat****",
    "review": "이정도 영화가 평점이 낮다면 낮은편이네 하면서 평점낮은순 평점댓봤다.. 진짜 우리나라는 일단 무조건 미성년자는 네이버 영화에 평점매겨선 안되고 몇몇 무뇌아들도 영화관 출입시키면안됨. 재미가 주관적인거다?? 어떤놈은 울나라 허세찬 인간들을 위한 영화랰ㅋ",
    "rating": "9",
    "date": "15.08.24"
  },
  {
    "review_id": "10269139",
    "movie_id": "100639",
    "author": "joll****",
    "review": "만점 드립니다. 냉무. 굳굳",
    "rating": "10",
    "date": "15.08.23"
  },
  {
    "review_id": "10256480",
    "movie_id": "100639",
    "author": "awn_****",
    "review": "각본은 사실 평범하지만 둘의 연기를 보는 것만으로 감사해질 지경.",
    "rating": "9",
    "date": "15.08.20"
  },
  {
    "review_id": "10228977",
    "movie_id": "100639",
    "author": "kime****",
    "review": "진짜 한번의 삶이 어떤 삶이여야 한다는걸 보여줬다. 이영화를 있게해준 론과 감독 배우들에게 감사한다!",
    "rating": "10",
    "date": "15.08.14"
  },
  {
    "review_id": "10217040",
    "movie_id": "100639",
    "author": "yang****",
    "review": "연기의 신 매튜횽아 연기에만 집중하고 봄..근데  좀 지루함..장자크발레? 암튼  저감독 영화  와일드도  그렇고  좀 지루함..떡신은 맛깔나게 잘찍음",
    "rating": "8",
    "date": "15.08.11"
  },
  {
    "review_id": "10202379",
    "movie_id": "100639",
    "author": "lawc****",
    "review": "2014년부터 2015년까지 본 영화중 가장좋은 영화",
    "rating": "10",
    "date": "15.08.08"
  },
  {
    "review_id": "10182449",
    "movie_id": "100639",
    "author": "qowl****",
    "review": "뭔가 심오하지만 매력적인 영화",
    "rating": "10",
    "date": "15.08.04"
  },
  {
    "review_id": "10181119",
    "movie_id": "100639",
    "author": "akad****",
    "review": "살아있는 이야기의 재미와 매튜 맥커너히의 절정의 연기",
    "rating": "10",
    "date": "15.08.03"
  },
  {
    "review_id": "10178621",
    "movie_id": "100639",
    "author": "zeva****",
    "review": "다 좋았지만 자레드 레토의 연기. 그중에서 제일 좋았다. 최고.",
    "rating": "9",
    "date": "15.08.03"
  },
  {
    "review_id": "10167952",
    "movie_id": "100639",
    "author": "spdl****",
    "review": "내가 좋아하는 배우다  여운이 긴 영화 감동감동!!",
    "rating": "10",
    "date": "15.07.31"
  },
  {
    "review_id": "10121975",
    "movie_id": "100639",
    "author": "prac****",
    "review": "이 영화 최종관객수가 7만명 ㅋㅋㅋ 한국인들 영화보는 수준보소 ㅋㅋㅋ",
    "rating": "10",
    "date": "15.07.20"
  },
  {
    "review_id": "10111758",
    "movie_id": "100639",
    "author": "ibp2****",
    "review": "귀에다 눈에다 때려박네 .  마지막 절정에 연기에 연출이 따라가질 못하네",
    "rating": "8",
    "date": "15.07.17"
  },
  {
    "review_id": "10056052",
    "movie_id": "100639",
    "author": "ttty****",
    "review": "연기력 장난 아니네 ..",
    "rating": "10",
    "date": "15.06.30"
  },
  {
    "review_id": "10037346",
    "movie_id": "100639",
    "author": "acoy****",
    "review": "자레드는 내 가슴을 매튜는 내 머리를 훔쳐가다.",
    "rating": "8",
    "date": "15.06.26"
  },
  {
    "review_id": "10030570",
    "movie_id": "100639",
    "author": "iya1****",
    "review": "인생의 의미를 돌아보게 하는 영화.매튜와 제프리의 연기에 박수를 보낸다.",
    "rating": "8",
    "date": "15.06.24"
  },
  {
    "review_id": "10024125",
    "movie_id": "100639",
    "author": "knol****",
    "review": "인생의 걸작이다. 매튜맥커너히와 자레드레토, 그리고 내 인생에서도..",
    "rating": "10",
    "date": "15.06.23"
  },
  {
    "review_id": "10010539",
    "movie_id": "100639",
    "author": "yea4****",
    "review": "매튜 맥커너히가 쓸데없이 살을 빼듯한 영화네요",
    "rating": "2",
    "date": "15.06.19"
  },
  {
    "review_id": "10009630",
    "movie_id": "100639",
    "author": "dent****",
    "review": "불치병환자들의 처절한 몸부림과 무능한 FDA. 현 시점에서 관람하니 더 암울하네요",
    "rating": "9",
    "date": "15.06.18"
  },
  {
    "review_id": "10005563",
    "movie_id": "100639",
    "author": "dydr****",
    "review": "좋은영화추천합니다 ..",
    "rating": "10",
    "date": "15.06.17"
  },
  {
    "review_id": "9986536",
    "movie_id": "100639",
    "author": "indr****",
    "review": "로니와 레이온의 미친 연기력",
    "rating": "10",
    "date": "15.06.09"
  },
  {
    "review_id": "9967736",
    "movie_id": "100639",
    "author": "cbr6****",
    "review": "눈물이 쏟아지진 않았지만.. 눈가에 맴도는것이 나쁘지많은 않다..",
    "rating": "10",
    "date": "15.06.01"
  },
  {
    "review_id": "9958947",
    "movie_id": "100639",
    "author": "zndz****",
    "review": "누가 의사고 누가 장사꾼인가",
    "rating": "10",
    "date": "15.05.29"
  },
  {
    "review_id": "9912359",
    "movie_id": "100639",
    "author": "dpdj****",
    "review": "소재가 소재니 만큼 사람들이 평점을 높게 주려는 경향이 있는 것 같다. 딱히 메시지가 와닿지 않는다.",
    "rating": "5",
    "date": "15.05.12"
  },
  {
    "review_id": "9911484",
    "movie_id": "100639",
    "author": "edga****",
    "review": "미치도록 외롭고 쓸쓸한 사람들의 삶을 위한 투쟁기.. 마음이 공허해집니다",
    "rating": "10",
    "date": "15.05.11"
  },
  {
    "review_id": "9902128",
    "movie_id": "100639",
    "author": "sado****",
    "review": "영화보는 내내 론이라는 인물에 빠져들어 볼수밖에 없었다. 왜냐하면  매튜 맥커너히의 연기가 가히 환상적이었기 때문에",
    "rating": "9",
    "date": "15.05.07"
  },
  {
    "review_id": "9891031",
    "movie_id": "100639",
    "author": "tjdg****",
    "review": "두배우의 혼연의 연기가 일품",
    "rating": "9",
    "date": "15.05.03"
  },
  {
    "review_id": "9882913",
    "movie_id": "100639",
    "author": "ha_e****",
    "review": "삶의 질곡들이 묘하게 엉켜서 독특한 향기를 품어낸다.",
    "rating": "8",
    "date": "15.05.01"
  },
  {
    "review_id": "9879376",
    "movie_id": "100639",
    "author": "beat****",
    "review": "에이즈에걸려한달밖에못살거라는전기기사(매튜맥커너히)달라수바이어스의2번째회원이된탑게이레이언(자레드레토)암환자라서하루에약을33알씩먹어야해요(밀수중인신부님)가끔은살려고노력하느라진짜살시간이없는것같아(맞는말)삶의끝단에서살아보려는그들을지루하고건조하게지켜봤다값진하루",
    "rating": "6",
    "date": "15.04.29"
  },
  {
    "review_id": "9874661",
    "movie_id": "100639",
    "author": "ayun****",
    "review": "박평식의 말대로 숙연해진다",
    "rating": "10",
    "date": "15.04.28"
  },
  {
    "review_id": "9847973",
    "movie_id": "100639",
    "author": "twot****",
    "review": "배우들의 연기 디테일이 아주 그냥...",
    "rating": "10",
    "date": "15.04.16"
  },
  {
    "review_id": "9819360",
    "movie_id": "100639",
    "author": "mara****",
    "review": "살고자 하는 의지에 인상깊었다. 추천!!",
    "rating": "8",
    "date": "15.04.01"
  },
  {
    "review_id": "9815375",
    "movie_id": "100639",
    "author": "syoc****",
    "review": "죽음을 상대로 하는 정적이면서도 처절한 투쟁",
    "rating": "8",
    "date": "15.03.29"
  },
  {
    "review_id": "9804446",
    "movie_id": "100639",
    "author": "ektj****",
    "review": "초반부 스토리가아쉽다 너무방탕한삶으로 인해 에이즈에감염됬는데 ‥ 감동보단 안심이라는 영화다",
    "rating": "7",
    "date": "15.03.25"
  },
  {
    "review_id": "9792079",
    "movie_id": "100639",
    "author": "tiot****",
    "review": "진심 짱이었다..최고의영화",
    "rating": "10",
    "date": "15.03.18"
  },
  {
    "review_id": "9791272",
    "movie_id": "100639",
    "author": "pret****",
    "review": "매튜맥커너히goood",
    "rating": "9",
    "date": "15.03.18"
  },
  {
    "review_id": "9789339",
    "movie_id": "100639",
    "author": "tkal****",
    "review": "배우들의 연기가 마치 활어와 같네요 살아있어요",
    "rating": "10",
    "date": "15.03.17"
  },
  {
    "review_id": "9788308",
    "movie_id": "100639",
    "author": "kmmw****",
    "review": "연기로 메꾸기엔 뭔가 부족한 영화. 너무 기대를 하고 봐서 그런지 재미와 감동도 딱히 없고 크게 와 닿지가 않는다. 그나마 한 번뿐인 인생 어떻게 살아야 할까 하는 생각만이 났다.",
    "rating": "5",
    "date": "15.03.16"
  },
  {
    "review_id": "9770454",
    "movie_id": "100639",
    "author": "afri****",
    "review": "삶이 끝이 눈앞에 보일때 과연 나라면 저렇게까지 해낼수있을까.. 실화라는 것에 더 놀랍다.",
    "rating": "7",
    "date": "15.03.10"
  },
  {
    "review_id": "9767478",
    "movie_id": "100639",
    "author": "goqk****",
    "review": "개한민국 영화를 보는 것은 말그대로 미친짓이다 ㅋㅋㅋ 이렇게나 좋은 외국영화를 두고 미쳤다고 개쓰x기 영화보냐? ㅋㅋㅋ 돈낭비, 시간낭비 일 뿐이지 ~ 진짜 외국영화는 왜 이리 좋은 영화가 많은거냐? ㅋㅋㅋ",
    "rating": "10",
    "date": "15.03.08"
  },
  {
    "review_id": "9762116",
    "movie_id": "100639",
    "author": "thdn****",
    "review": "한국 영화배우.영화관계자들 봐라 영화는 이렇게 그려야되고 진정한 명배우라면 이렇게 연기해야된다 국내에도 불치병 소재로한 영화많았지? 근데머? 스토리도 진부하고 연기도 개뿔이고ㅉㅉ  이영화보고 반성해라 그리고 스크린쿼터좀없애라",
    "rating": "10",
    "date": "15.03.07"
  },
  {
    "review_id": "9760458",
    "movie_id": "100639",
    "author": "dres****",
    "review": "좋은 영화다. 표현도 일관적이고 빈틈이 별로 없다.",
    "rating": "10",
    "date": "15.03.06"
  },
  {
    "review_id": "9757155",
    "movie_id": "100639",
    "author": "nill****",
    "review": "매튜 맥커너히, 자레드 레토 정말 최고다",
    "rating": "10",
    "date": "15.03.05"
  },
  {
    "review_id": "9751409",
    "movie_id": "100639",
    "author": "chaa****",
    "review": "삶의 원동력은 절실함이다",
    "rating": "7",
    "date": "15.03.01"
  },
  {
    "review_id": "9742458",
    "movie_id": "100639",
    "author": "alem****",
    "review": "매튜 맥커너히와 자레드 레토의 연기가 대단하다..",
    "rating": "8",
    "date": "15.02.27"
  },
  {
    "review_id": "9733351",
    "movie_id": "100639",
    "author": "ador****",
    "review": "내용도 좋지만 매튜 맥커너히와 자레드 레토의 감량후 병든 연기는 내내 감탄을 자아내게 한다",
    "rating": "9",
    "date": "15.02.23"
  },
  {
    "review_id": "9730057",
    "movie_id": "100639",
    "author": "ince****",
    "review": "삶의 의지를 강요하지 않고 보여주는 영화.",
    "rating": "7",
    "date": "15.02.22"
  },
  {
    "review_id": "9723552",
    "movie_id": "100639",
    "author": "kria****",
    "review": "배우들의 명연기가 너무 빛났어요.감동.",
    "rating": "9",
    "date": "15.02.21"
  },
  {
    "review_id": "9714730",
    "movie_id": "100639",
    "author": "just****",
    "review": "주연을 맡은 matthew mcconaughey의 변신이 놀라웠다. 의료의 산업화, 동성애문제, 합법과 불법의 경계 등에 대해 생각하게 만드는 영화.",
    "rating": "10",
    "date": "15.02.19"
  },
  {
    "review_id": "9712057",
    "movie_id": "100639",
    "author": "hshd****",
    "review": "이 영화를 극장에서 봣어야 됐는대 티비에서 본게 아쉬울 뿐이다.매튜의 연기는 눈물이 절로 나온다.묘한 감정선을 이끌어내는 능력이 있다.진짜 환자같은 모습으로 변신 ‥ 이게 배우지  하는 말이 절로 나오는 영화 !",
    "rating": "10",
    "date": "15.02.19"
  },
  {
    "review_id": "9710201",
    "movie_id": "100639",
    "author": "milk****",
    "review": "연기의 깊이가 더욱도 깊어 지는 배우...",
    "rating": "7",
    "date": "15.02.18"
  },
  {
    "review_id": "9684226",
    "movie_id": "100639",
    "author": "koko****",
    "review": "이번 와일드도 아주 기대가 됩니다.",
    "rating": "10",
    "date": "15.02.10"
  },
  {
    "review_id": "9683476",
    "movie_id": "100639",
    "author": "maan****",
    "review": "혼신을 다한 연기 뒤에 잔잔한 여운...",
    "rating": "10",
    "date": "15.02.10"
  },
  {
    "review_id": "9681283",
    "movie_id": "100639",
    "author": "jung****",
    "review": "남우주연상 남우조연상 수상작이라서 오래전부터 정말 기대하고 봤는데 기대를 져버리지 않은 연기였다..연기 100퍼센트 이상이 채워져있다 이 영화를 위해 21키로나감량했다더니 론 그자체였다 대단한 배우 둘을 얻어간 보석같은 영화",
    "rating": "10",
    "date": "15.02.09"
  },
  {
    "review_id": "9681168",
    "movie_id": "100639",
    "author": "supe****",
    "review": "죽을 수 밖에 없는 막장인생의 도전이 세상을 바꾸었다. 그가 돈이 필요해서 했겠는가....",
    "rating": "10",
    "date": "15.02.09"
  },
  {
    "review_id": "9662306",
    "movie_id": "100639",
    "author": "shin****",
    "review": "처절하게 사는 것. 그것이 가치있는 삶이다.",
    "rating": "9",
    "date": "15.02.03"
  },
  {
    "review_id": "9658192",
    "movie_id": "100639",
    "author": "xyan****",
    "review": "몸을 아끼지 않는 두 배우의 연기에 박수를",
    "rating": "7",
    "date": "15.02.01"
  },
  {
    "review_id": "9651650",
    "movie_id": "100639",
    "author": "nsj6****",
    "review": "정말 괜찮은 영화! 많은 생각을 하게 만들었고, 무엇보다도 절박함이 느껴졌던... 좋은 영화",
    "rating": "9",
    "date": "15.01.30"
  },
  {
    "review_id": "9633964",
    "movie_id": "100639",
    "author": "otu2****",
    "review": "메튜 맥커너히 ,레토 의 연기에 그냥 빠져들수밖에 없었다.내가 더 아파오는 그 느낌 그들의 연기에 빠져서가 아닐까",
    "rating": "10",
    "date": "15.01.25"
  },
  {
    "review_id": "9616966",
    "movie_id": "100639",
    "author": "with****",
    "review": "이런게 영화지.. 진정한 영화...",
    "rating": "10",
    "date": "15.01.20"
  },
  {
    "review_id": "9615047",
    "movie_id": "100639",
    "author": "pepe****",
    "review": "내가 뭐라할수없는 경지인듯",
    "rating": "10",
    "date": "15.01.20"
  },
  {
    "review_id": "9615022",
    "movie_id": "100639",
    "author": "qnft****",
    "review": "매튜와 자레드의 미친소화력",
    "rating": "10",
    "date": "15.01.20"
  },
  {
    "review_id": "9607386",
    "movie_id": "100639",
    "author": "cycl****",
    "review": "초중반의 거친 신선함을 끝까지 살리지 못한거 같음. 실화가 아니었음 더 멋지게 결말낼수 있었을것 같다.",
    "rating": "5",
    "date": "15.01.18"
  },
  {
    "review_id": "9588806",
    "movie_id": "100639",
    "author": "kdc7****",
    "review": "기대 하고 봤는데 재밌다 ㅋ",
    "rating": "9",
    "date": "15.01.13"
  },
  {
    "review_id": "9588519",
    "movie_id": "100639",
    "author": "rd72****",
    "review": "두 배우, 작정들 했다.",
    "rating": "7",
    "date": "15.01.12"
  },
  {
    "review_id": "9552723",
    "movie_id": "100639",
    "author": "qrss****",
    "review": "아주 좋은 영화입니다.",
    "rating": "9",
    "date": "15.01.02"
  },
  {
    "review_id": "9550569",
    "movie_id": "100639",
    "author": "dont****",
    "review": "의미있는 삶을 산다는것이 무언인지를 보았다",
    "rating": "9",
    "date": "15.01.02"
  },
  {
    "review_id": "9549867",
    "movie_id": "100639",
    "author": "thsg****",
    "review": "평범한 일상에서 누군가는 어느날 갑자기 약자가 될 수 있다.  그 약자는 갑자기 바꾸어진 자신의 삶을 걸고 감추어진 불편한 진실을 끄집어 내는 데 성공했다. 무슨 말인지 궁금하면 반드시 영화를 보라",
    "rating": "10",
    "date": "15.01.02"
  },
  {
    "review_id": "9548577",
    "movie_id": "100639",
    "author": "pola****",
    "review": "좋은 영화.. 무책임한 정부의 약물규제, 비도덕적인 제약회사와 병원 등등을 비판하는 사회적 메시지가 가미된 수작이다. 리얼리티를 높이기 위한, 핸드핼드 카메라의 사용과 약물 남용의 위험성을 보여주기 위한 점프컷.. 무엇보다, 맥커너히의 호연이 멋짐.",
    "rating": "10",
    "date": "15.01.01"
  },
  {
    "review_id": "9532530",
    "movie_id": "100639",
    "author": "chic****",
    "review": "좋은 영화 매튜와 자레드 연기가 최곱니다 죽음에 맞서는 주인공의 열정이 대단",
    "rating": "9",
    "date": "14.12.29"
  },
  {
    "review_id": "9523429",
    "movie_id": "100639",
    "author": "rhtn****",
    "review": "뭐라 할 말이 없다. 배우들이 영화를 씹어 먹는다.",
    "rating": "9",
    "date": "14.12.27"
  },
  {
    "review_id": "9516322",
    "movie_id": "100639",
    "author": "autu****",
    "review": "감동적인 영화...그러나 헐리웃의 한계는 벗어나진 못한듯. 매커너히의 연기는 일품",
    "rating": "8",
    "date": "14.12.25"
  },
  {
    "review_id": "9505483",
    "movie_id": "100639",
    "author": "mard****",
    "review": "'인생을 사는게 아니라 살기 위해 싸우는 것 같다'는 론의 대사 하나로 이 영화의 주제는 부연이 필요없다",
    "rating": "10",
    "date": "14.12.23"
  },
  {
    "review_id": "9504755",
    "movie_id": "100639",
    "author": "beyo****",
    "review": "죽어가느냐 살아가느냐의 차이는 단지 태도의 차이인가보다.",
    "rating": "9",
    "date": "14.12.23"
  },
  {
    "review_id": "9503761",
    "movie_id": "100639",
    "author": "kkmm****",
    "review": "나는요, 매튜의 눈빛이 너무 좋아요.",
    "rating": "10",
    "date": "14.12.23"
  },
  {
    "review_id": "9501171",
    "movie_id": "100639",
    "author": "gava****",
    "review": "여운이 아직도... 그렇게 강한... 슬픈 눈을 본 적이 있었던가?",
    "rating": "10",
    "date": "14.12.22"
  },
  {
    "review_id": "9500042",
    "movie_id": "100639",
    "author": "thel****",
    "review": "자신을 마모시키는 연기를 보여주는 맥커너히와 레토의 연기는 비할 데 없는 일품. 이야기에서 풍기는 감정선은 지나치지도 않고 은근하게 느낄 수 있어 좋았다. 물론 T.REX의 노래가 나와 더욱 좋았다.",
    "rating": "9",
    "date": "14.12.22"
  },
  {
    "review_id": "9497466",
    "movie_id": "100639",
    "author": "craw****",
    "review": "30일의 시한부를 자신의 의지로 이끈 의지는 정말 감명 깊었다. 어느 순간 어항 속 금붕어가 된 사람들에게 던지는 아주 강한 메세지였다.",
    "rating": "10",
    "date": "14.12.21"
  },
  {
    "review_id": "9494474",
    "movie_id": "100639",
    "author": "keek****",
    "review": "이런 영화 좋다. 많은 것을 생각할 수 있게 하니깐 말이다.",
    "rating": "9",
    "date": "14.12.20"
  },
  {
    "review_id": "9480276",
    "movie_id": "100639",
    "author": "chba****",
    "review": "당신의 삶은 아름답습니다",
    "rating": "9",
    "date": "14.12.17"
  },
  {
    "review_id": "9479274",
    "movie_id": "100639",
    "author": "ksb_****",
    "review": "개인적으로 올해 본 영화중에 최고였던거 같다. 쉽게 잊혀지지 않을 매튜 매커너히, 자레드 레토, 제니퍼 가너의 연기...ㅜㅜ",
    "rating": "10",
    "date": "14.12.16"
  },
  {
    "review_id": "9468609",
    "movie_id": "100639",
    "author": "alsw****",
    "review": "자레드 레토.!!!!",
    "rating": "10",
    "date": "14.12.12"
  },
  {
    "review_id": "9465223",
    "movie_id": "100639",
    "author": "coco****",
    "review": "방탕한 삶을 살던 남자가 살아 있어서 사는게 아닌 진정 \"살고 싶어서, 살기 위해서\" 싸우게 된 이야기",
    "rating": "9",
    "date": "14.12.11"
  },
  {
    "review_id": "9462279",
    "movie_id": "100639",
    "author": "byul****",
    "review": "'머드'에 이어.. 매튜 맥커너히는 이 영화에서 스토리를 집어삼키며 보는 내내 그의 연기만 생각나게 만드는.. 엄청난 존재감을 드러낸다",
    "rating": "8",
    "date": "14.12.10"
  },
  {
    "review_id": "9459859",
    "movie_id": "100639",
    "author": "itae****",
    "review": "영화는 이래야한다. 요즘의 한국영화들은 조미료가 너무많다. 내수시장이 좁은것도 이유가 될수있지만 영화자체로써주는 의미보다는 특정배우의 스타성,시장성 혹은 오락성에만 너무 치중하는듯하다.오락성이 짙은 영화를 폄하하는게 아니다.기억되어지는 영화가 좋을뿐",
    "rating": "10",
    "date": "14.12.09"
  },
  {
    "review_id": "9459690",
    "movie_id": "100639",
    "author": "velo****",
    "review": "이들의 전성기는 지금 이었구나",
    "rating": "10",
    "date": "14.12.09"
  },
  {
    "review_id": "9459575",
    "movie_id": "100639",
    "author": "leen****",
    "review": "연기 무슨 신들린 줄 알았네...",
    "rating": "10",
    "date": "14.12.09"
  },
  {
    "review_id": "9456842",
    "movie_id": "100639",
    "author": "ko92****",
    "review": "굿 10자 이상  .가나다라",
    "rating": "10",
    "date": "14.12.07"
  },
  {
    "review_id": "9450817",
    "movie_id": "100639",
    "author": "ttls****",
    "review": "생각없이 보기시작했다가 많은것을 생각하게 만드는인물들의 감정선과 실제인듯한 주인공들의 연기가 보는내내 몰입하게하는 잘만들어진 영화라생각이드네요",
    "rating": "9",
    "date": "14.12.06"
  },
  {
    "review_id": "9447649",
    "movie_id": "100639",
    "author": "dlrp****",
    "review": "정말 최고인영화. 100점이 아깝지않은 영화. 많은 상을 받았는지 이해가 간다. 감정선을 따라서 보는내내 지루할틈이 없었다. 감동",
    "rating": "10",
    "date": "14.12.04"
  },
  {
    "review_id": "9447553",
    "movie_id": "100639",
    "author": "nice****",
    "review": "맥커너히의 연기와 마지막 장면은 꽤나 오랫동안 기억될 것이다",
    "rating": "8",
    "date": "14.12.04"
  },
  {
    "review_id": "9444900",
    "movie_id": "100639",
    "author": "482d****",
    "review": "Masterpiece",
    "rating": "10",
    "date": "14.12.04"
  },
  {
    "review_id": "9444811",
    "movie_id": "100639",
    "author": "cavi****",
    "review": "신들린 연기를 보여준 배우들에게 찬사를...!!",
    "rating": "10",
    "date": "14.12.04"
  },
  {
    "review_id": "9443560",
    "movie_id": "100639",
    "author": "harr****",
    "review": "살아있음에 감사하다. 그리고 메소드 연기의 정석을 보여준 매튜와 자레드에게 박수를.",
    "rating": "9",
    "date": "14.12.03"
  },
  {
    "review_id": "9437038",
    "movie_id": "100639",
    "author": "ekdm****",
    "review": "이건 진짜...역대급 영화임....",
    "rating": "10",
    "date": "14.11.30"
  },
  {
    "review_id": "9434367",
    "movie_id": "100639",
    "author": "rubi****",
    "review": "먹먹하다... 아.. 뭐라 말하기 힘든 이 기분...  좋다",
    "rating": "9",
    "date": "14.11.30"
  },
  {
    "review_id": "9431665",
    "movie_id": "100639",
    "author": "mira****",
    "review": "매튜 맥커너히의 매력을 발산했다!",
    "rating": "10",
    "date": "14.11.29"
  },
  {
    "review_id": "9428932",
    "movie_id": "100639",
    "author": "k248****",
    "review": "굉장히 우울한 영화일줄만 알았는데 막상 뚜껑을 열어보니 그게아니라 개인적 으로 반전ㅎㅎ. 그리고 매튜는 갑툭튀 연기가 갑자기 늘은줄 아는사람이 많은데, 사실 전작들을 보면 서서히 축척되어져 왔고 여기서 폭발한것. 자레드 또한. 암튼 둘에게 박수.",
    "rating": "9",
    "date": "14.11.28"
  },
  {
    "review_id": "9428751",
    "movie_id": "100639",
    "author": "sygo****",
    "review": "이런 영화 좋다. 잔잔하지만 지루하지 않다",
    "rating": "8",
    "date": "14.11.28"
  },
  {
    "review_id": "9422603",
    "movie_id": "100639",
    "author": "clpo****",
    "review": "맥커너상스의 발생원인을 난 조금은 알것 같다",
    "rating": "10",
    "date": "14.11.26"
  }
]