[
  {
    "review_id": "9900719",
    "movie_id": "100730",
    "author": "yjef****",
    "review": "아침드라마에서는 출생의 비밀로 다뤄지는 자극적인 소재를 무덤덤하고 따뜻하게 카페에서 친구가 썰을 풀듯 그려낸 영화",
    "rating": "9",
    "date": "15.05.07"
  },
  {
    "review_id": "9817456",
    "movie_id": "100730",
    "author": "leed****",
    "review": "별 기대없이 봤는데 좋은 다큐네요 이 감독 좋아요",
    "rating": "8",
    "date": "15.03.30"
  },
  {
    "review_id": "9752504",
    "movie_id": "100730",
    "author": "harr****",
    "review": "냉정한 감독의 뜨거운 이야기. 단언컨데 역대 가장 유쾌하고 참신한 출생의 비밀 영화.",
    "rating": "9",
    "date": "15.03.02"
  },
  {
    "review_id": "9719355",
    "movie_id": "100730",
    "author": "with****",
    "review": "사라폴리감독의 \"우리도 사랑일까\"를 본 후 그냥 믿고 봤어요. 역시~ 우리네삶이란게 한발자국 뒤에서 보면 \"흘러가는거죠\" 마지막 마이클의 인생관은 지혜과 사랑이었어요.",
    "rating": "9",
    "date": "15.02.20"
  },
  {
    "review_id": "9706483",
    "movie_id": "100730",
    "author": "sury****",
    "review": "그들의 이야기가 우리의 이야기가 된다.",
    "rating": "10",
    "date": "15.02.17"
  },
  {
    "review_id": "9699212",
    "movie_id": "100730",
    "author": "akrr****",
    "review": "사실만 보면 굉장히 찝찝하고 불편하지만.... 자신의 실제 이야기를 풀어낸 감독의 용기에 박수.",
    "rating": "8",
    "date": "15.02.15"
  },
  {
    "review_id": "9683784",
    "movie_id": "100730",
    "author": "cksd****",
    "review": "말로 표현할 수 없는 감정들에 빠지게 만드는 영화",
    "rating": "10",
    "date": "15.02.10"
  },
  {
    "review_id": "9548198",
    "movie_id": "100730",
    "author": "ykdi****",
    "review": "이런 영화를 만들 용기가 있는 사라가 존경스럽다. 굉장히 부담되고 고민이 많았을 듯. 연출의 방향이 굉장히 고급스럽다.",
    "rating": "8",
    "date": "15.01.01"
  },
  {
    "review_id": "9455304",
    "movie_id": "100730",
    "author": "1918****",
    "review": "닮고싶고 존경하는 다큐",
    "rating": "10",
    "date": "14.12.07"
  },
  {
    "review_id": "9423256",
    "movie_id": "100730",
    "author": "poju****",
    "review": "지난 상처가 따뜻한 창조물이 되어 빛난다",
    "rating": "10",
    "date": "14.11.26"
  },
  {
    "review_id": "9385677",
    "movie_id": "100730",
    "author": "vand****",
    "review": "정말 근래 본 영화 중 촤고다!!",
    "rating": "10",
    "date": "14.11.15"
  },
  {
    "review_id": "9292371",
    "movie_id": "100730",
    "author": "thdb****",
    "review": "그들이 들려주는 이야기는 주옥같지만, 그 이야기를 듣게끔 하는 흡입력이 부족하다",
    "rating": "7",
    "date": "14.10.14"
  },
  {
    "review_id": "9244697",
    "movie_id": "100730",
    "author": "nyxi****",
    "review": "자기 자신의 이야기를 들려주는 아름다운 영화",
    "rating": "9",
    "date": "14.09.27"
  },
  {
    "review_id": "9206719",
    "movie_id": "100730",
    "author": "yeji****",
    "review": "초반 약간 지루하긴 했지만 여운이 남는 영화",
    "rating": "7",
    "date": "14.09.12"
  },
  {
    "review_id": "9194965",
    "movie_id": "100730",
    "author": "bean****",
    "review": "글쎄...이야기를 풀어나가는 방식은 신선했지만 정작 내용은 ...",
    "rating": "6",
    "date": "14.09.09"
  },
  {
    "review_id": "9186900",
    "movie_id": "100730",
    "author": "una4****",
    "review": "해결점은 없지만 그래도 인간다운",
    "rating": "8",
    "date": "14.09.08"
  },
  {
    "review_id": "9156406",
    "movie_id": "100730",
    "author": "demo****",
    "review": "사실을  역행함으로써 진실을 발견하는 감독의 네러티브는 다큐를 예술의 경지로 올려놓은것 같다.",
    "rating": "9",
    "date": "14.09.02"
  },
  {
    "review_id": "9155382",
    "movie_id": "100730",
    "author": "arie****",
    "review": "아 영화 너무너무 좋다...",
    "rating": "10",
    "date": "14.09.02"
  },
  {
    "review_id": "9117715",
    "movie_id": "100730",
    "author": "bles****",
    "review": "비밀보다 놀라운 건 이야기를 풀어가는 방식",
    "rating": "7",
    "date": "14.08.21"
  },
  {
    "review_id": "9116861",
    "movie_id": "100730",
    "author": "urba****",
    "review": "혼외정사로 아이들을 낳고 대가족을 이루는 난잡한 유부녀를 사랑으로 따뜻하게 바라봐주는 콩가루집안의 이야기",
    "rating": "1",
    "date": "14.08.21"
  },
  {
    "review_id": "9114412",
    "movie_id": "100730",
    "author": "01aj****",
    "review": "누가 뭐래도 마이클이 제일 안타까웠다.",
    "rating": "6",
    "date": "14.08.20"
  },
  {
    "review_id": "9001828",
    "movie_id": "100730",
    "author": "spar****",
    "review": "덤덤하게 때로는 위크있게 이야기를 풀어가는 방식이 매력적인 영화",
    "rating": "8",
    "date": "14.08.01"
  },
  {
    "review_id": "8931366",
    "movie_id": "100730",
    "author": "52yk****",
    "review": "알면서도 오랫동안 묵어서 수면위로 끄집어내기 힘든 이야기가 어느날 갑자기 다가온 충격적인 진실보다 무겁다고 생각한다. 나는. 사라 폴리가 사건을 해결하려고 노력하는 방법은 정말 멋졌다.",
    "rating": "8",
    "date": "14.07.19"
  },
  {
    "review_id": "8879717",
    "movie_id": "100730",
    "author": "jnkw****",
    "review": "이해가 잘안감  무슨 내용인지도 모름",
    "rating": "5",
    "date": "14.07.03"
  },
  {
    "review_id": "8833087",
    "movie_id": "100730",
    "author": "hani****",
    "review": "감독의 가족이야기를 사실 그대로 보여주는 영화, 결코 따듯한 이야기는 아니지만, 따듯하게 느껴지는 영화였어요.",
    "rating": "9",
    "date": "14.06.15"
  },
  {
    "review_id": "8815637",
    "movie_id": "100730",
    "author": "pion****",
    "review": "사라폴리 감독작은 한번더 찾아 보게 된다. 담당하게 풀어낸 가족이야기.",
    "rating": "8",
    "date": "14.06.09"
  },
  {
    "review_id": "8813786",
    "movie_id": "100730",
    "author": "moon****",
    "review": "잔잔하지만 매력잇는 영화",
    "rating": "10",
    "date": "14.06.08"
  },
  {
    "review_id": "8811174",
    "movie_id": "100730",
    "author": "snri****",
    "review": "가족이라는 굴레를 이렇게 있는 그대로 사랑할 수 있구나. 사라폴리의 영화는 그래서 따뜻했던 거였다",
    "rating": "8",
    "date": "14.06.08"
  },
  {
    "review_id": "8790046",
    "movie_id": "100730",
    "author": "gamj****",
    "review": "현실에서는 무겁게 가라앉아 지긋지긋하게 괴롭힐 법한 이야기를 둘러싼 주변인들의 다양한 시선과 그들의 관점으로 해석된, 받아들인 진실들. 어찌됐건 사실은 있지만 진실 찾기는 허상이며, 삶에서 벌어진 많은 사건중의 하나. 현실을 이루는 요소. 대단하다",
    "rating": "10",
    "date": "14.06.03"
  },
  {
    "review_id": "8788624",
    "movie_id": "100730",
    "author": "haen****",
    "review": "영화볼때는 그냥그랬는데 여운이많이남아요..",
    "rating": "7",
    "date": "14.06.02"
  },
  {
    "review_id": "8785329",
    "movie_id": "100730",
    "author": "jhd0****",
    "review": "재밌음 ㅅㅌㅊ잼!!!",
    "rating": "8",
    "date": "14.06.01"
  },
  {
    "review_id": "8754668",
    "movie_id": "100730",
    "author": "cm_p****",
    "review": "평범해 보이는 가족의 비범한 스토리",
    "rating": "8",
    "date": "14.05.22"
  },
  {
    "review_id": "8749504",
    "movie_id": "100730",
    "author": "akas****",
    "review": "평점 등록하라고 그만좀 안내창좀 띄워라 네이버 XX들아 500원 안받겠다는데 왜자꾸 띄워대",
    "rating": "8",
    "date": "14.05.20"
  },
  {
    "review_id": "8747860",
    "movie_id": "100730",
    "author": "bida****",
    "review": "사라 폴리 최고의 작품!",
    "rating": "9",
    "date": "14.05.19"
  },
  {
    "review_id": "8734561",
    "movie_id": "100730",
    "author": "12_5****",
    "review": "하나의 사건을 여러 사람의 눈으로 들여다 본..재연 장면이 따뜻하고 예뻐서 좋았습니다. 딸에 대한 아버지의 사랑이 느껴지기도 하구요.",
    "rating": "8",
    "date": "14.05.15"
  },
  {
    "review_id": "8734054",
    "movie_id": "100730",
    "author": "reva****",
    "review": "누군가를 추억하는 방법",
    "rating": "8",
    "date": "14.05.15"
  },
  {
    "review_id": "8727535",
    "movie_id": "100730",
    "author": "stai****",
    "review": "개노잼 내다버린 내 두시간",
    "rating": "1",
    "date": "14.05.13"
  },
  {
    "review_id": "8727003",
    "movie_id": "100730",
    "author": "znzn****",
    "review": "따듯하고 슬픈 가족이야기...그리고 고생했다",
    "rating": "8",
    "date": "14.05.12"
  },
  {
    "review_id": "8726493",
    "movie_id": "100730",
    "author": "ghos****",
    "review": "한 사람의 인생을 타인들의 입을 통해 전해져 완성된 다큐영화.무거운내용이지만 가볍게 풀어내려는 노력이 보였던 영화",
    "rating": "7",
    "date": "14.05.12"
  },
  {
    "review_id": "8724560",
    "movie_id": "100730",
    "author": "yhp0****",
    "review": "무거운 주제, 부담없이 풀어내는 감독의 탁월함과 위트가 돋보이는 작품",
    "rating": "9",
    "date": "14.05.11"
  },
  {
    "review_id": "8724299",
    "movie_id": "100730",
    "author": "heum****",
    "review": "거창하지 않고 담백항 이야기",
    "rating": "8",
    "date": "14.05.11"
  },
  {
    "review_id": "8723743",
    "movie_id": "100730",
    "author": "mews****",
    "review": "사람은 떠나지만 이야기는 남는다",
    "rating": "10",
    "date": "14.05.11"
  },
  {
    "review_id": "8720828",
    "movie_id": "100730",
    "author": "gold****",
    "review": "제목 그대로 우리가 들려줄 이야기! 진솔하고 재미있게 잘 풀어냈다. 우리에 속한 사람들이 말하는 형식의 영화라 더 집중해서 듣고 보게 되는 영화이다.",
    "rating": "9",
    "date": "14.05.10"
  },
  {
    "review_id": "8717814",
    "movie_id": "100730",
    "author": "cosw****",
    "review": "약간 지루했고  왜 이런 이야기를 들려주고 싶어했는지 모르겠다.",
    "rating": "6",
    "date": "14.05.09"
  },
  {
    "review_id": "8717550",
    "movie_id": "100730",
    "author": "jovi****",
    "review": "최고 ! 사라폴리 사랑합니다..",
    "rating": "10",
    "date": "14.05.09"
  },
  {
    "review_id": "8715803",
    "movie_id": "100730",
    "author": "jwyu****",
    "review": "다큐멘터리 영화에 대한 새로운 경험을 하게 해준 영화",
    "rating": "10",
    "date": "14.05.08"
  },
  {
    "review_id": "8715020",
    "movie_id": "100730",
    "author": "jins****",
    "review": ".. 가족의 리얼 다큐멘터리",
    "rating": "7",
    "date": "14.05.08"
  },
  {
    "review_id": "8712167",
    "movie_id": "100730",
    "author": "aqui****",
    "review": "사랑을 갈구하는 여심은 연령을 압도한다.",
    "rating": "6",
    "date": "14.05.06"
  },
  {
    "review_id": "8707523",
    "movie_id": "100730",
    "author": "rioc****",
    "review": "일단 독립(?)영화라는걸 알았고. 스펀지에서 상영하니.. 어쨌든 2시간동안 지루하지않게 봤고 보고나서 흐믓했고 .. 그러면 90점이상한게 아닐까함다.",
    "rating": "9",
    "date": "14.05.05"
  },
  {
    "review_id": "8701393",
    "movie_id": "100730",
    "author": "zzol****",
    "review": "인생과 추억이라는 것에 대해서 생각하게 해주는 영화",
    "rating": "7",
    "date": "14.05.04"
  },
  {
    "review_id": "8698411",
    "movie_id": "100730",
    "author": "do4g****",
    "review": "많은 극장에서 하지 않는게 아쉽네요. 멀리서 봤지만 후회 안합니다. 노바디 장면도 나와서 더욱 인상 깊었습니다.",
    "rating": "8",
    "date": "14.05.03"
  },
  {
    "review_id": "8688731",
    "movie_id": "100730",
    "author": "kyso****",
    "review": "어릴적 흔히 듣곤 하던 \"다리 밑에서 줏어왔다\"고 하는 얘기를 좇아가다가 드러나는 가족의 비밀. 숨겨진 이야기가 드러나도 동요하지 않고 위트있게 대응해 가는 성숙한 인간성이 돋보이는 영화입니다. 연출력도 뛰어나고 구성도 탄탄합니다. 좋은 영화입니다.",
    "rating": "10",
    "date": "14.05.01"
  },
  {
    "review_id": "8687534",
    "movie_id": "100730",
    "author": "hall****",
    "review": "재연극과 다큐멘터리의 조합",
    "rating": "9",
    "date": "14.05.01"
  },
  {
    "review_id": "8687267",
    "movie_id": "100730",
    "author": "klsb****",
    "review": "진심 재미없네요...",
    "rating": "1",
    "date": "14.05.01"
  },
  {
    "review_id": "8686839",
    "movie_id": "100730",
    "author": "ooos****",
    "review": "각각 다른 시선으로 이야기가 전개되며 한사람에 대한 다양한 생각들을 있는그대로 보여준다는 점이 재미있었다",
    "rating": "9",
    "date": "14.05.01"
  },
  {
    "review_id": "8685217",
    "movie_id": "100730",
    "author": "vhrs****",
    "review": "너무 좋았습니다. 특별한 스토리가 있는것도 아니었지만 솔직 담백함과 일반인의 삶을 자세히 가까이서 보는 느낌이 들었습니다",
    "rating": "9",
    "date": "14.04.30"
  },
  {
    "review_id": "8684053",
    "movie_id": "100730",
    "author": "joa5****",
    "review": "가족이란 이름이 가진 힘",
    "rating": "6",
    "date": "14.04.30"
  },
  {
    "review_id": "8682303",
    "movie_id": "100730",
    "author": "abcd****",
    "review": "영화를 풀어낸 방식이 흥미로웠어요",
    "rating": "9",
    "date": "14.04.29"
  },
  {
    "review_id": "8681641",
    "movie_id": "100730",
    "author": "chlg****",
    "review": "사라 폴리는 타고난 예술가이자 감독이라는 걸 다시 한번 환기 시켜주는 영화",
    "rating": "9",
    "date": "14.04.29"
  },
  {
    "review_id": "8678609",
    "movie_id": "100730",
    "author": "naiv****",
    "review": "자연스러우면서 흥미로운 이야기",
    "rating": "8",
    "date": "14.04.27"
  },
  {
    "review_id": "8676249",
    "movie_id": "100730",
    "author": "yeaj****",
    "review": "역시 사라폴리!!!!",
    "rating": "9",
    "date": "14.04.27"
  },
  {
    "review_id": "8674330",
    "movie_id": "100730",
    "author": "krok****",
    "review": "모든 순간이 좋은 영화였다.",
    "rating": "10",
    "date": "14.04.26"
  },
  {
    "review_id": "8670555",
    "movie_id": "100730",
    "author": "newt****",
    "review": "stories we tell",
    "rating": "9",
    "date": "14.04.24"
  },
  {
    "review_id": "8665996",
    "movie_id": "100730",
    "author": "hand****",
    "review": "피곤해서 중간에졸고 난리도아니었지만;어쩌면 한사람의 인생은 병풍처럼 펼치고펼쳐도 모르는부분이 생기고 심지어 그건 뒷면에지나지 않았음을 알게될지도 모른다고생각했다. 가까이있지만 그만큼 멀리있는 결코 한폭엔 담아낼 수 없는게사람이라고",
    "rating": "5",
    "date": "14.04.22"
  },
  {
    "review_id": "8665301",
    "movie_id": "100730",
    "author": "dlth****",
    "review": "재밌게 봤습니다. 다큐멘터리 형식이라 더 깊은 리얼리티 감동이 전해지네요.",
    "rating": "8",
    "date": "14.04.22"
  },
  {
    "review_id": "8660232",
    "movie_id": "100730",
    "author": "ahsl****",
    "review": "먹먹하다 깊은 여운...",
    "rating": "8",
    "date": "14.04.19"
  },
  {
    "review_id": "8657121",
    "movie_id": "100730",
    "author": "cath****",
    "review": "잔잔한 감동을 주는 영화입니다 :)",
    "rating": "8",
    "date": "14.04.18"
  },
  {
    "review_id": "8652662",
    "movie_id": "100730",
    "author": "dldl****",
    "review": "어바웃 어 타임만큼 가족애가 넘치고 더 진실된 이야기. 오랜만에 정말 훌륭한 이야기를 보았네요.",
    "rating": "10",
    "date": "14.04.15"
  },
  {
    "review_id": "8652543",
    "movie_id": "100730",
    "author": "excu****",
    "review": "실제로 찍은 비디오인줄 알았는데 대역배우였다는점이 제겐 반전이었어요 ㅎㅎ 제가 너무 순진했나요 ㅋㅋㅋ",
    "rating": "8",
    "date": "14.04.15"
  },
  {
    "review_id": "8652058",
    "movie_id": "100730",
    "author": "yous****",
    "review": "뒤로 갈수록 재밌더군요",
    "rating": "8",
    "date": "14.04.15"
  },
  {
    "review_id": "8650609",
    "movie_id": "100730",
    "author": "adaa****",
    "review": "영상미가 너무 좋았고 이런 사적인 이야기를 이렇게 꾸려 나갈수있군아 보는내내 감탄했어요",
    "rating": "8",
    "date": "14.04.14"
  },
  {
    "review_id": "8647885",
    "movie_id": "100730",
    "author": "hazy****",
    "review": "참신한 전개. 그러나 아쉬운 깊이.",
    "rating": "5",
    "date": "14.04.13"
  },
  {
    "review_id": "8645293",
    "movie_id": "100730",
    "author": "kmog****",
    "review": "의도하지 않고 만들어진 이야기. 돌이켜보면, 우리의 이야기일 수도.",
    "rating": "10",
    "date": "14.04.12"
  },
  {
    "review_id": "8645135",
    "movie_id": "100730",
    "author": "dajy****",
    "review": "유쾌한 가족사!제일 기억남는건 아버지와의 이야기",
    "rating": "9",
    "date": "14.04.12"
  },
  {
    "review_id": "8643359",
    "movie_id": "100730",
    "author": "on_b****",
    "review": "최근에 본 영화 중 최고의 평점을 주고싶은 영화. 사람을 사랑하는 것이 어떤 것인지 다시금 생각하게 하는 영화.",
    "rating": "10",
    "date": "14.04.11"
  },
  {
    "review_id": "8639103",
    "movie_id": "100730",
    "author": "eonj****",
    "review": "감독에게 찬사를 보낸다. 객관과 주관 사이에서 담대한 줄타기를 했을 용감한 그녀에게.",
    "rating": "9",
    "date": "14.04.10"
  },
  {
    "review_id": "8636601",
    "movie_id": "100730",
    "author": "wonc****",
    "review": "내평점 전 개인적으로 별로였어요. 제 친구 중에 한명이 이미 삼남매가 다 어머니가 다른데도 잘 살고 있어서... 별로 공감이 가지 않습니다. 제가 그런 경우라도 별로 대수롭게 생각하지 않을 테고요.이 주제가 2시간을 다룰만큼 사회적으로 중요한 문제인지",
    "rating": "6",
    "date": "14.04.08"
  },
  {
    "review_id": "8636465",
    "movie_id": "100730",
    "author": "ny_1****",
    "review": "자신과 가족들이 갖은 아픔에 대해 접근하는 방식과 시선이 좋았어요.",
    "rating": "7",
    "date": "14.04.08"
  },
  {
    "review_id": "8636195",
    "movie_id": "100730",
    "author": "johw****",
    "review": "조금  지루했지만 한 가족의 시시한 이야기를 멋지게 그려내는 모습이 감동적이었습니다.",
    "rating": "8",
    "date": "14.04.08"
  },
  {
    "review_id": "8635029",
    "movie_id": "100730",
    "author": "ebgk****",
    "review": "영상미가 뛰어나다!!!!",
    "rating": "8",
    "date": "14.04.07"
  },
  {
    "review_id": "8634839",
    "movie_id": "100730",
    "author": "doub****",
    "review": "그럼에도 불구하고 이야기가 될 수 없었던 이야기마저 끌어안는 따뜻함",
    "rating": "8",
    "date": "14.04.07"
  },
  {
    "review_id": "8634422",
    "movie_id": "100730",
    "author": "book****",
    "review": "사랑은 짧고 잊음은 길다",
    "rating": "9",
    "date": "14.04.07"
  },
  {
    "review_id": "8632585",
    "movie_id": "100730",
    "author": "ogr5****",
    "review": "사적인 이야기도 예술로 승화시키는 사라 폴리.",
    "rating": "9",
    "date": "14.04.06"
  },
  {
    "review_id": "8631480",
    "movie_id": "100730",
    "author": "iube****",
    "review": "좋았어요. 친구들과 둘러 앉아 이 감독은 어떤 사람일까 얘기해볼만 한 ...",
    "rating": "9",
    "date": "14.04.06"
  },
  {
    "review_id": "8631400",
    "movie_id": "100730",
    "author": "micm****",
    "review": "캐나다 사람들은  불륜앞에 쏘쿨한것 같다.",
    "rating": "9",
    "date": "14.04.06"
  },
  {
    "review_id": "8630973",
    "movie_id": "100730",
    "author": "y309****",
    "review": "마지막 제프 아저씨의 고백이 압권! 유머러스하고 진한 감동, 영감, 구조미까지 골고루 갖춘 완소영화!",
    "rating": "10",
    "date": "14.04.05"
  },
  {
    "review_id": "8627405",
    "movie_id": "100730",
    "author": "swee****",
    "review": "한 사람의 생애에 대한 주변인들의 각기 다른 시선과 이해,  상처일 수 있는 이야기들을 절제된 감정으로 잘 서술해 나간 영화.",
    "rating": "9",
    "date": "14.04.04"
  },
  {
    "review_id": "8625743",
    "movie_id": "100730",
    "author": "tkoj****",
    "review": "유머러스하면서도 담담하게 그려낸 우리입장에선 다소 막장스러울 수 있을 가족이야기",
    "rating": "8",
    "date": "14.04.03"
  },
  {
    "review_id": "8623561",
    "movie_id": "100730",
    "author": "cine****",
    "review": "추억과 사람과 감정을 전달하는 가장 사려깊은 방식. 정말 좋은 영화를 봤다. 사라 폴리 감독에게 괜히 고맙다.",
    "rating": "9",
    "date": "14.04.02"
  },
  {
    "review_id": "8620825",
    "movie_id": "100730",
    "author": "say_****",
    "review": "새로운 연출은 아니였지만 감독개인의 이야기인 만큼 애정이 묻어나는 가족들의 인터뷰가 마음을 따뜻하게 만든다.",
    "rating": "8",
    "date": "14.03.31"
  },
  {
    "review_id": "8619514",
    "movie_id": "100730",
    "author": "chra****",
    "review": "가장 용기있고 그 어떤 영화보다 먹먹함을 주는 작품. 가족이란 무엇인가 생각하게 하는 아주 소중하고 사랑스러운 이야기. 사라 폴리는 이 시대의 가장 위대하게 될 감독",
    "rating": "9",
    "date": "14.03.31"
  },
  {
    "review_id": "8615241",
    "movie_id": "100730",
    "author": "mich****",
    "review": "끝나고 아빠께 전화하게 되는 영화",
    "rating": "8",
    "date": "14.03.29"
  },
  {
    "review_id": "8612760",
    "movie_id": "100730",
    "author": "imsa****",
    "review": "흥미로웠다. 모두의 인생은 한편의 영화라는 것. 우리의 엄마, 아빠의 인생도. 또한 나의 인생도. 나는 어떻게 기억될까..잠시 생각해보는 영화.",
    "rating": "10",
    "date": "14.03.28"
  },
  {
    "review_id": "8610602",
    "movie_id": "100730",
    "author": "eide****",
    "review": "너무너무 재밌습니다 감춰진 진실이 드러나는 순간이란...",
    "rating": "9",
    "date": "14.03.27"
  },
  {
    "review_id": "8607615",
    "movie_id": "100730",
    "author": "klim****",
    "review": "시작이 가장 강렬하고. 조금은 지루했지만. 좋았습니다.",
    "rating": "8",
    "date": "14.03.26"
  },
  {
    "review_id": "8606455",
    "movie_id": "100730",
    "author": "myth****",
    "review": "심장이 춤추게 하는 사랑을 꿈꿨던 다이앤. 그녀 사랑을 존중해주는 가족들..",
    "rating": "9",
    "date": "14.03.25"
  },
  {
    "review_id": "8605452",
    "movie_id": "100730",
    "author": "luna****",
    "review": "미워할 수 없는 그녀~~  영화 보는 내내 그녀가 이해가 되었다..  보고 나니 이 감독 이전 영화가 궁금해졌다..",
    "rating": "8",
    "date": "14.03.25"
  },
  {
    "review_id": "8603574",
    "movie_id": "100730",
    "author": "poiu****",
    "review": "진실과 여러명의 목소리 그리고 따뜻한 눈길",
    "rating": "9",
    "date": "14.03.24"
  },
  {
    "review_id": "8592287",
    "movie_id": "100730",
    "author": "caro****",
    "review": "담담하게 이야기하듯 그려내는 영화",
    "rating": "7",
    "date": "14.03.21"
  },
  {
    "review_id": "8592215",
    "movie_id": "100730",
    "author": "rgto****",
    "review": "너무 재미있네요 사라폴리감독의 스토리텔링을 실감할 수 있었습니다.",
    "rating": "10",
    "date": "14.03.21"
  }
]