[
  {
    "review_id": "9989430",
    "movie_id": "100827",
    "author": "jung****",
    "review": "깨알병맛잼이 있네요ㅋㅋ특히 두 여조연 중 한분 진쨔 골때리네요ㅋㅋ",
    "rating": "8",
    "date": "15.06.11"
  },
  {
    "review_id": "9839270",
    "movie_id": "100827",
    "author": "cred****",
    "review": "시걸 형님의 역할이 너무 없어서 허전한~ 한정된 공간이라 오히려 지루했지만 킬링용으로는 무난했다.",
    "rating": "6",
    "date": "15.04.11"
  },
  {
    "review_id": "9694625",
    "movie_id": "100827",
    "author": "ydhw****",
    "review": "재미있었다. 오스틴 흥해라",
    "rating": "10",
    "date": "15.02.14"
  },
  {
    "review_id": "9667670",
    "movie_id": "100827",
    "author": "cjsc****",
    "review": "환상의 똥꼬쑈 뭔가보여드리겠습니다!",
    "rating": "10",
    "date": "15.02.05"
  },
  {
    "review_id": "9462178",
    "movie_id": "100827",
    "author": "joog****",
    "review": "아이고 시걸 형님...아직도 1990년대식 액션영화를 하시다니...지조라고 해야할까, 일관성이라고 해야할까..플롯이 워낙 허점 투성이라 그저그런 킬링타임용 무비입니다.",
    "rating": "6",
    "date": "14.12.10"
  },
  {
    "review_id": "9365652",
    "movie_id": "100827",
    "author": "nice****",
    "review": "킬링타임용정도는...",
    "rating": "6",
    "date": "14.11.10"
  },
  {
    "review_id": "9365005",
    "movie_id": "100827",
    "author": "sems****",
    "review": "재미있었다. 오스틴형 오랜만",
    "rating": "10",
    "date": "14.11.09"
  },
  {
    "review_id": "9363807",
    "movie_id": "100827",
    "author": "ske4****",
    "review": "시걸형님은 뭐다???? 관심이다!!",
    "rating": "10",
    "date": "14.11.09"
  },
  {
    "review_id": "9341916",
    "movie_id": "100827",
    "author": "love****",
    "review": "시걸이형한티 총잡는 자세부터갈켜줘라 ㅋㅋㅋㅋ",
    "rating": "1",
    "date": "14.11.05"
  },
  {
    "review_id": "9157285",
    "movie_id": "100827",
    "author": "yana****",
    "review": "스티븐 시걸 나오면 안심이 되서 편하고 가볍게 볼 수 있어서 좋음...",
    "rating": "6",
    "date": "14.09.03"
  },
  {
    "review_id": "9151461",
    "movie_id": "100827",
    "author": "jeon****",
    "review": "스톤콜드형님이 경기하는모습을 wwe에서 볼수있길바라며~",
    "rating": "10",
    "date": "14.08.31"
  },
  {
    "review_id": "8746139",
    "movie_id": "100827",
    "author": "jim9****",
    "review": "너무 저평가된듯 볼만한데",
    "rating": "8",
    "date": "14.05.19"
  },
  {
    "review_id": "8680734",
    "movie_id": "100827",
    "author": "revo****",
    "review": "클레멘타인 보단 낫다..",
    "rating": "7",
    "date": "14.04.28"
  },
  {
    "review_id": "8651173",
    "movie_id": "100827",
    "author": "info****",
    "review": "형님 이러시면 안됩니다. 도대체 머하시는거십니까?  의리를 생각해서",
    "rating": "10",
    "date": "14.04.15"
  },
  {
    "review_id": "8568203",
    "movie_id": "100827",
    "author": "dlwo****",
    "review": "평점이 왜이리 낮지ㅡㅡ역시 스티븐 시걸~~~멋쩌용~~~",
    "rating": "10",
    "date": "14.03.11"
  },
  {
    "review_id": "8557908",
    "movie_id": "100827",
    "author": "rlax****",
    "review": "다 지금 몇년 전꺼내 ㄷㄷ",
    "rating": "10",
    "date": "14.03.06"
  },
  {
    "review_id": "8506870",
    "movie_id": "100827",
    "author": "wlal****",
    "review": "스티브오스틴이나와서영화가재미있네요 점수를10점으로치면 100점에요",
    "rating": "10",
    "date": "14.02.14"
  },
  {
    "review_id": "8393323",
    "movie_id": "100827",
    "author": "reco****",
    "review": "대체 돈이 얼마나 남아돌아야 이런걸 찍을 수 있는겐가.",
    "rating": "1",
    "date": "14.01.18"
  },
  {
    "review_id": "8378079",
    "movie_id": "100827",
    "author": "pion****",
    "review": "의리의리 하지마루요.",
    "rating": "10",
    "date": "14.01.13"
  },
  {
    "review_id": "8378017",
    "movie_id": "100827",
    "author": "hyki****",
    "review": "ㄱㅐ시ㄹㅔ기 영화, 별 한개도 아깝다",
    "rating": "1",
    "date": "14.01.13"
  },
  {
    "review_id": "8167648",
    "movie_id": "100827",
    "author": "vmfh****",
    "review": "시걸형님 영화는 언더시즈 이후로 으리 의리다!",
    "rating": "10",
    "date": "13.11.25"
  },
  {
    "review_id": "8061276",
    "movie_id": "100827",
    "author": "kimd****",
    "review": "나 원 보기나 했는지.. 솔직히 7 점대는 된다.",
    "rating": "10",
    "date": "13.10.15"
  },
  {
    "review_id": "7982143",
    "movie_id": "100827",
    "author": "s_h_****",
    "review": "의리다.",
    "rating": "10",
    "date": "13.09.15"
  },
  {
    "review_id": "7691861",
    "movie_id": "100827",
    "author": "badu****",
    "review": "시갈이 왜 3류 액션배우인지 다시 한번 확인하고싶은 사람 보세요",
    "rating": "1",
    "date": "13.06.30"
  },
  {
    "review_id": "7542556",
    "movie_id": "100827",
    "author": "come****",
    "review": "액션을 기대한다면 보지말라고 권하고싶다.",
    "rating": "5",
    "date": "13.05.19"
  },
  {
    "review_id": "7494308",
    "movie_id": "100827",
    "author": "popc****",
    "review": "시걸이 허접액션 그만 좀 찍어라 어휴~",
    "rating": "1",
    "date": "13.04.29"
  },
  {
    "review_id": "7476134",
    "movie_id": "100827",
    "author": "duff****",
    "review": "의리로10점",
    "rating": "10",
    "date": "13.04.23"
  },
  {
    "review_id": "7475562",
    "movie_id": "100827",
    "author": "pure****",
    "review": "그래도 톰 크루즈의 잭 리처보단 나을 거야~~",
    "rating": "5",
    "date": "13.04.22"
  },
  {
    "review_id": "7444870",
    "movie_id": "100827",
    "author": "hicc****",
    "review": "액션이 맨날 똑같다. 중간정도다 !",
    "rating": "6",
    "date": "13.04.09"
  },
  {
    "review_id": "7442052",
    "movie_id": "100827",
    "author": "cjw2****",
    "review": "처음부터 끝까지 총질만...",
    "rating": "6",
    "date": "13.04.07"
  },
  {
    "review_id": "7435516",
    "movie_id": "100827",
    "author": "baks****",
    "review": "(시걸)횽~어디 가?홍콩 액션영화의 대부 홍금보나,재키 챈과는 달리,기어이 퇴물이 되어버리고야만,스티븐 씨발~인정 사정없는,완성도의,초 궁극 졸작으로 돌아오다.아 윌비 백~컴백 홈",
    "rating": "4",
    "date": "13.04.05"
  },
  {
    "review_id": "7350052",
    "movie_id": "100827",
    "author": "kjhj****",
    "review": "언더시즈 이후로 몇OO동안 몇십편의 영화가 전부 쥣망이네..ㅋㅋ이형님 왜이리 됐냐..ㅠ.ㅠ",
    "rating": "1",
    "date": "13.03.15"
  },
  {
    "review_id": "7252996",
    "movie_id": "100827",
    "author": "yang****",
    "review": "재미없음",
    "rating": "1",
    "date": "13.02.11"
  },
  {
    "review_id": "7251772",
    "movie_id": "100827",
    "author": "pass****",
    "review": "1시간 30분 중에 1시간이 넘게 허접총격전이네..ㅋㅋ 이런 자신감은 어디서 나오는 걸까",
    "rating": "4",
    "date": "13.02.11"
  },
  {
    "review_id": "7211749",
    "movie_id": "100827",
    "author": "pria****",
    "review": "기대를 충족해서 늘 그렇듯 흔쾌하게 만족하다.",
    "rating": "1",
    "date": "13.02.02"
  },
  {
    "review_id": "7156974",
    "movie_id": "100827",
    "author": "chan****",
    "review": "아~ 제발 좀 이딴 영화좀 찍지 마요 형님!!... 클레멘타인이 문제였어 ㅠㅠ",
    "rating": "10",
    "date": "13.01.23"
  }
]