[
  {
    "review_id": "10270380",
    "movie_id": "100801",
    "author": "eltm****",
    "review": "\"이건\" 영화라고 이름을 붙이기도 민망하다.연기는 잘하시던데 이건 스토리가 영...",
    "rating": "1",
    "date": "15.08.24"
  },
  {
    "review_id": "10270324",
    "movie_id": "100801",
    "author": "heas****",
    "review": "나는 재밌는데. 웃겼음! 기획의도가 병맛이라는 생각ㅋㅋㅋ 재밌게 잘 봤음!",
    "rating": "7",
    "date": "15.08.24"
  },
  {
    "review_id": "10259755",
    "movie_id": "100801",
    "author": "hada****",
    "review": "영화 보고나서 네이버 평점보는데 깜짝 놀랐네요.인생 영화정도로 재미있었던건 아니지만 빵터졌던 부분도 많고 코미디 영화로써 볼땐 돈아깝지 않은 영화라고 생각했는데...저는 이 영화가 이렇게 심한 비판을 받을 정도로 재미없지는 않다고 생각해요.  평점조절",
    "rating": "10",
    "date": "15.08.21"
  },
  {
    "review_id": "10256570",
    "movie_id": "100801",
    "author": "jiwo****",
    "review": "난 그냥쉬지않고웃었음 진짜유머코드가 내스타일ㅋㅋㅋ",
    "rating": "10",
    "date": "15.08.20"
  },
  {
    "review_id": "10251741",
    "movie_id": "100801",
    "author": "choy****",
    "review": "연극으로 만들었다면 더 나았을 것 같은 영화.",
    "rating": "3",
    "date": "15.08.19"
  },
  {
    "review_id": "10247612",
    "movie_id": "100801",
    "author": "kang****",
    "review": "재미어요?진짱?요  재미져요",
    "rating": "9",
    "date": "15.08.18"
  },
  {
    "review_id": "10215409",
    "movie_id": "100801",
    "author": "ekfd****",
    "review": "음...난생각보단재미있던데ㅋㅋㅋ막 1점짜리는 아닌듯한데ㅠㅠ 난 보면서 솔직히 깔깔정도는 아니더라도 조금은 웃었어요ㅋㅋㅋ 그리고...욕이왜케많지ㅠㅠ 그런 컨셉인거같은데 진짜 끝까지 욕이라서..근데 배우분들이 연기를 다들 정말잘하셔서 뭔가 실감났어요!!",
    "rating": "7",
    "date": "15.08.11"
  },
  {
    "review_id": "10194731",
    "movie_id": "100801",
    "author": "jieu****",
    "review": "우울할 때  보면 무지 잼나는 영화. 개인적으로 이런 B급 영화 좋음.",
    "rating": "9",
    "date": "15.08.06"
  },
  {
    "review_id": "10190976",
    "movie_id": "100801",
    "author": "kks7****",
    "review": "내가 본 한국 최고의 코미디 영화다 정말 하정우 감독님 나중에 만나서 같이 작업하고 싶다. 감독님 나중에 뵙겠습니다. 꼭 감독으로 뵙고 싶어요.",
    "rating": "10",
    "date": "15.08.06"
  },
  {
    "review_id": "10184452",
    "movie_id": "100801",
    "author": "uinj****",
    "review": "이상하게웃김ㅋㅋㄱㄱ",
    "rating": "10",
    "date": "15.08.04"
  },
  {
    "review_id": "10183095",
    "movie_id": "100801",
    "author": "kara****",
    "review": "아기자기한 재미는 있으나 전체적으로 소란에비해 소득이 별로....마지막에 매니저 폭열하는건 안좋은 마무리...",
    "rating": "6",
    "date": "15.08.04"
  },
  {
    "review_id": "10168377",
    "movie_id": "100801",
    "author": "hj20****",
    "review": "아무 생각안하고 웃으면서 보기 좋은 영화!",
    "rating": "10",
    "date": "15.08.01"
  },
  {
    "review_id": "10166209",
    "movie_id": "100801",
    "author": "hyel****",
    "review": "재미는 있는데 내용은  없는 영화",
    "rating": "5",
    "date": "15.07.31"
  },
  {
    "review_id": "10165493",
    "movie_id": "100801",
    "author": "sall****",
    "review": "기대안하고봐서 그런가 생각보다 개재밌었는데ㅋㅋㅋ",
    "rating": "8",
    "date": "15.07.31"
  },
  {
    "review_id": "10125224",
    "movie_id": "100801",
    "author": "wish****",
    "review": "코미디 영화.. 재미있다. 이정도면",
    "rating": "10",
    "date": "15.07.21"
  },
  {
    "review_id": "10125202",
    "movie_id": "100801",
    "author": "envy****",
    "review": "재밌다 ㅋ재미있는것같아",
    "rating": "10",
    "date": "15.07.21"
  },
  {
    "review_id": "10122288",
    "movie_id": "100801",
    "author": "days****",
    "review": "완존 완존 잼는데 왜 ? 앤딩 크레딧 때 춤까지 춤 ㅎㅎ 좀 독특한 영화라 호불호가 갈리는 듯 나름 분석.. 아 더불어 앤딩 크레딧에 하정우 감독 일케 보고 깜놀 설마 했는데 배우 하정우씨가 맞네요 올 ~",
    "rating": "10",
    "date": "15.07.20"
  },
  {
    "review_id": "10108758",
    "movie_id": "100801",
    "author": "kamu****",
    "review": "대사가 너무 빠르다. 거의 모든 배우들의 대사호흡이 빨라서 잘 못 알아들을 정도였나...나만 그런건가?ㅋ   자막과 함께 보는게 좋을 것 같다.",
    "rating": "6",
    "date": "15.07.16"
  },
  {
    "review_id": "10086267",
    "movie_id": "100801",
    "author": "truc****",
    "review": "B급이겠거니 생각하고봐도 이건심각했다... B급을넘어선D급영화.. 정말 중간중간 말장난 몇씬빼고는 무표정으로봤다 92분정도그렇게본듯.. 코미디의정석은 대중적으로 관객을웃기는건데 이렇게호불호타기도 힘들듯",
    "rating": "2",
    "date": "15.07.10"
  },
  {
    "review_id": "10079256",
    "movie_id": "100801",
    "author": "adiv****",
    "review": "대한 항공 조현아를 연상하게 만드는 장면과 스님의 염불이 제일 웃겼다.",
    "rating": "6",
    "date": "15.07.08"
  },
  {
    "review_id": "10068169",
    "movie_id": "100801",
    "author": "clup****",
    "review": "진짜 재밌다! 각각 등장인물 캐릭터가 살아있고, 연기하는거 같지않고, 실제 상황인거 같은 연기와 대사. 하하 이렇게 재밌고 여러번 보게되는 코믹영화 오랜만?",
    "rating": "10",
    "date": "15.07.04"
  },
  {
    "review_id": "10060035",
    "movie_id": "100801",
    "author": "jsuj****",
    "review": "나에게는 최악의 영화였다.안보느니만 못햇다",
    "rating": "1",
    "date": "15.07.02"
  },
  {
    "review_id": "10059955",
    "movie_id": "100801",
    "author": "leuk****",
    "review": "개봉흥행은 못했겠지만  신선한 영화다.",
    "rating": "7",
    "date": "15.07.02"
  },
  {
    "review_id": "10059950",
    "movie_id": "100801",
    "author": "hui5****",
    "review": "너무 웃겨요 ㅋㅋ빵빵터졌네ㅋ",
    "rating": "10",
    "date": "15.07.02"
  },
  {
    "review_id": "10059837",
    "movie_id": "100801",
    "author": "rnjs****",
    "review": "나는 너무웃긴ㄴ뎈ㅋㅋ진짜 재밌어요지금 3번째 보고있음",
    "rating": "10",
    "date": "15.07.02"
  },
  {
    "review_id": "10050892",
    "movie_id": "100801",
    "author": "mscs****",
    "review": "저는 이런 병맛 B급 영화 정말 좋아해서 재미있게 봤어요 관심없던 하정우씨 팬도 됐습니다 또 이런 코드 이런 병맛 영화 제작해주세요",
    "rating": "10",
    "date": "15.06.29"
  },
  {
    "review_id": "10007920",
    "movie_id": "100801",
    "author": "jjjl****",
    "review": "난 정말 웃기던데 코드가 맞나? 호불호가 갈린거 같습니다.",
    "rating": "10",
    "date": "15.06.18"
  },
  {
    "review_id": "9996447",
    "movie_id": "100801",
    "author": "whee****",
    "review": "내 생의 최악의 리스트를 뽑을때 꽤나 고마울 영화",
    "rating": "2",
    "date": "15.06.13"
  },
  {
    "review_id": "9979487",
    "movie_id": "100801",
    "author": "chla****",
    "review": "솔직히 노잼...이건 심햇다고 봄",
    "rating": "1",
    "date": "15.06.06"
  },
  {
    "review_id": "9978541",
    "movie_id": "100801",
    "author": "dhrw****",
    "review": "스토리는 별론데 개그코드 존나 ㅋㅋㅋ나랑잘맞음",
    "rating": "6",
    "date": "15.06.06"
  },
  {
    "review_id": "9976920",
    "movie_id": "100801",
    "author": "sha9****",
    "review": "난 되게 재밌게 봤는데.. 센스있는 유머가 웃겼고 퀄리티도 떨어진다고 생각안한다. 그저 취향차이인듯.. 전개가 빠른것도 좋게 봤다.",
    "rating": "10",
    "date": "15.06.05"
  },
  {
    "review_id": "9974040",
    "movie_id": "100801",
    "author": "jjaj****",
    "review": "박찬욱감독의 된장 병맛끼를 어설프게 흉내만 내는 그냥 병맛 잡탕. 그 와중에 빨아주는 평론가들 소오름.",
    "rating": "1",
    "date": "15.06.04"
  },
  {
    "review_id": "9971323",
    "movie_id": "100801",
    "author": "kkhd****",
    "review": "말이필요없는 명작 ..",
    "rating": "10",
    "date": "15.06.03"
  },
  {
    "review_id": "9958023",
    "movie_id": "100801",
    "author": "lg03****",
    "review": "볼때마다잼있다 ㅋ 영화는 개취이지만 저예산영화가 이렇게잼있다니ㅋ 강추",
    "rating": "9",
    "date": "15.05.28"
  },
  {
    "review_id": "9920785",
    "movie_id": "100801",
    "author": "terr****",
    "review": "이렇게 재미있는 영화에 악평다는 쓰레기들은 뭔지..영화를 진짜로 보고 다는것인가??",
    "rating": "10",
    "date": "15.05.16"
  },
  {
    "review_id": "9899218",
    "movie_id": "100801",
    "author": "v963****",
    "review": "감동도재미도없고..그냥화가난다",
    "rating": "1",
    "date": "15.05.06"
  },
  {
    "review_id": "9899211",
    "movie_id": "100801",
    "author": "tkdg****",
    "review": "진짜 재밋네요.정말 재밋어요 알바가 아니라 방금 ocn에서 보고 바로 남깁니다 ㅋ 정경호씌 욕 잘하네여 ㅇ",
    "rating": "10",
    "date": "15.05.06"
  },
  {
    "review_id": "9898724",
    "movie_id": "100801",
    "author": "plan****",
    "review": "난진짜 웃기게잘봄 ㅋㅋ 넘 웃겨서 덧글 달러옴 ㅋㅋㅋ",
    "rating": "8",
    "date": "15.05.06"
  },
  {
    "review_id": "9897254",
    "movie_id": "100801",
    "author": "redb****",
    "review": "하정우는 앞으로 연기만 하셔야 됨... 감독에는 재능이랑 내공이 좀 아닌듯",
    "rating": "1",
    "date": "15.05.05"
  },
  {
    "review_id": "9877421",
    "movie_id": "100801",
    "author": "eyeb****",
    "review": "[ 스토리 4, 비주얼 4, 연출 2, 연기 4 ]　모든 배역이 하정우식 말장난을 쏟아낸다. 처음은 흥미로우나 이내 식상해지고, 구성은 연극을 보는듯 뚝뚝 끊긴다.",
    "rating": "3",
    "date": "15.04.29"
  },
  {
    "review_id": "9871991",
    "movie_id": "100801",
    "author": "ggoy****",
    "review": "재밋어여요오로오옹렁!",
    "rating": "9",
    "date": "15.04.26"
  },
  {
    "review_id": "9861363",
    "movie_id": "100801",
    "author": "ohsh****",
    "review": "소소한 재미가 있는 영화.10점은 아닌데 평점이 너무 낮아서 10점 준다.2015년도에 나왔으면  좋았을 텐데.",
    "rating": "10",
    "date": "15.04.23"
  },
  {
    "review_id": "9854434",
    "movie_id": "100801",
    "author": "dudg****",
    "review": "이런병맛스러운게좋은데 나만좋은가 난되게 일부러이런 병맛스러운걸만들었다는게 좋은데 쓸데없이ㅇ진지한배우들ㅋㅋㅂ#재밋는데",
    "rating": "10",
    "date": "15.04.20"
  },
  {
    "review_id": "9853032",
    "movie_id": "100801",
    "author": "ssh_****",
    "review": "키득거리며 웃음,  색다름,  조연배우들의 연기가 좋았음, 음악 선택이 깔끔함,  그러나 후반부터 갈길을 잃은 느낌.  잘 다듬으면 하정우씨는 멋진 감독이 될 거다.  이 영화 지루하진 않다.",
    "rating": "4",
    "date": "15.04.19"
  },
  {
    "review_id": "9851946",
    "movie_id": "100801",
    "author": "ggma****",
    "review": "마준규를 중심으로 한 여러 인간상이 유쾌하면서 불쾌했다. 인물을 살리기 위해 플롯은 포기했지만 썩 나쁘지 않았다.",
    "rating": "7",
    "date": "15.04.19"
  },
  {
    "review_id": "9842008",
    "movie_id": "100801",
    "author": "momo****",
    "review": "재밌게 봤으요 ㅋㅋㅋㅋ",
    "rating": "10",
    "date": "15.04.12"
  },
  {
    "review_id": "9841486",
    "movie_id": "100801",
    "author": "yooy****",
    "review": "정경호 매력 쩐다...멋짐...",
    "rating": "10",
    "date": "15.04.12"
  },
  {
    "review_id": "9833538",
    "movie_id": "100801",
    "author": "tjrw****",
    "review": "진짜 졷나웃기네ㅋㅋㅋ",
    "rating": "10",
    "date": "15.04.07"
  },
  {
    "review_id": "9830986",
    "movie_id": "100801",
    "author": "cj11****",
    "review": "난 아주  재미있게 봤음ㅋㅋㅋㅋ 내 스타일임",
    "rating": "10",
    "date": "15.04.06"
  },
  {
    "review_id": "9821468",
    "movie_id": "100801",
    "author": "jjeo****",
    "review": "재밌던데 뭐이리 욕이많지",
    "rating": "8",
    "date": "15.04.02"
  },
  {
    "review_id": "9816352",
    "movie_id": "100801",
    "author": "sddu****",
    "review": "괜히 10점달면 알바인거같아 보이려나..특유의 시크한?듯한 컨셉도 마음에들었고배우들 연기도 좋았고 웃으며 재밌게봤는데 평점이 테러수준이네..정경호 연기좋았음",
    "rating": "10",
    "date": "15.03.30"
  },
  {
    "review_id": "9805529",
    "movie_id": "100801",
    "author": "tjsd****",
    "review": "진짜 완전 내 스타일 웃기고 재밌는 영화였는데, 정말 보고 오랜만에 맘편히 기분좋은 영화였는데 왜이렇게 평이 안좋지..",
    "rating": "10",
    "date": "15.03.25"
  },
  {
    "review_id": "9793923",
    "movie_id": "100801",
    "author": "rlaw****",
    "review": "솔직히 1점짜리는 아니지",
    "rating": "10",
    "date": "15.03.19"
  },
  {
    "review_id": "9792961",
    "movie_id": "100801",
    "author": "jycc****",
    "review": "티비로 보고 다운받아서도 보고.. 시간때우는영화로 ㄱㅊ다..하정우형님, 연기자로만 해주셧으면 그래도 2개",
    "rating": "4",
    "date": "15.03.19"
  },
  {
    "review_id": "9792734",
    "movie_id": "100801",
    "author": "gogo****",
    "review": "시간아깝고 그냥 인간극장이 더 재밋을 영화네요",
    "rating": "1",
    "date": "15.03.19"
  },
  {
    "review_id": "9792714",
    "movie_id": "100801",
    "author": "petd****",
    "review": "ㅋㅋ지금 롤러코스터보는데ㅋㅋ땅콩 나오고 욕설 나오고 뭔가 시기가 지금 나왔으면 재미있었을듯 ㅎㅎ",
    "rating": "10",
    "date": "15.03.19"
  },
  {
    "review_id": "9790075",
    "movie_id": "100801",
    "author": "soul****",
    "review": "아 개짱ㅋㅋ 꿀잼ㅋㅋ 정우형 사랑해요ㅋㅋ 이건 남자영화임 ㅋㅋ",
    "rating": "10",
    "date": "15.03.17"
  },
  {
    "review_id": "9775305",
    "movie_id": "100801",
    "author": "rldm****",
    "review": "왜케 평점이낮지? 각설하고, 극전개가 지루하지않고 각 상황의 요소요소들이 재치있는 대사와 승무원이라는 감정노동자들과 육두문자의 조화ㅋㅋㅋ 제법 괜찮게봤음, 승객들 한명한명 개성이 강해서 보는재미 쏠쏠했네요 주관적인 평점은 8점정돈데 걍10점!",
    "rating": "10",
    "date": "15.03.12"
  },
  {
    "review_id": "9761028",
    "movie_id": "100801",
    "author": "geno****",
    "review": "뭐 하자는 건지...돈이 썩어나시나보네...",
    "rating": "1",
    "date": "15.03.06"
  },
  {
    "review_id": "9760625",
    "movie_id": "100801",
    "author": "pete****",
    "review": "누구보다 현장과 가깝게 지내는 배우라 그런지 영화적 재미요소를 잘 이해하고 있다. 아직 그 요소들을 스크린에 담아내는 테크닉은 조금 미흡하지만 이정도면 데뷔작 치고 나름 잘 뽑아낸거 같다. 기존 한국영화에서 거의 시도하지 않은 스타일이라 상당히 특이함",
    "rating": "6",
    "date": "15.03.06"
  },
  {
    "review_id": "9756203",
    "movie_id": "100801",
    "author": "znzl****",
    "review": "나만재밌나방 재밌쩡 많이 재밌쪙",
    "rating": "10",
    "date": "15.03.04"
  },
  {
    "review_id": "9756188",
    "movie_id": "100801",
    "author": "body****",
    "review": "소소한재미 ㅋㅋㅋ 대사 하나하나가 넘웃겨",
    "rating": "10",
    "date": "15.03.04"
  },
  {
    "review_id": "9755624",
    "movie_id": "100801",
    "author": "n991****",
    "review": "난잼께봄 예언투성ㅋㅋㅋ",
    "rating": "7",
    "date": "15.03.04"
  },
  {
    "review_id": "9755378",
    "movie_id": "100801",
    "author": "subw****",
    "review": "Good,,....",
    "rating": "10",
    "date": "15.03.04"
  },
  {
    "review_id": "9752465",
    "movie_id": "100801",
    "author": "tmxl****",
    "review": "제가 영화에 대해서 잘 모르지만제목 그대로 내용또한 전개가 롤러코스터같았어요재밌게 잘 봤습니다^^",
    "rating": "10",
    "date": "15.03.02"
  },
  {
    "review_id": "9751887",
    "movie_id": "100801",
    "author": "hs77****",
    "review": "최악의 영화10자채우기도 아깝고 내돈 1200원아깝다",
    "rating": "1",
    "date": "15.03.02"
  },
  {
    "review_id": "9748394",
    "movie_id": "100801",
    "author": "sean****",
    "review": "약간에 코믹 빼고 대사 자체가 부자연 스럽고 내용이 없다. 하정우가 언젠가 잘됬을때 숨고 싶을것같은 영화.",
    "rating": "3",
    "date": "15.03.01"
  },
  {
    "review_id": "9744228",
    "movie_id": "100801",
    "author": "0002****",
    "review": "내 코드임. 연출, 각색 등 많은 요소 진심 헐리웃 진출해도 어느 정도는 할 수 있을 듯",
    "rating": "10",
    "date": "15.02.27"
  },
  {
    "review_id": "9744042",
    "movie_id": "100801",
    "author": "tjtj****",
    "review": "이거 영화 맞죠?, 왜 영화인것 같지는 않지?",
    "rating": "4",
    "date": "15.02.27"
  },
  {
    "review_id": "9740818",
    "movie_id": "100801",
    "author": "dnf7****",
    "review": "재밌긴재밌는데 좀 욕심이 과한영화 였던거같다 영화라기보다는 뭐랄까 음...코미디빅리그 같은거 본기분",
    "rating": "6",
    "date": "15.02.26"
  },
  {
    "review_id": "9738712",
    "movie_id": "100801",
    "author": "zerg****",
    "review": "개그코드가 저랑 넘맞아서...",
    "rating": "10",
    "date": "15.02.26"
  },
  {
    "review_id": "9724937",
    "movie_id": "100801",
    "author": "mook****",
    "review": "하정우 이 양반 정말 재밋는 사람이야. ㅎㅎㅎ 허삼관 보고 이거 봤는데... 각 사람마다 캐릭터를 너무 잘 살렸는데.  생각의 차원이 너무 다른것 같음 형이하학적으로 보이나 그 내면에 있는 모습을 너무 잘 표현 했는것 같음... 아무튼 너무 재밋게 봤",
    "rating": "10",
    "date": "15.02.21"
  },
  {
    "review_id": "9721405",
    "movie_id": "100801",
    "author": "ride****",
    "review": "처음에는 적응하기 힘들었지만 점진적으로 빠져들게 만드는 영화네요.",
    "rating": "7",
    "date": "15.02.21"
  },
  {
    "review_id": "9709450",
    "movie_id": "100801",
    "author": "hhpo****",
    "review": "독특한 영화네요 ㅎㅎㅎ",
    "rating": "8",
    "date": "15.02.18"
  },
  {
    "review_id": "9708062",
    "movie_id": "100801",
    "author": "vale****",
    "review": "영화에 표면적 의미부여가 필요한가? 우습다",
    "rating": "10",
    "date": "15.02.18"
  },
  {
    "review_id": "9703495",
    "movie_id": "100801",
    "author": "gig1****",
    "review": "VOD용 영화가 감독 이름 값때문에 투자를 받고 개봉도 했네.",
    "rating": "1",
    "date": "15.02.16"
  },
  {
    "review_id": "9703087",
    "movie_id": "100801",
    "author": "skdu****",
    "review": "왜 나는재밌었는데ㅋㅋ그냥 평점조절용이로 10점줌",
    "rating": "10",
    "date": "15.02.16"
  },
  {
    "review_id": "9696872",
    "movie_id": "100801",
    "author": "sean****",
    "review": "생각보다 잼난ㅡㅡ기대안해섭",
    "rating": "10",
    "date": "15.02.14"
  },
  {
    "review_id": "9692394",
    "movie_id": "100801",
    "author": "sg_w****",
    "review": "넘 웃겼어요ㅋ 또 보고싶어요ㅎ",
    "rating": "9",
    "date": "15.02.13"
  },
  {
    "review_id": "9692314",
    "movie_id": "100801",
    "author": "nala****",
    "review": "한참 재미있다가 한순간에 추락해 버리고만다",
    "rating": "5",
    "date": "15.02.13"
  },
  {
    "review_id": "9692230",
    "movie_id": "100801",
    "author": "gkdm****",
    "review": "웃겼는데 평이낮아서놀람 웃긴게끝이긴함 가볍게보기는죠음",
    "rating": "8",
    "date": "15.02.13"
  },
  {
    "review_id": "9692212",
    "movie_id": "100801",
    "author": "100j****",
    "review": "극장에서 놓친게 아까운 영화. 최근 우리나라 세태를 유쾌하고 재미있게 보여주네요. 특히 사무장이 회장과 회장비서 앞에서 무릎꿇고 계속 죄송하다 할 때는 땅콩회항과 오버랩 되내요. 다만 대사가 너무 빨라 두 번째 봐도 못들은 대사가 아깝네요^^",
    "rating": "10",
    "date": "15.02.13"
  },
  {
    "review_id": "9692142",
    "movie_id": "100801",
    "author": "thin****",
    "review": "하정우스타일의 유머코드가 드러나는 영화였음ㅎㅎ 뭐 볼만한건없다지만 그냥 볼만은 함 그러나 영화관에서 보았다면 화가났을듯",
    "rating": "5",
    "date": "15.02.13"
  },
  {
    "review_id": "9692096",
    "movie_id": "100801",
    "author": "hspe****",
    "review": "역시 평론가는 지들끼리는 싸고돈다.",
    "rating": "4",
    "date": "15.02.13"
  },
  {
    "review_id": "9687257",
    "movie_id": "100801",
    "author": "iamc****",
    "review": "난 등장인물의 성격이나 정신상태가 제 정신인 영화는 보지않기에 후한 평점.",
    "rating": "9",
    "date": "15.02.11"
  },
  {
    "review_id": "9683692",
    "movie_id": "100801",
    "author": "rei2****",
    "review": "나는 하정우랑 개그코드가 맞나보다 엄청 재밌게봤네요 특히 단발의사샘 장면에서 계속 빵터짐 ㅋㅋ",
    "rating": "10",
    "date": "15.02.10"
  },
  {
    "review_id": "9682505",
    "movie_id": "100801",
    "author": "83zi****",
    "review": "아..나 이거 이제 봤는데 완전 재미없을줄 알고 봤다가 웃겨서 눈물까지 흘림ㅋㅋㅋ 평소 개그코드가 남들이랑 달라서 그런가 난 너무 웃기던데~ 흑인 코메디 영화 같았음. 소울플레인 생각나고~",
    "rating": "9",
    "date": "15.02.09"
  },
  {
    "review_id": "9681789",
    "movie_id": "100801",
    "author": "anyo****",
    "review": "스토리가 없는게 아쉽지만 웃기긴하구만 의사가 젤 웃김",
    "rating": "5",
    "date": "15.02.09"
  },
  {
    "review_id": "9680033",
    "movie_id": "100801",
    "author": "bigk****",
    "review": "재밌게  봤다.. 1점은 뭐냐.. 악평이 오버네..",
    "rating": "8",
    "date": "15.02.08"
  },
  {
    "review_id": "9676519",
    "movie_id": "100801",
    "author": "jaeo****",
    "review": "이제서야봤네요 하정우씨 개그코드가 맞나봐요 전 너무재미있게봤어 ㅎㅎ 캐릭터들마다 연기다잘하신듯요",
    "rating": "10",
    "date": "15.02.07"
  },
  {
    "review_id": "9672632",
    "movie_id": "100801",
    "author": "roma****",
    "review": "하정우 팬으로써진심부탁인데감독은제발부디하지말고 연기만집중해부탁이야",
    "rating": "1",
    "date": "15.02.06"
  },
  {
    "review_id": "9670845",
    "movie_id": "100801",
    "author": "outs****",
    "review": "전 너무 재밌게 봤어요. 허삼관고 이영화도... 하정우씨 감독으로 재능있는거 같아요.",
    "rating": "10",
    "date": "15.02.05"
  },
  {
    "review_id": "9666945",
    "movie_id": "100801",
    "author": "kara****",
    "review": "휴.. 그냥 고성희만 기억나는 영화...",
    "rating": "1",
    "date": "15.02.04"
  },
  {
    "review_id": "9666199",
    "movie_id": "100801",
    "author": "clea****",
    "review": "재밌게 잘 봤네요.  하감독으로 인정.롤러코스터도 재밌게 잘 봤는데... ㅋㅋㅋ 허삼관도 재미짐.",
    "rating": "7",
    "date": "15.02.04"
  },
  {
    "review_id": "9662279",
    "movie_id": "100801",
    "author": "eleg****",
    "review": "다 못알아듣는게 아쉽고 이대로 끝나 아쉽다ㅋㅋㅋ",
    "rating": "7",
    "date": "15.02.03"
  },
  {
    "review_id": "9654629",
    "movie_id": "100801",
    "author": "x5sw****",
    "review": "난 나름 재밋게봤는데 참신하고 유쾌한 일본소설같슨 느낌?",
    "rating": "7",
    "date": "15.01.31"
  },
  {
    "review_id": "9644830",
    "movie_id": "100801",
    "author": "yo_i****",
    "review": "나는 재밋게 봤는데. ㅋ",
    "rating": "10",
    "date": "15.01.28"
  },
  {
    "review_id": "9641088",
    "movie_id": "100801",
    "author": "miin****",
    "review": "나만 재밌었나?? 그냥 가볍게 보기 괜찮은 영화인듯",
    "rating": "10",
    "date": "15.01.27"
  },
  {
    "review_id": "9638009",
    "movie_id": "100801",
    "author": "teen****",
    "review": "언어유희 짜임새있는 영화오랜만에 보았다 아 시간가는줄 몰랐고 의사 정말 대박 캐릭터 하나하나마다 다 한따까리 하는 재데로된 역활을 했고 심각한 상황에서 웃음을 만들어내는 짜임새가 정말 놀랍다 그리고 감독이 하정우라는 것에 대단히 놀랐다 대단하다",
    "rating": "10",
    "date": "15.01.26"
  },
  {
    "review_id": "9637965",
    "movie_id": "100801",
    "author": "zlal****",
    "review": "진짜 취향저격...!!  저는 정말 재미있게 봤어요!보는 내내 웃으면서 봤어요! 짱짱",
    "rating": "9",
    "date": "15.01.26"
  }
]