[
  {
    "review": "전편보다 커진 스케일, 화려한 영상,좀더 다듬어진 스토리 까지 어서 3편을 내놓으라고 헐리웃 ㅜㅠ",
    "date": "15.06.16",
    "rating": "9",
    "author": "outs****",
    "review_id": "10005012",
    "movie_id": "10096"
  },
  {
    "review": "5년 전 히트했던 전편의 컨셉을 똑같이 재탕한, 허접하고 성의없는 속편.",
    "date": "15.03.28",
    "rating": "5",
    "author": "sipj****",
    "review_id": "9812480",
    "movie_id": "10096"
  },
  {
    "review": "전편보다 나아진, 여전한 졸작",
    "date": "14.12.19",
    "rating": "4",
    "author": "arkj****",
    "review_id": "9487720",
    "movie_id": "10096"
  },
  {
    "review": "고스트버스터즈1도 재밌었는데 이것도 실망시키지 않았다",
    "date": "14.11.02",
    "rating": "10",
    "author": "jsh7****",
    "review_id": "9336847",
    "movie_id": "10096"
  },
  {
    "review": "재밌네요. 3도 기대된다.",
    "date": "14.11.02",
    "rating": "10",
    "author": "bayd****",
    "review_id": "9336837",
    "movie_id": "10096"
  },
  {
    "review": "닌텐도로 여신상을 움직일 생각을 하다니...",
    "date": "14.10.03",
    "rating": "10",
    "author": "djch****",
    "review_id": "9256622",
    "movie_id": "10096"
  },
  {
    "review": "내가 초등학생때 본 영화를 초등학생 아들과 함께 보네요. 정말 행복한 추억의 영화!!!",
    "date": "14.09.10",
    "rating": "10",
    "author": "hphj****",
    "review_id": "9195864",
    "movie_id": "10096"
  },
  {
    "review": "내 추억에 별점 10점을 준다.",
    "date": "14.03.15",
    "rating": "10",
    "author": "sh87****",
    "review_id": "8579260",
    "movie_id": "10096"
  },
  {
    "review": "지루하고 진부한 스토리",
    "date": "14.03.09",
    "rating": "1",
    "author": "mara****",
    "review_id": "8565419",
    "movie_id": "10096"
  },
  {
    "review": "역시 고스트 버스터즈!!",
    "date": "13.12.14",
    "rating": "10",
    "author": "ske4****",
    "review_id": "8213104",
    "movie_id": "10096"
  },
  {
    "review": "1편에 버금가거나 그 이상의 재미!",
    "date": "13.10.29",
    "rating": "10",
    "author": "ldj0****",
    "review_id": "8099761",
    "movie_id": "10096"
  },
  {
    "review": "볼만해~",
    "date": "13.09.13",
    "rating": "8",
    "author": "dbzh****",
    "review_id": "7973957",
    "movie_id": "10096"
  },
  {
    "review": "전편보단 덜했지만 나름대로 괜찮은편이다",
    "date": "13.08.09",
    "rating": "8",
    "author": "neja****",
    "review_id": "7860811",
    "movie_id": "10096"
  },
  {
    "review": "이것도 재미있었다. 충분히 탄탄한 구성과 재미있는 코미디적 요소들~",
    "date": "12.08.19",
    "rating": "10",
    "author": "kt17****",
    "review_id": "6626008",
    "movie_id": "10096"
  },
  {
    "review": "1편보다 더 재밌게 봤다.",
    "date": "12.07.25",
    "rating": "10",
    "author": "kem1****",
    "review_id": "6527282",
    "movie_id": "10096"
  },
  {
    "review": "추억의 명작의 속편 이건 무족건 10",
    "date": "12.06.16",
    "rating": "10",
    "author": "gokj****",
    "review_id": "6396084",
    "movie_id": "10096"
  },
  {
    "review": "2편도 좋았던 흔치 않은 영화",
    "date": "12.05.23",
    "rating": "8",
    "author": "jero****",
    "review_id": "6324860",
    "movie_id": "10096"
  },
  {
    "review": "빌 머레이의 명품 능청개그는 시대를 초월해서 먹힌다ㅋㅋㅋㅋ",
    "date": "12.05.03",
    "rating": "10",
    "author": "ruch****",
    "review_id": "6267147",
    "movie_id": "10096"
  },
  {
    "review": "만화시리즈를 기반으로했지만, 충실히 영화가 잘 따라가준것 같다.",
    "date": "12.02.06",
    "rating": "9",
    "author": "crui****",
    "review_id": "6055502",
    "movie_id": "10096"
  },
  {
    "review": "원보단 재미있어.ㅋㅋㅋ",
    "date": "12.01.24",
    "rating": "10",
    "author": "2005****",
    "review_id": "6014159",
    "movie_id": "10096"
  },
  {
    "review": "걸어 다니던 자유의 여신상은 정말 볼만했다~",
    "date": "12.01.19",
    "rating": "8",
    "author": "ccpp****",
    "review_id": "6000113",
    "movie_id": "10096"
  },
  {
    "review": "속편답게 블록버스터네",
    "date": "12.01.19",
    "rating": "8",
    "author": "rame****",
    "review_id": "6000109",
    "movie_id": "10096"
  },
  {
    "review": "역시 빌 머레이가 짱이지",
    "date": "12.01.19",
    "rating": "8",
    "author": "kpcc****",
    "review_id": "6000107",
    "movie_id": "10096"
  },
  {
    "review": "정말 잼남 ㅋㅋㅋ",
    "date": "11.12.11",
    "rating": "10",
    "author": "toto****",
    "review_id": "5899119",
    "movie_id": "10096"
  },
  {
    "review": "속편의 법칙대로 더 커지고 더 화려해져서 돌아온. 1편이 좀 더 오밀조밀한 재미.",
    "date": "11.09.02",
    "rating": "6",
    "author": "kami****",
    "review_id": "5703291",
    "movie_id": "10096"
  },
  {
    "review": "10년이 넘은 지금 다시봐도 잘나온 영화다. 3편이 나온다는데.. 기대되넹~",
    "date": "11.08.24",
    "rating": "10",
    "author": "zedg****",
    "review_id": "5683941",
    "movie_id": "10096"
  },
  {
    "review": "쓰레기of쓰레기",
    "date": "11.07.20",
    "rating": "1",
    "author": "warr****",
    "review_id": "5557515",
    "movie_id": "10096"
  },
  {
    "review": "1편보다 더 어거지네... 사실성, 현실성은 전혀 필요없는데 제발 모호한 급전개 좀...",
    "date": "11.01.24",
    "rating": "7",
    "author": "sbs3****",
    "review_id": "5179535",
    "movie_id": "10096"
  },
  {
    "review": "이거 보고싶어서 운적도 있었지요.",
    "date": "10.09.10",
    "rating": "10",
    "author": "ohs3****",
    "review_id": "4827409",
    "movie_id": "10096"
  },
  {
    "review": "2편은 그럭저럭 볼만했음 ~~~~~~~~~",
    "date": "10.08.19",
    "rating": "6",
    "author": "fnsk****",
    "review_id": "4767551",
    "movie_id": "10096"
  },
  {
    "review": "사실1보다더재밌엇다",
    "date": "10.08.13",
    "rating": "10",
    "author": "knba****",
    "review_id": "4741546",
    "movie_id": "10096"
  },
  {
    "review": "ㅋㅋ2탄도뭐재밋어요 1탄은머쉬맬로우맨,2탄은자유의여신상이네ㅋㅋ",
    "date": "10.03.10",
    "rating": "8",
    "author": "ghrj****",
    "review_id": "4348478",
    "movie_id": "10096"
  },
  {
    "review": "1편보다 유령도 많이 나오고, 액션도 많이 나오고.....최고!!!!!!",
    "date": "10.03.01",
    "rating": "10",
    "author": "ard2****",
    "review_id": "4326979",
    "movie_id": "10096"
  },
  {
    "review": "그래도 전편에 비해 많이 떨어지는 건 아니다",
    "date": "10.01.21",
    "rating": "5",
    "author": "bbq2****",
    "review_id": "4195762",
    "movie_id": "10096"
  },
  {
    "review": "재미있어요!",
    "date": "10.01.03",
    "rating": "10",
    "author": "redn****",
    "review_id": "4126567",
    "movie_id": "10096"
  },
  {
    "review": "너무시시해요",
    "date": "10.01.03",
    "rating": "10",
    "author": "yms0****",
    "review_id": "4126557",
    "movie_id": "10096"
  },
  {
    "review": "고스트버스터즈텔레비젼봤는데",
    "date": "09.12.16",
    "rating": "10",
    "author": "a644****",
    "review_id": "4047914",
    "movie_id": "10096"
  },
  {
    "review": "몇번이나 봐도 질리지 않는 고전명작",
    "date": "09.08.09",
    "rating": "10",
    "author": "obli****",
    "review_id": "3725487",
    "movie_id": "10096"
  },
  {
    "review": "최고의 고전명작",
    "date": "09.07.26",
    "rating": "10",
    "author": "khm0****",
    "review_id": "3670418",
    "movie_id": "10096"
  },
  {
    "review": "완전 강추",
    "date": "09.07.26",
    "rating": "10",
    "author": "ajem****",
    "review_id": "3670413",
    "movie_id": "10096"
  },
  {
    "review": "20년이지난 꼬마가 봐도 훌륭하다고 말해주고싶은 그런 명작 상상력이 정말 좋네요!!",
    "date": "09.05.10",
    "rating": "10",
    "author": "soju****",
    "review_id": "3484293",
    "movie_id": "10096"
  },
  {
    "review": "어렸을때 재밌게 본 영화.",
    "date": "09.04.27",
    "rating": "10",
    "author": "jkh0****",
    "review_id": "3444064",
    "movie_id": "10096"
  },
  {
    "review": "크 걸어 다니던 자유의 여신상은 정말 볼만했다~",
    "date": "09.04.15",
    "rating": "8",
    "author": "mega****",
    "review_id": "3423419",
    "movie_id": "10096"
  },
  {
    "review": "볼만함",
    "date": "09.04.15",
    "rating": "7",
    "author": "enia****",
    "review_id": "3422310",
    "movie_id": "10096"
  },
  {
    "review": "1편과 만화영화판에 비해 아쉽지만 볼만했다.",
    "date": "08.09.11",
    "rating": "8",
    "author": "digd****",
    "review_id": "2934549",
    "movie_id": "10096"
  },
  {
    "review": "그냥 재탕이라고 볼 수 밖에 없다.",
    "date": "08.09.08",
    "rating": "3",
    "author": "jere****",
    "review_id": "2929491",
    "movie_id": "10096"
  },
  {
    "review": "전작에 뒤쳐지지 않는 속편",
    "date": "08.04.25",
    "rating": "7",
    "author": "meth****",
    "review_id": "2597441",
    "movie_id": "10096"
  },
  {
    "review": "1편보다는 확실히 낫다",
    "date": "08.04.22",
    "rating": "10",
    "author": "dj16****",
    "review_id": "2593995",
    "movie_id": "10096"
  },
  {
    "review": "시대를 뛰어넘는 획기적은 SF효과. 애니메이션효과.",
    "date": "08.02.08",
    "rating": "9",
    "author": "evil****",
    "review_id": "2422487",
    "movie_id": "10096"
  },
  {
    "review": "더이상의 시리즈를 양산치 못하고 원작의 재미를 반감시키는",
    "date": "08.02.04",
    "rating": "6",
    "author": "1stl****",
    "review_id": "2407420",
    "movie_id": "10096"
  },
  {
    "review": "전편보다 긴장감이라든지 스토리...구성 등이 많이 떨어지는 작품",
    "date": "08.01.25",
    "rating": "6",
    "author": "refr****",
    "review_id": "2369833",
    "movie_id": "10096"
  },
  {
    "review": "전편보다 거칠고 박력넘치는 유령들 뒤편에 조용히 숨죽인 고스트버스터즈",
    "date": "08.01.02",
    "rating": "7",
    "author": "goma****",
    "review_id": "2292704",
    "movie_id": "10096"
  },
  {
    "review": "1편에 이은 정말 재밌는 유령영화 . 이런영화 다신 안나올거다",
    "date": "07.12.14",
    "rating": "10",
    "author": "rang****",
    "review_id": "2231778",
    "movie_id": "10096"
  },
  {
    "review": "명작이지",
    "date": "07.11.11",
    "rating": "8",
    "author": "pksj****",
    "review_id": "2144621",
    "movie_id": "10096"
  },
  {
    "review": "good",
    "date": "07.10.17",
    "rating": "7",
    "author": "cles****",
    "review_id": "2094833",
    "movie_id": "10096"
  },
  {
    "review": "어릴적 너무 재밌게봤다",
    "date": "07.10.17",
    "rating": "8",
    "author": "allu****",
    "review_id": "2094228",
    "movie_id": "10096"
  },
  {
    "review": "초딩5학년때 극장에서 본기억이난다 정말 잼있엇지.",
    "date": "07.09.03",
    "rating": "10",
    "author": "revo****",
    "review_id": "1998494",
    "movie_id": "10096"
  },
  {
    "review": "2편 들어서 너무 스케일만 방대해졌다라고 할까.. 재밌게 보기엔 최고",
    "date": "07.08.26",
    "rating": "9",
    "author": "soma****",
    "review_id": "1981048",
    "movie_id": "10096"
  },
  {
    "review": "진지해진 2차원 보스보다 찐빵의 향수가 깊다.",
    "date": "07.08.18",
    "rating": "7",
    "author": "tori****",
    "review_id": "1953945",
    "movie_id": "10096"
  },
  {
    "review": "1편에 버금가는 즐거움~~후훗",
    "date": "07.08.08",
    "rating": "9",
    "author": "typo****",
    "review_id": "1906170",
    "movie_id": "10096"
  },
  {
    "review": "명불허전 전편만큼 즐겁다^^",
    "date": "07.07.17",
    "rating": "10",
    "author": "baks****",
    "review_id": "1786815",
    "movie_id": "10096"
  },
  {
    "review": "스토리 보완하고 지금 기술로 하면 좋을듯",
    "date": "07.04.30",
    "rating": "6",
    "author": "gkfq****",
    "review_id": "1613205",
    "movie_id": "10096"
  },
  {
    "review": "전편에서 그쳤어야 하는 영화중 하나.",
    "date": "07.04.27",
    "rating": "1",
    "author": "bepl****",
    "review_id": "1608592",
    "movie_id": "10096"
  },
  {
    "review": "나 어릴적 최고의 영화!!",
    "date": "07.04.10",
    "rating": "10",
    "author": "eute****",
    "review_id": "1581469",
    "movie_id": "10096"
  },
  {
    "review": "이런 영화 또 안나올런지,,,,아련한 기억의 수재작",
    "date": "07.04.02",
    "rating": "10",
    "author": "wake****",
    "review_id": "1568080",
    "movie_id": "10096"
  },
  {
    "review": "그럭저럭 즐기기엔 괜찮은 듯",
    "date": "07.03.29",
    "rating": "7",
    "author": "seun****",
    "review_id": "1561348",
    "movie_id": "10096"
  },
  {
    "review": "전편만큼 아니지만, 여전히 매력적인 속편",
    "date": "07.01.23",
    "rating": "8",
    "author": "gall****",
    "review_id": "1408928",
    "movie_id": "10096"
  },
  {
    "review": "전편의 장점을 그대로 살렸다. 신선함은 떨이지지만.",
    "date": "07.01.11",
    "rating": "7",
    "author": "teo0****",
    "review_id": "1375234",
    "movie_id": "10096"
  },
  {
    "review": "역시 속편일 뿐이야",
    "date": "07.01.07",
    "rating": "7",
    "author": "nala****",
    "review_id": "1364178",
    "movie_id": "10096"
  },
  {
    "review": "소포모어 징크스를 훌륭하게 극복.. 물론 1이 더 낫긴하지만 ㅋ",
    "date": "06.12.30",
    "rating": "9",
    "author": "wrat****",
    "review_id": "1343442",
    "movie_id": "10096"
  },
  {
    "review": "괜찮은 속편",
    "date": "06.11.13",
    "rating": "8",
    "author": "ysuh****",
    "review_id": "1230525",
    "movie_id": "10096"
  },
  {
    "review": "그래도 원이 더 좋음ㅎㅎ그 악마가 왜 난 맘에 안들지",
    "date": "06.10.04",
    "rating": "9",
    "author": "oioi****",
    "review_id": "1158931",
    "movie_id": "10096"
  },
  {
    "review": "진짜진짜재미있어 ㅋㅋㅋㅋㅋㅋㅋ",
    "date": "06.09.05",
    "rating": "9",
    "author": "kotm****",
    "review_id": "1104360",
    "movie_id": "10096"
  },
  {
    "review": "다시 만들자",
    "date": "06.08.19",
    "rating": "10",
    "author": "zeed****",
    "review_id": "1053783",
    "movie_id": "10096"
  },
  {
    "review": "속편 못지 않은 최고의 영화.",
    "date": "06.07.21",
    "rating": "10",
    "author": "unic****",
    "review_id": "911225",
    "movie_id": "10096"
  },
  {
    "review": "1편 못지 않은 재미를 선사하는 성공적인 속편.",
    "date": "06.03.10",
    "rating": "7",
    "author": "movi****",
    "review_id": "711317",
    "movie_id": "10096"
  },
  {
    "review": "누가 이거 좀 리메이크 안하냐고요.",
    "date": "06.03.07",
    "rating": "10",
    "author": "wfy0****",
    "review_id": "708288",
    "movie_id": "10096"
  },
  {
    "review": "만화가 영화화 된 영화",
    "date": "06.03.01",
    "rating": "6",
    "author": "shh7****",
    "review_id": "698742",
    "movie_id": "10096"
  },
  {
    "review": "기대했는데 그저그랬음",
    "date": "06.02.08",
    "rating": "7",
    "author": "cjon****",
    "review_id": "655094",
    "movie_id": "10096"
  },
  {
    "review": "그 시대 최고의 특수효과",
    "date": "06.01.09",
    "rating": "10",
    "author": "tkcl****",
    "review_id": "574588",
    "movie_id": "10096"
  },
  {
    "review": "만족스럽다 공포스럽기도 하고",
    "date": "05.12.25",
    "rating": "8",
    "author": "kws7****",
    "review_id": "527102",
    "movie_id": "10096"
  },
  {
    "review": "옛날에 너무좋아했던..",
    "date": "05.09.03",
    "rating": "10",
    "author": "hong****",
    "review_id": "392015",
    "movie_id": "10096"
  },
  {
    "review": "제정신들인가 이런 낮은 평점..그시대 이영화 즐긴 이들이라면..",
    "date": "05.08.28",
    "rating": "10",
    "author": "joyk****",
    "review_id": "387280",
    "movie_id": "10096"
  },
  {
    "review": "더 커졌지만 재미는 별로, 자유의여신상을 움직이는 장면은 황당",
    "date": "05.05.19",
    "rating": "5",
    "author": "si2p****",
    "review_id": "280955",
    "movie_id": "10096"
  },
  {
    "review": "오 역시 최고~!",
    "date": "05.02.01",
    "rating": "10",
    "author": "kpcc****",
    "review_id": "203008",
    "movie_id": "10096"
  },
  {
    "review": "전편보다 개성은 덜하지만 항상 봐도 재미있는 추석영화 같음",
    "date": "05.01.31",
    "rating": "7",
    "author": "kimj****",
    "review_id": "202420",
    "movie_id": "10096"
  },
  {
    "review": "난 재밌엇는데...ㅋ 여신상을 움직이는 장면 놀라웟음",
    "date": "04.11.09",
    "rating": "9",
    "author": "anji****",
    "review_id": "143154",
    "movie_id": "10096"
  },
  {
    "review": "속편의 한계를 드러낸 영화..",
    "date": "04.10.15",
    "rating": "7",
    "author": "jp47****",
    "review_id": "125961",
    "movie_id": "10096"
  },
  {
    "review": "별룬데 머~",
    "date": "04.07.28",
    "rating": "2",
    "author": "kjhg****",
    "review_id": "78550",
    "movie_id": "10096"
  },
  {
    "review": "재밌습니다.당시로써는 상당히 큰 인기를 얻었던것으로 기억하는데...",
    "date": "04.04.28",
    "rating": "9",
    "author": "hhsu****",
    "review_id": "39662",
    "movie_id": "10096"
  },
  {
    "review": "예고편보고 극장가서 봤는데 재미없습디다..90년도",
    "date": "04.02.29",
    "rating": "3",
    "author": "rg52****",
    "review_id": "25567",
    "movie_id": "10096"
  }
]