[
  {
    "review_id": "10267580",
    "movie_id": "100996",
    "author": "drin****",
    "review": "리얼개노잼이다 이기야!",
    "rating": "1",
    "date": "15.08.23"
  },
  {
    "review_id": "8132140",
    "movie_id": "100996",
    "author": "stat****",
    "review": "이게 퀴어물? 걍 로맨스 코미디같음.. 청불도 이해안가네",
    "rating": "10",
    "date": "13.11.11"
  },
  {
    "review_id": "8132133",
    "movie_id": "100996",
    "author": "alsw****",
    "review": "시크하면서도 달달한 신선한 퀴어영화.",
    "rating": "9",
    "date": "13.11.11"
  }
]