[
  {
    "review_id": "9920243",
    "movie_id": "100967",
    "author": "esan****",
    "review": "여기에10점준사람들은뭐지;;;;내용도뻔하지만 성형미인주리에연기력은 정말 발연기에갑..;;깜짝놀랐다 그런연기에 주연이라니...;;;;",
    "rating": "2",
    "date": "15.05.15"
  },
  {
    "review_id": "9918885",
    "movie_id": "100967",
    "author": "hunt****",
    "review": "여자배우 두명이 딱 내 스타일이라서 10점임~ -_-",
    "rating": "10",
    "date": "15.05.15"
  },
  {
    "review_id": "9917910",
    "movie_id": "100967",
    "author": "bass****",
    "review": "별점한개도아까움. 그리고 여자들 너무못생김ㅠ",
    "rating": "1",
    "date": "15.05.15"
  },
  {
    "review_id": "9806269",
    "movie_id": "100967",
    "author": "fina****",
    "review": "설마가 사람 잡는다. 10분에 예상한 그게 결말 맞다.",
    "rating": "1",
    "date": "15.03.25"
  },
  {
    "review_id": "7514101",
    "movie_id": "100967",
    "author": "drea****",
    "review": "포스터는 어떤영화야?!!여주인공 주리의 얼큰이와 광대뼈의 기습에 놀라고.성형쭈쭈의 결정판!출연자들의 연기력과 애드립에 또다시 놀라며.곧 영화가 아니란거에 놀랄것이다. 킬링필름 정도이다.이런것이 저급 영상물이다!를 보여주는 교과서이자 바이블이다",
    "rating": "1",
    "date": "13.05.07"
  },
  {
    "review_id": "7408141",
    "movie_id": "100967",
    "author": "fore****",
    "review": "너무 뻔한 스토리~ 끝까지 본건 혹시라는 마음 때문~~~ 그것도 4배속으로 돌려봤다~ 나름 배우들 분전했으나~ 저예산이라 배우풀이 없었나?",
    "rating": "2",
    "date": "13.03.24"
  },
  {
    "review_id": "7360179",
    "movie_id": "100967",
    "author": "hyhc****",
    "review": "주인공굳..",
    "rating": "9",
    "date": "13.03.18"
  },
  {
    "review_id": "7208016",
    "movie_id": "100967",
    "author": "bhr0****",
    "review": "너무 뻔해",
    "rating": "1",
    "date": "13.02.01"
  },
  {
    "review_id": "7100291",
    "movie_id": "100967",
    "author": "yang****",
    "review": "재미 더럽게 없다..2점부터 점수준거 매미OO",
    "rating": "1",
    "date": "13.01.10"
  },
  {
    "review_id": "7089754",
    "movie_id": "100967",
    "author": "stor****",
    "review": "일본의 핑크무비가 주목받고 있는 요즘, 우리나라에서도 새로운 장르를 구축할 수 있지 않을까... 어느 정도 기대감을 갖게 한 작품입니다. 두 주인공보다도 여자조연배우, 멋졌어요. 요즘 시대상을 반영하는 듯, 이도 저도 아닌 관계 속에 놓인..GOOD!",
    "rating": "10",
    "date": "13.01.07"
  },
  {
    "review_id": "7017632",
    "movie_id": "100967",
    "author": "aria****",
    "review": "먼저 평점이 반말로 쓰여있네..기분나빠서 평균점수를 낮춰주마..",
    "rating": "1",
    "date": "12.12.19"
  },
  {
    "review_id": "6998907",
    "movie_id": "100967",
    "author": "wk12****",
    "review": "에로계의 '클레멘타인'. 꼭 봐라. 두번 봐라. 세번 봐라 ㅋㅋㅋㅋ",
    "rating": "10",
    "date": "12.12.13"
  }
]