[
  {
    "review_id": "10007300",
    "movie_id": "100997",
    "author": "peac****",
    "review": "오랜만에 재밌는 영화를 보았다 또 봐도 재밌을 듯..사랑사랑사랑",
    "rating": "10",
    "date": "15.06.18"
  },
  {
    "review_id": "10001474",
    "movie_id": "100997",
    "author": "mhmy****",
    "review": "늙은 변태들의 로망...",
    "rating": "1",
    "date": "15.06.15"
  },
  {
    "review_id": "9996168",
    "movie_id": "100997",
    "author": "yshb****",
    "review": "이탈리아 영화가 이렇게 상큼할수가 있는지..남주 여주 둘다 너무 잘생기고 이쁘네요.",
    "rating": "5",
    "date": "15.06.13"
  },
  {
    "review_id": "9891835",
    "movie_id": "100997",
    "author": "2005****",
    "review": "80년대 영화같은 고루한 느낌의 식상한 내용이네요. 너무 심하게 뻔한 스토리라 보면서 한숨이 나오더군요. 세련되지 못한 촌스러운 삼류 느낌의 멜로영화였습니다. 비추.",
    "rating": "6",
    "date": "15.05.04"
  },
  {
    "review_id": "9844745",
    "movie_id": "100997",
    "author": "wnfl****",
    "review": "땡큐, 알러뷰ㅎㅎㅎㅎ",
    "rating": "10",
    "date": "15.04.13"
  },
  {
    "review_id": "9805560",
    "movie_id": "100997",
    "author": "stan****",
    "review": "일단 10점 준 것들은 다 무시하고 보면 됨. 보면서 진심 90년대 영환줄 알앗고 보고나서 13년 작인 걸 알고 깜놀",
    "rating": "2",
    "date": "15.03.25"
  },
  {
    "review_id": "9588932",
    "movie_id": "100997",
    "author": "herr****",
    "review": "한국에서 느낄 수 없는 로맨틱함을 느끼게해주고 주연들 조연들의 연기가 영화를 더 몰입하게해 주었다!! 추천영화",
    "rating": "10",
    "date": "15.01.13"
  },
  {
    "review_id": "9588931",
    "movie_id": "100997",
    "author": "hard****",
    "review": "원래 평점 안남기는데 진짜 너무 재밌음!!!!되게 현실적이고 몇번봐도 또 볼만한 명작입니다!!!!꼭보셈!두번보셈!!!!",
    "rating": "10",
    "date": "15.01.13"
  },
  {
    "review_id": "8616829",
    "movie_id": "100997",
    "author": "khn7****",
    "review": "로맨틱한 영화 가슴 설레네요",
    "rating": "10",
    "date": "14.03.30"
  },
  {
    "review_id": "8466220",
    "movie_id": "100997",
    "author": "sviz****",
    "review": "tre metri sopra il cielo 가 대표적인 소설가 페데리코 이태리작품입니다이태리 청소년 사이에서 정말 유명한 소설가 입니다. 라울보바의 달달한 연기와 더불어 정말 미소 지으며 봤습니다.이태리가 그립네요",
    "rating": "10",
    "date": "14.02.02"
  },
  {
    "review_id": "8079475",
    "movie_id": "100997",
    "author": "warf****",
    "review": "나쁘지 않아. 10점은 과하지만 평점 테러가 있어서 ㅎ",
    "rating": "10",
    "date": "13.10.22"
  },
  {
    "review_id": "8009186",
    "movie_id": "100997",
    "author": "vldv****",
    "review": "그냥 재미는 그럭저럭 근데 남자주인공 얼굴이..ㄷㄷㄷ 존잘!",
    "rating": "7",
    "date": "13.09.22"
  },
  {
    "review_id": "7500931",
    "movie_id": "100997",
    "author": "924_****",
    "review": "로맨틱 코미디 줄거리가 거기서 거기지 뭐 특별한걸 찾나? 평점보고 기대안했는데 조금 유치하긴 하지만 정말재밌게 봤어요. 달달하고 배우들도 멋있고 스토리도 좋아요~",
    "rating": "10",
    "date": "13.05.02"
  },
  {
    "review_id": "7328690",
    "movie_id": "100997",
    "author": "gnlg****",
    "review": "사랑에 대한 진부한 이야기들 ,왜넣었는지 모를 명언 몇마디들  뻔하디뻔한 스토리 하지만 남,녀 주인공들의 연기가 간신히 살린영화",
    "rating": "6",
    "date": "13.03.07"
  },
  {
    "review_id": "7328210",
    "movie_id": "100997",
    "author": "phot****",
    "review": "약간 유치하지만 즐거운 영화~",
    "rating": "8",
    "date": "13.03.06"
  },
  {
    "review_id": "7311032",
    "movie_id": "100997",
    "author": "hans****",
    "review": "둘의 사랑이 보기 좋은 영화 같습니다ㅎ",
    "rating": "10",
    "date": "13.02.28"
  },
  {
    "review_id": "7306537",
    "movie_id": "100997",
    "author": "dytl****",
    "review": "사랑에대한 이딸리아노 들의 생각을 엿볼수있음...나이차를 극복한 사랑을 해본사람들에겐 공감만땅인 영화...플라토닉러브의 현대적 맛보기...강추합니다",
    "rating": "8",
    "date": "13.02.27"
  },
  {
    "review_id": "7263507",
    "movie_id": "100997",
    "author": "skyp****",
    "review": "뭐 ? 10점 평점내리고 시작하자",
    "rating": "1",
    "date": "13.02.14"
  },
  {
    "review_id": "7263258",
    "movie_id": "100997",
    "author": "isaa****",
    "review": "재밌네요.. 중년 남성의 로망..ㅋㅋ",
    "rating": "10",
    "date": "13.02.14"
  }
]