[
  {
    "review_id": "9412469",
    "movie_id": "100947",
    "author": "dkdk****",
    "review": "이영화 공감못하는분들은 연애를 안해보신분들이 분명함... 영화라서 과장된면도 있지만 담는의미가 충분한데 ㅋㅋㅋ",
    "rating": "8",
    "date": "14.11.22"
  },
  {
    "review_id": "9231209",
    "movie_id": "100947",
    "author": "skax****",
    "review": "도가 지나치게 재미없다",
    "rating": "1",
    "date": "14.09.21"
  },
  {
    "review_id": "9206076",
    "movie_id": "100947",
    "author": "shak****",
    "review": "스마트폰으로 내가 만들어도 이것보단 잘만들겠다 ㅡㅡ;;ㅋ",
    "rating": "1",
    "date": "14.09.12"
  },
  {
    "review_id": "9085914",
    "movie_id": "100947",
    "author": "parb****",
    "review": "재미있는 로맨스 코메디",
    "rating": "9",
    "date": "14.08.14"
  },
  {
    "review_id": "8929639",
    "movie_id": "100947",
    "author": "tope****",
    "review": "제점수는요 1점입니다",
    "rating": "1",
    "date": "14.07.19"
  },
  {
    "review_id": "8796805",
    "movie_id": "100947",
    "author": "han3****",
    "review": "달달하진 않지만 나름 반전이 있어서 7점주려다 8점으로 ㅋㅋㅋ연애를 하다보면 전 연인이 생각나는 것들이 있기 마련인데 그 부분이 좀  공감되는 듯. 첫번째 찌질남 웃기네 ㅋㅋ 모텔비 ㅋㅋ",
    "rating": "8",
    "date": "14.06.04"
  },
  {
    "review_id": "8469363",
    "movie_id": "100947",
    "author": "inde****",
    "review": "평점 조절용 이정도면 6.5점정도가 적당함  돈주고 보기에는 아깝지만 꽁자로 인터넷에서 다운받기보면서 시간쓰기는 안아깝다. 좀 웃겻다 여자도 사랑스럽게 이쁘게 나왔다 ^^  세상에 저렇게 이해심많고 착하면서 이쁜여가가 있을까? 저런여성 꿈꿔본다 ^^",
    "rating": "10",
    "date": "14.02.03"
  },
  {
    "review_id": "8467570",
    "movie_id": "100947",
    "author": "ssse****",
    "review": "기대않하시고 편하게 보시면 잼있습니다~!",
    "rating": "7",
    "date": "14.02.02"
  },
  {
    "review_id": "8439827",
    "movie_id": "100947",
    "author": "cjw9****",
    "review": "주연이 정말로 제맘에 듭니다.",
    "rating": "8",
    "date": "14.01.28"
  },
  {
    "review_id": "8436830",
    "movie_id": "100947",
    "author": "kimm****",
    "review": "이게뭐고 영화가 보다가짜증나사못보겠더라",
    "rating": "1",
    "date": "14.01.27"
  },
  {
    "review_id": "8218174",
    "movie_id": "100947",
    "author": "ske4****",
    "review": "영채가 나와도 tv 전기세는 아깝더라...",
    "rating": "1",
    "date": "13.12.16"
  },
  {
    "review_id": "8100302",
    "movie_id": "100947",
    "author": "pcj4****",
    "review": "서지석짱임 멋있어!!",
    "rating": "10",
    "date": "13.10.30"
  },
  {
    "review_id": "8074173",
    "movie_id": "100947",
    "author": "ggom****",
    "review": "몰입해서 봤네요.. 완전 재미있어요~~~",
    "rating": "10",
    "date": "13.10.20"
  },
  {
    "review_id": "8047204",
    "movie_id": "100947",
    "author": "rhrh****",
    "review": "주말에 편안하게 보며 즐길 수 있는 영화 ~ ^0^",
    "rating": "10",
    "date": "13.10.09"
  },
  {
    "review_id": "7947115",
    "movie_id": "100947",
    "author": "ksae****",
    "review": "그냥좋아",
    "rating": "10",
    "date": "13.09.04"
  },
  {
    "review_id": "7696316",
    "movie_id": "100947",
    "author": "sina****",
    "review": "애엄마인 다혜지만 너무 이뻤다 고로 10점 줌....왜 예전엔 몰랐지",
    "rating": "10",
    "date": "13.07.01"
  },
  {
    "review_id": "7628982",
    "movie_id": "100947",
    "author": "sean****",
    "review": "새로울것 없는 스토리 엉키기. 모르는 배우인데 정다혜 예쁨.",
    "rating": "5",
    "date": "13.06.12"
  },
  {
    "review_id": "7600700",
    "movie_id": "100947",
    "author": "ugif****",
    "review": "\"우리는  x이성친구에게서 사랑을 배운다\" 기대가 워낙 없어서였나, 나름 즐겼습니다. 기존에 이미알고 있었음에도 잊고 있던걸 콕 찝어줬을 때의 유쾌함이랄까. 새삼 영화에 있어 필름의 중요성을 절감했네요. 시작하자마자 화질이 무슨 다큐인가 하고 당황;",
    "rating": "6",
    "date": "13.06.07"
  },
  {
    "review_id": "7576120",
    "movie_id": "100947",
    "author": "todo****",
    "review": "뭘 이야기하자는 건지? 잘 모르겠다.",
    "rating": "4",
    "date": "13.06.03"
  },
  {
    "review_id": "7564909",
    "movie_id": "100947",
    "author": "mayj****",
    "review": "망가짐의 미학 생각외로 내용이 어려웠던 영화",
    "rating": "9",
    "date": "13.05.31"
  },
  {
    "review_id": "7559242",
    "movie_id": "100947",
    "author": "yan8****",
    "review": "그냥뭐 그럭저럭 재밌게봤다 그냥 10점줄께",
    "rating": "10",
    "date": "13.05.28"
  },
  {
    "review_id": "7540865",
    "movie_id": "100947",
    "author": "joji****",
    "review": "돈주고보기엔 정말 아까운영화지만 내용면에있어서는 일본영화 냄새가나는 여운이남는영화",
    "rating": "8",
    "date": "13.05.19"
  },
  {
    "review_id": "7540785",
    "movie_id": "100947",
    "author": "love****",
    "review": "재밌어요 ㅋㅋ 정다혜씨도 오랜만에 보고 ㅎㅎ 찌질함의 극을 보여주는 연기도 참 재밌었어요",
    "rating": "10",
    "date": "13.05.19"
  },
  {
    "review_id": "7534765",
    "movie_id": "100947",
    "author": "sinb****",
    "review": "사정이 너무 평범하고 흔하네..",
    "rating": "4",
    "date": "13.05.17"
  },
  {
    "review_id": "7530636",
    "movie_id": "100947",
    "author": "dlwo****",
    "review": "잘 모르겠다.",
    "rating": "5",
    "date": "13.05.16"
  },
  {
    "review_id": "7508089",
    "movie_id": "100947",
    "author": "kmkn****",
    "review": "이게뭐지 도데체가",
    "rating": "1",
    "date": "13.05.05"
  },
  {
    "review_id": "7506309",
    "movie_id": "100947",
    "author": "yhj8****",
    "review": "꽤 웃으면서 봤어요ㅋㅋㅋㅋㅋ재밌다",
    "rating": "9",
    "date": "13.05.04"
  },
  {
    "review_id": "7481247",
    "movie_id": "100947",
    "author": "mirj****",
    "review": "푸하하하 줘도 못먹나?ㅋㅋㅋㅋ 이긍...",
    "rating": "6",
    "date": "13.04.25"
  },
  {
    "review_id": "7466150",
    "movie_id": "100947",
    "author": "hard****",
    "review": "사람으로  경험으로 학습하는 우리들 이야기. 그렇지만 정말이지 인정하고 싶지 않네요 ㅋㅋ. 멋지게 살려고 더 노력해야 겠습니다.",
    "rating": "7",
    "date": "13.04.18"
  },
  {
    "review_id": "7464315",
    "movie_id": "100947",
    "author": "skwn****",
    "review": "짱재밌음ㅋㅋㅋㅋㅋㅋㅋㅋㅋ",
    "rating": "10",
    "date": "13.04.17"
  },
  {
    "review_id": "7457331",
    "movie_id": "100947",
    "author": "phil****",
    "review": "얽힌 인생사! 그것이 우리의 속사정이지ㅎㅎㅎ",
    "rating": "10",
    "date": "13.04.13"
  },
  {
    "review_id": "7457256",
    "movie_id": "100947",
    "author": "ppss****",
    "review": "영화 보고 평 남기기 처음인데, 평점이 너무 낮아서 남긴다 ㅋ 볼만하고 꽤 괜찮았음 그리고 연기자들 모두 연기 잘한다(진짜!! 모두다 10점 만점에 10점) 어쨌든 난 정말 잘봤음!!! 진심이니까 감독님 그리고 주연, 조연님들 모두 모두 힘내세요~!",
    "rating": "10",
    "date": "13.04.13"
  },
  {
    "review_id": "7441870",
    "movie_id": "100947",
    "author": "djjj****",
    "review": "시간낭비. 지루함. 도대체 뭘 본건지 모르겠음.짱나.재미없음.오죽하면 로그인했을까......아......짱나.아.ㅉㄴㅉㄴㅉㄴㅉㄴㅉㄴㅉㄴㅉㄴㅉㄴㅉㄴㅉㄴㅉㄴ",
    "rating": "1",
    "date": "13.04.07"
  },
  {
    "review_id": "7440465",
    "movie_id": "100947",
    "author": "inis****",
    "review": "쓰레기라는 말 써주려고 로그인까지했다. 정말 멘탈이 썪어가는 기분이다빵점주고 싶은데 빵점을 못주게되있어서 1점준다",
    "rating": "1",
    "date": "13.04.07"
  },
  {
    "review_id": "7439486",
    "movie_id": "100947",
    "author": "tjdw****",
    "review": "이 영화가 주는 교훈은 뭘까.. 저토록 찌질한 남자를 놓지 않는 여자 또한 정상은 아닌 것 같다.",
    "rating": "1",
    "date": "13.04.06"
  },
  {
    "review_id": "7438817",
    "movie_id": "100947",
    "author": "pcsg****",
    "review": "나 오늘 여기서 자고 가도 돼?....상상하지마!!",
    "rating": "4",
    "date": "13.04.06"
  },
  {
    "review_id": "7438362",
    "movie_id": "100947",
    "author": "audr****",
    "review": "재미읎네 ㅋㅋ",
    "rating": "3",
    "date": "13.04.06"
  },
  {
    "review_id": "7426617",
    "movie_id": "100947",
    "author": "ynco****",
    "review": "와...저런 찌질한 남자에게도 여자가 관심을 갖는다는거에 희망을 갖는다 쩝",
    "rating": "3",
    "date": "13.03.31"
  },
  {
    "review_id": "7424653",
    "movie_id": "100947",
    "author": "igua****",
    "review": "서지석땜시 10점줌",
    "rating": "10",
    "date": "13.03.31"
  },
  {
    "review_id": "7424336",
    "movie_id": "100947",
    "author": "raze****",
    "review": "욕때문에 더러워서 꺼버린 영화",
    "rating": "2",
    "date": "13.03.30"
  },
  {
    "review_id": "7421710",
    "movie_id": "100947",
    "author": "ahah****",
    "review": "별주기도 아까운 영화......................솔직하다 못해 저질 스러운 영화",
    "rating": "1",
    "date": "13.03.30"
  },
  {
    "review_id": "7418997",
    "movie_id": "100947",
    "author": "2_sa****",
    "review": "소소했던 리얼 연애담",
    "rating": "8",
    "date": "13.03.29"
  },
  {
    "review_id": "7416124",
    "movie_id": "100947",
    "author": "adiv****",
    "review": "영화라 하기에는 좀 그러네요..",
    "rating": "4",
    "date": "13.03.28"
  },
  {
    "review_id": "7415105",
    "movie_id": "100947",
    "author": "dlgo****",
    "review": "별로 공감되지 않았다 너무 엮어놨어",
    "rating": "5",
    "date": "13.03.27"
  },
  {
    "review_id": "7413340",
    "movie_id": "100947",
    "author": "mamo****",
    "review": "재미있게 잘 봤습니다. 전개도 좋았고 코믹스럽고 반전도 있고. 코믹 멜로 보는거 같아서 잘 웃었네요. 이런 스타일의 영화도 좀 있어야죠. 여자 주인공 이쁘네요. ㅋㅋ.",
    "rating": "9",
    "date": "13.03.26"
  },
  {
    "review_id": "7399374",
    "movie_id": "100947",
    "author": "jjan****",
    "review": "TV 드라마 보는 것이 나을듯~~~ 그냥 독립영화....",
    "rating": "4",
    "date": "13.03.23"
  },
  {
    "review_id": "7392553",
    "movie_id": "100947",
    "author": "dddo****",
    "review": "헐 결말이 진짜 납득이 안가네.. 서지석이랑 이어지는지 알았더니.. 방향 잘못 잡아서 영화 망쳤네",
    "rating": "6",
    "date": "13.03.22"
  },
  {
    "review_id": "7386832",
    "movie_id": "100947",
    "author": "liec****",
    "review": "완전 재미없음",
    "rating": "1",
    "date": "13.03.21"
  },
  {
    "review_id": "7379934",
    "movie_id": "100947",
    "author": "guev****",
    "review": "유쾌한 스토리가 흥미롭게 전개되는군",
    "rating": "7",
    "date": "13.03.20"
  },
  {
    "review_id": "7359336",
    "movie_id": "100947",
    "author": "pria****",
    "review": "드라마스페셜 보듯..",
    "rating": "3",
    "date": "13.03.18"
  },
  {
    "review_id": "7358478",
    "movie_id": "100947",
    "author": "a109****",
    "review": "결국 어설프게 홍상수감독 따라하기 하다가 어설프게 만든거 밖에 안됨.",
    "rating": "5",
    "date": "13.03.17"
  },
  {
    "review_id": "7341768",
    "movie_id": "100947",
    "author": "jkl9****",
    "review": "줄거리와 내용이다르다...어지럽고 연기도 화면도 시트콤찍냐?",
    "rating": "1",
    "date": "13.03.11"
  },
  {
    "review_id": "7336555",
    "movie_id": "100947",
    "author": "soco****",
    "review": "시나리오는 정말 좋았는데... 예산이 부족했던걸까요? 배우들의 연기력(연제욱씨 제외)과 연출이 많이 아쉽네요. 좋은 작품 날린거 같아 너무 아쉽습니다.",
    "rating": "5",
    "date": "13.03.10"
  },
  {
    "review_id": "7331758",
    "movie_id": "100947",
    "author": "taij****",
    "review": "쫌 재밌는듯ㅋ 두번보니까 더 웃기네요ㅋㅋㅋ",
    "rating": "10",
    "date": "13.03.08"
  },
  {
    "review_id": "7328921",
    "movie_id": "100947",
    "author": "chan****",
    "review": "이도 저도 아닌 어중간한걸 본 느낌 ...",
    "rating": "3",
    "date": "13.03.07"
  },
  {
    "review_id": "7328845",
    "movie_id": "100947",
    "author": "kmhh****",
    "review": "진짜 연기못하는것들 모아다가 뭘 찍는지...",
    "rating": "1",
    "date": "13.03.07"
  },
  {
    "review_id": "7328168",
    "movie_id": "100947",
    "author": "dbzh****",
    "review": "한심스럽다",
    "rating": "1",
    "date": "13.03.06"
  },
  {
    "review_id": "7327091",
    "movie_id": "100947",
    "author": "farf****",
    "review": "오글거리는 부분하고 말도 안되는 부분들 빼면 재밌는 장면도 있고 괜찮게 봤지만,, 케이블 막장 코미디 시트콤을 영화화 한듯..",
    "rating": "6",
    "date": "13.03.06"
  },
  {
    "review_id": "7325800",
    "movie_id": "100947",
    "author": "qube****",
    "review": "이정도면 섹스코미디의 걸작이 아닐까. 여주인공이 대주는 장면이 자세히 묘사되었다면 금상첨화였을텐데",
    "rating": "10",
    "date": "13.03.05"
  },
  {
    "review_id": "7324797",
    "movie_id": "100947",
    "author": "rkqk****",
    "review": "동닷에나와서봤는데 글쎄..",
    "rating": "2",
    "date": "13.03.04"
  },
  {
    "review_id": "7324526",
    "movie_id": "100947",
    "author": "asd0****",
    "review": "이건 대체 뭐냐.. 내가 뭘본거냐",
    "rating": "1",
    "date": "13.03.04"
  },
  {
    "review_id": "7322474",
    "movie_id": "100947",
    "author": "7jag****",
    "review": "재미도 없고 감동도 없고 의미도 없고",
    "rating": "4",
    "date": "13.03.03"
  },
  {
    "review_id": "7321851",
    "movie_id": "100947",
    "author": "madr****",
    "review": "사랑하면 닮아 간다더니,  전 애인에게 길들여진 모습들이 지금 애인과의 만남에서 표출되는게 인상적인 영화...",
    "rating": "8",
    "date": "13.03.03"
  },
  {
    "review_id": "7321737",
    "movie_id": "100947",
    "author": "kis5****",
    "review": "공짜포인트로 다운받아 잘봤다. tv단막극만도못한 요런걸 영화랍시구 내놓으면 누가 돈주고보니? 실없는 말장난이나 대사랍시고 너저분 산만 퀄리티가 넘떨어지네..",
    "rating": "2",
    "date": "13.03.03"
  },
  {
    "review_id": "7320437",
    "movie_id": "100947",
    "author": "nba1****",
    "review": "도대체 뭘 어쩌자는 거지?",
    "rating": "3",
    "date": "13.03.03"
  },
  {
    "review_id": "7320423",
    "movie_id": "100947",
    "author": "sky0****",
    "review": "요즘애들 이러고노냐?;; 참.. 코드 안맞는 연애다.. 짚신도 짝이있다 현대판...",
    "rating": "7",
    "date": "13.03.03"
  },
  {
    "review_id": "7320328",
    "movie_id": "100947",
    "author": "appl****",
    "review": "이렇게 재미없는거 처음봄....자연다큐가 더 재밌겠다",
    "rating": "1",
    "date": "13.03.03"
  },
  {
    "review_id": "7318023",
    "movie_id": "100947",
    "author": "narg****",
    "review": "약간 지루하긴한데 그래도 청춘?20대의 연애에대해 꽤 생각하게끔 하는 괜찮은 영화",
    "rating": "8",
    "date": "13.03.02"
  },
  {
    "review_id": "7317568",
    "movie_id": "100947",
    "author": "kmj0****",
    "review": "형 믿고 보세요",
    "rating": "8",
    "date": "13.03.02"
  },
  {
    "review_id": "7316826",
    "movie_id": "100947",
    "author": "mone****",
    "review": "생각보다 재밌고 신선해요.....연제욱 골때림 ㅋㅋ",
    "rating": "8",
    "date": "13.03.02"
  },
  {
    "review_id": "7315660",
    "movie_id": "100947",
    "author": "cywo****",
    "review": "별로 재미없음",
    "rating": "4",
    "date": "13.03.01"
  },
  {
    "review_id": "7315206",
    "movie_id": "100947",
    "author": "powe****",
    "review": "ㅎㅎㅎ 재밌네용",
    "rating": "7",
    "date": "13.03.01"
  },
  {
    "review_id": "7314468",
    "movie_id": "100947",
    "author": "cryi****",
    "review": "전개 방식이 독특해서 2점. 그걸 빼고나면 습작수준. 더불어, 의도가 뭐였건 여성의 순결에 집착하는 모습은 풍자를 넘어 참고보기 힘들정도다",
    "rating": "2",
    "date": "13.03.01"
  },
  {
    "review_id": "7313239",
    "movie_id": "100947",
    "author": "kiju****",
    "review": "지석아~우리의 인연생각해서 9점~~  근데 영화 대박이다 참...못만들었다는 ㅠㅠ",
    "rating": "9",
    "date": "13.03.01"
  },
  {
    "review_id": "7313130",
    "movie_id": "100947",
    "author": "pine****",
    "review": "다봤는데 속사정은 언제알려주나요",
    "rating": "1",
    "date": "13.03.01"
  },
  {
    "review_id": "7312959",
    "movie_id": "100947",
    "author": "ellu****",
    "review": "제목부터가 참",
    "rating": "1",
    "date": "13.03.01"
  },
  {
    "review_id": "7312889",
    "movie_id": "100947",
    "author": "taoi****",
    "review": "에휴...뭔 넘의 군더더기가 이렇게 많냐 ㅉㅉ",
    "rating": "3",
    "date": "13.03.01"
  },
  {
    "review_id": "7312851",
    "movie_id": "100947",
    "author": "enna****",
    "review": "제목바라 ㅋ ㅋ 일본애니 제목 교묘하게 바꿨네겨우 저정도 제목을 표절하나 이 쓰렉기 제작자야",
    "rating": "1",
    "date": "13.03.01"
  },
  {
    "review_id": "7312761",
    "movie_id": "100947",
    "author": "grea****",
    "review": "한국 영화계가 어느 정도로 타락했는지 참으로 잘 보여주는 영화이다. 세 명의 남성중 누가 이 여자와 관계를 갖는가? 이것은 세상을 타락시키고 사람들의 무의식속에 음란을 즐기도록 인식을심는 영화이지 인간의 고귀함이나 순결의 가치등은 조금도 찾아볼수없다",
    "rating": "1",
    "date": "13.03.01"
  },
  {
    "review_id": "7312691",
    "movie_id": "100947",
    "author": "evan****",
    "review": "솔까 돈주고 보기엔 아깝다.     집중해서 보지 않으면 내용이 너무 산만하게 설정되어 있는 느낌이 있고,,      유독 한명이 너무 찌질해서 내용이 너무 질려버리는 경향이 있음..  장점이라면 그남자덕에 나의 어린시절을 되돌아 보게 되었다는 정",
    "rating": "3",
    "date": "13.03.01"
  },
  {
    "review_id": "7312503",
    "movie_id": "100947",
    "author": "vkse****",
    "review": "돈이안아까운 영화는첨이다 진짜 최고의 스릴러에요 대작 타이타닉2와 견줄만한스토리네요 꼭 카드결제로 보시길",
    "rating": "10",
    "date": "13.03.01"
  },
  {
    "review_id": "7312434",
    "movie_id": "100947",
    "author": "djni****",
    "review": "일단 화질부터 개 망 에로비디오 수준의 화면질구성",
    "rating": "1",
    "date": "13.03.01"
  },
  {
    "review_id": "7312341",
    "movie_id": "100947",
    "author": "47du****",
    "review": "제목 표절 안하고 만들순 없나?",
    "rating": "1",
    "date": "13.03.01"
  },
  {
    "review_id": "7311099",
    "movie_id": "100947",
    "author": "liz4****",
    "review": "zzz",
    "rating": "10",
    "date": "13.02.28"
  },
  {
    "review_id": "7290729",
    "movie_id": "100947",
    "author": "yune****",
    "review": "강추강추!!!! 재밌어요~~!!! 충분히 일어날수 있는일!!",
    "rating": "10",
    "date": "13.02.22"
  },
  {
    "review_id": "7241725",
    "movie_id": "100947",
    "author": "thet****",
    "review": "남자친구랑봤는데 재밌음!",
    "rating": "10",
    "date": "13.02.09"
  },
  {
    "review_id": "7239942",
    "movie_id": "100947",
    "author": "atal****",
    "review": "완전 재밌다 ㅋㅋ 강추 130208주엽",
    "rating": "10",
    "date": "13.02.08"
  },
  {
    "review_id": "7234412",
    "movie_id": "100947",
    "author": "ddan****",
    "review": "생각보다 재미있어요~ 강철중에서 나왔던 연제욱님 너무 멋있어여~~!!!!",
    "rating": "10",
    "date": "13.02.07"
  },
  {
    "review_id": "7234079",
    "movie_id": "100947",
    "author": "suli****",
    "review": "개인적으로 서지석씨 팬이라 기대하고 봤는데 여자분 도저히 누구인지도 모르겠고 보면 볼수록 많이 헷갈려서요 다른사람한테서는 몰라도 저는 그다지 이 영화랑 취향이 틀린 것같아서 좀 지루했어요",
    "rating": "4",
    "date": "13.02.07"
  },
  {
    "review_id": "7230148",
    "movie_id": "100947",
    "author": "baks****",
    "review": "차라리 애니 그 남자ㅡ그 여자의 사정을 한번 더 보고 만다...이토록 창의력없는 제목에 걸맞지 않는,제법 매력 통통튀는 여배우.그러나 나는,네모토 하루미같은 거유 타입을 좋아하므로,별 관심 없음.수정이는,정답입니다~의 수정이나,여배우 임수정이 제일이지",
    "rating": "3",
    "date": "13.02.06"
  },
  {
    "review_id": "7226843",
    "movie_id": "100947",
    "author": "pain****",
    "review": "보는 동안에는 약간 아쉬움이 있었는데 결말을 보고 나니까 연출이 굉장히 신선하고 재밌네요! 인상에 남는 몇몇장면들이 자꾸 떠오릅니다. 상영관이 많지 않아 어렵게 봤는데 매우 만족했습니다. 다시봐도 좋을영화네요!",
    "rating": "10",
    "date": "13.02.05"
  },
  {
    "review_id": "7224627",
    "movie_id": "100947",
    "author": "hyes****",
    "review": "기대한 것보다 재밌네요. 신인 배우들 연기도 풋풋하고 좋아요 ~^^ 다음영화도 기대할게요 힘내세요!",
    "rating": "10",
    "date": "13.02.04"
  },
  {
    "review_id": "7215916",
    "movie_id": "100947",
    "author": "shin****",
    "review": "최악 보다가중간에나옴",
    "rating": "1",
    "date": "13.02.02"
  },
  {
    "review_id": "7214631",
    "movie_id": "100947",
    "author": "yang****",
    "review": "재미 더럽게없네 2점부터 점수준거 매미OO",
    "rating": "1",
    "date": "13.02.02"
  },
  {
    "review_id": "7212404",
    "movie_id": "100947",
    "author": "baby****",
    "review": "보고싶은데 대체 어디가서 봐야되나요ㅡ ㅡ 우리동네는 죄다 안하던데",
    "rating": "9",
    "date": "13.02.02"
  },
  {
    "review_id": "7212024",
    "movie_id": "100947",
    "author": "sing****",
    "review": "생각보단 재미있었네. .시간가는줄 모르고봤다는..",
    "rating": "9",
    "date": "13.02.02"
  },
  {
    "review_id": "7205556",
    "movie_id": "100947",
    "author": "yuin****",
    "review": "재미있고 좋아요!  정말  여자 남자 속사정 살고싶네요 ㅋㅋㅋ",
    "rating": "9",
    "date": "13.01.31"
  },
  {
    "review_id": "7205509",
    "movie_id": "100947",
    "author": "comf****",
    "review": "볼만해요",
    "rating": "10",
    "date": "13.01.31"
  },
  {
    "review_id": "7205409",
    "movie_id": "100947",
    "author": "kimk****",
    "review": "내용이 신선하고기대이상으로  재밌게 봤어요",
    "rating": "8",
    "date": "13.01.31"
  },
  {
    "review_id": "7205322",
    "movie_id": "100947",
    "author": "sony****",
    "review": "너무 잼 있어요..^^",
    "rating": "10",
    "date": "13.01.31"
  }
]