[
  {
    "review_id": "10001101",
    "movie_id": "100950",
    "author": "medi****",
    "review": "머가 재미 있다는건지 혐오스러운 음식 케릭터기승전결없는 스토리 시간이 아깝다 진짜 일베충 평점보고 속았다",
    "rating": "1",
    "date": "15.06.14"
  },
  {
    "review_id": "9886783",
    "movie_id": "100950",
    "author": "mops****",
    "review": "풍부한 상상력이 멋집니다.",
    "rating": "10",
    "date": "15.05.02"
  },
  {
    "review_id": "9796190",
    "movie_id": "100950",
    "author": "kpop****",
    "review": "live corp 의 헬기 디자인이 인상적, 마시멜로 졸귀",
    "rating": "10",
    "date": "15.03.21"
  },
  {
    "review_id": "9757818",
    "movie_id": "100950",
    "author": "wlrn****",
    "review": "스토리는 둘째치고 캐릭터 성향이 너무 변했다. 락우드나 아빠나 경찰관이나.. 1편에 비해 너무 이질적이었다. 근데 그래픽은 진짜..",
    "rating": "7",
    "date": "15.03.05"
  },
  {
    "review_id": "9651496",
    "movie_id": "100950",
    "author": "mtsy****",
    "review": "주인공 같지 않은 주인공과 매력없는 조연들 그리고 혐오스러운 악당들",
    "rating": "4",
    "date": "15.01.30"
  },
  {
    "review_id": "9622390",
    "movie_id": "100950",
    "author": "jes1****",
    "review": "최고최고최고 안보면 후회",
    "rating": "10",
    "date": "15.01.22"
  },
  {
    "review_id": "9464201",
    "movie_id": "100950",
    "author": "whia****",
    "review": "수많은 주,조연과 음식캐릭터중 매력적인 캐릭터가 하나도 없는게 흠. 음식이 동물화가 된것도 설득력이 없어서 그닥",
    "rating": "5",
    "date": "14.12.10"
  },
  {
    "review_id": "9450219",
    "movie_id": "100950",
    "author": "ghdt****",
    "review": "어 대박최고짱이에요ㅜㅜ",
    "rating": "10",
    "date": "14.12.05"
  },
  {
    "review_id": "9432110",
    "movie_id": "100950",
    "author": "yysu****",
    "review": "진짜로 재밌음 나오늘봤는대 ㅋㅋㅋ 나진짜순수한가봐너무재밌는대",
    "rating": "10",
    "date": "14.11.29"
  },
  {
    "review_id": "9424351",
    "movie_id": "100950",
    "author": "yeo0****",
    "review": "솔직히... 쓰레기...",
    "rating": "1",
    "date": "14.11.26"
  },
  {
    "review_id": "9418268",
    "movie_id": "100950",
    "author": "khj9****",
    "review": "동심으로 돌아간 것 같아 좋았다..ㅠㅠ 나도 저 섬에서 살고 싶다ㅠㅠ",
    "rating": "10",
    "date": "14.11.24"
  },
  {
    "review_id": "9418231",
    "movie_id": "100950",
    "author": "wlsz****",
    "review": "넘 사랑스러운 영화다 ㅠㅠ 1보고 2 연이어 봤다~!! 넘 귀여워 ㅠㅠ♥♥",
    "rating": "10",
    "date": "14.11.24"
  },
  {
    "review_id": "9358955",
    "movie_id": "100950",
    "author": "jong****",
    "review": "캐릭터의 귀여움만큼만 만들었으면 10점 만점에 20점이었을테다. 전작같은 터프한 전개는 어디가고 외압을 받은 것 마냥 주저하는 점이 아쉽다.",
    "rating": "7",
    "date": "14.11.09"
  },
  {
    "review_id": "9317708",
    "movie_id": "100950",
    "author": "must****",
    "review": "ㅋㅋ내용이 애니메이션인거 감안해도 헬억지인데 그래픽때문에 6점을 못주겠네...ㅠㅠ근데 이거 피만 안튀었지 진짜 잔인하네요",
    "rating": "7",
    "date": "14.10.26"
  },
  {
    "review_id": "9239336",
    "movie_id": "100950",
    "author": "mi86****",
    "review": "귀엽고 놀라운 발상의 캐릭터와 더 흥미진진한 이야기 전작을 훨씬 뛰어넘은 영화",
    "rating": "8",
    "date": "14.09.25"
  },
  {
    "review_id": "9185479",
    "movie_id": "100950",
    "author": "rndj****",
    "review": "1편도 좋고 2편도 좋아요!!",
    "rating": "10",
    "date": "14.09.08"
  },
  {
    "review_id": "9166156",
    "movie_id": "100950",
    "author": "wfy0****",
    "review": "안 좋은 속편의 전형적인 예. 스케일은 더 커지고 볼거리도 많아졌으나 산만하고 집중이 안된다. 캐릭터들의 개성도 실종된 듯.",
    "rating": "7",
    "date": "14.09.04"
  },
  {
    "review_id": "9136540",
    "movie_id": "100950",
    "author": "jung****",
    "review": "아무생각안하고 동심으로 돌아가고 싶은 사람에게 추천.베리랑 마시멜로 아가들나올때 귀여워 죽음..",
    "rating": "9",
    "date": "14.08.27"
  },
  {
    "review_id": "8952354",
    "movie_id": "100950",
    "author": "rksw****",
    "review": "딸깈ㅋㅋ니들생칵나에뉴나쌋실푱봄ㅋㅋㅋ아 웃곀ㅋ1:09:55부터 딸기때문에 토할뻔",
    "rating": "7",
    "date": "14.07.24"
  },
  {
    "review_id": "8950222",
    "movie_id": "100950",
    "author": "dosa****",
    "review": "음식동물의 생김새나 구성요소가 신선하고 좋네...작가진들이 아이디어짜느라 고생을 많이 했겠어...",
    "rating": "10",
    "date": "14.07.24"
  },
  {
    "review_id": "8938828",
    "movie_id": "100950",
    "author": "cycl****",
    "review": "소니에서 만든 애니매이션은 예외없이 산만하고 실망스럽네..",
    "rating": "1",
    "date": "14.07.21"
  },
  {
    "review_id": "8842749",
    "movie_id": "100950",
    "author": "sand****",
    "review": "귀여운 캐릭터들 보는 재미가 쏠쏠! 그리고 영화보는 내내 치즈버거가 땡기더라는,, ㅋㅋ",
    "rating": "10",
    "date": "14.06.20"
  },
  {
    "review_id": "8823652",
    "movie_id": "100950",
    "author": "radi****",
    "review": "만찬이긴 하나 밋밋한 맛 뿐이네...",
    "rating": "6",
    "date": "14.06.12"
  },
  {
    "review_id": "8814695",
    "movie_id": "100950",
    "author": "thdn****",
    "review": "전편보다 별로임. 완전노잼.끝까지 보는게 벌스는 수준....돈아까움",
    "rating": "1",
    "date": "14.06.08"
  },
  {
    "review_id": "8800742",
    "movie_id": "100950",
    "author": "0106****",
    "review": "재밋었어요즐겁고유아들이보기짱",
    "rating": "10",
    "date": "14.06.05"
  },
  {
    "review_id": "8800685",
    "movie_id": "100950",
    "author": "minw****",
    "review": "우와  진짜로 이거 매인 예고편만 보아도 진짜 굿이다 보고싶어~ 6월9일에 봐야지~ 진짜 비공감 하는사람 진짜 양심없다. 안그럽니까? 저는 공감함~그리고 이거 예고편보면 진짜 짱이니까 한번 보는거 제가 추천을 한번 해볼까 해서 여기 이말을했읍니다.ㄳ함",
    "rating": "10",
    "date": "14.06.05"
  },
  {
    "review_id": "8800168",
    "movie_id": "100950",
    "author": "hanc****",
    "review": "아이들과 함께 보기 딱 좋습니다.전편에 이은 아이템이 신선하더라구요.",
    "rating": "10",
    "date": "14.06.05"
  },
  {
    "review_id": "8765062",
    "movie_id": "100950",
    "author": "gint****",
    "review": "하늘에서 음식이 내라다면1보다는 너무  못 미치는 영화였다.",
    "rating": "6",
    "date": "14.05.25"
  },
  {
    "review_id": "8741019",
    "movie_id": "100950",
    "author": "gkdl****",
    "review": "어메이징 스파이더맨2 볼빠에 이거 보는게 나은듯 ㅋ",
    "rating": "9",
    "date": "14.05.17"
  },
  {
    "review_id": "8722074",
    "movie_id": "100950",
    "author": "seoh****",
    "review": "최고최고최고최고최고",
    "rating": "9",
    "date": "14.05.11"
  },
  {
    "review_id": "8722051",
    "movie_id": "100950",
    "author": "tori****",
    "review": "애당초  속편이 어울리지  않는 영화.",
    "rating": "5",
    "date": "14.05.11"
  },
  {
    "review_id": "8719120",
    "movie_id": "100950",
    "author": "bott****",
    "review": "유치한줄알았는데정말재밌게봤습니다!저는 아바타 삘도 조금느꼈는데 저만그런걸까요 ㅎ 평점쓰기는처음인데 그만큼 재미도있고감동도있습니다! 볼까말까 고민하시는분들 보세요!",
    "rating": "10",
    "date": "14.05.10"
  },
  {
    "review_id": "8712514",
    "movie_id": "100950",
    "author": "jej5****",
    "review": "솔직히 유치할줄 알았는데 전혀 안그렇네요 넘 재밌네요ㅠ 날개돋친듯한 상상력에 박수를 보냅니다 푸드몬스터가참 깨알같이 귀엽네요 특히 아기딸기ㅋㅋㅋㅋ",
    "rating": "10",
    "date": "14.05.07"
  },
  {
    "review_id": "8712396",
    "movie_id": "100950",
    "author": "blos****",
    "review": "1편이랑 막상막하의 재미였습니다^^ 각각 주제가 보이던데 1편은 \"과유불급\", 2편은 \"친구의 소중함\".개인적으로 이렇게 느껴졌어요.^^",
    "rating": "10",
    "date": "14.05.07"
  },
  {
    "review_id": "8710683",
    "movie_id": "100950",
    "author": "jeje****",
    "review": "애들도좋아하고저도재밌게봤네요",
    "rating": "10",
    "date": "14.05.06"
  },
  {
    "review_id": "8692538",
    "movie_id": "100950",
    "author": "kkyo****",
    "review": "캐릭터들이 귀여워서 그런지 아이들이 푹 빠져서 봤던거 같아요..",
    "rating": "9",
    "date": "14.05.02"
  },
  {
    "review_id": "8680913",
    "movie_id": "100950",
    "author": "sea0****",
    "review": "완죤재밌어요~~~~1편이쫌더좋았어요",
    "rating": "8",
    "date": "14.04.28"
  },
  {
    "review_id": "8679688",
    "movie_id": "100950",
    "author": "seon****",
    "review": "애들이보기에완전 무한한상상력을주는내용이네요...언제나정의가이기고 이것또한또그렇지만 교육적이었어요..",
    "rating": "9",
    "date": "14.04.28"
  },
  {
    "review_id": "8675585",
    "movie_id": "100950",
    "author": "cact****",
    "review": "전편에 비해 캐릭터구성이 업그레이드된듯ㅎㅎ 귀요미들 천지네ㅋㅋㅋㅋ 재밌게 잘봤음ㅎㅎ",
    "rating": "10",
    "date": "14.04.26"
  },
  {
    "review_id": "8675217",
    "movie_id": "100950",
    "author": "kile****",
    "review": "글쎄요글쎄요글쎄요글쎄요글쎄요",
    "rating": "6",
    "date": "14.04.26"
  },
  {
    "review_id": "8670978",
    "movie_id": "100950",
    "author": "zoro****",
    "review": "귀엽고 전편에 이어짐이 좋아 어색하지않네요",
    "rating": "10",
    "date": "14.04.25"
  },
  {
    "review_id": "8668415",
    "movie_id": "100950",
    "author": "setm****",
    "review": "귀여운 캐릭터들로도 채우지 못한 부족함",
    "rating": "6",
    "date": "14.04.24"
  },
  {
    "review_id": "8655436",
    "movie_id": "100950",
    "author": "oyms****",
    "review": "역시 재미있네요~~기발한 아이디어가 좋아서 아이가 많이 얘기하네요",
    "rating": "8",
    "date": "14.04.17"
  },
  {
    "review_id": "8652303",
    "movie_id": "100950",
    "author": "maru****",
    "review": "음식이 주제라 집중ㅋ가족들이 다같이보면 더 잼날꺼같아요 ㅋ",
    "rating": "7",
    "date": "14.04.15"
  },
  {
    "review_id": "8650365",
    "movie_id": "100950",
    "author": "nosr****",
    "review": "아이들이 느낄 교훈이 자신의 고장을 차지한 원래는 먹을거였던 돌연변이들도 생명체니 존중하라 인가요 주제의식이 애매하네요근데 걔네들이 졸귀라서 ㅋㅅㅋ",
    "rating": "5",
    "date": "14.04.14"
  },
  {
    "review_id": "8649331",
    "movie_id": "100950",
    "author": "yong****",
    "review": "하늘에서 음식에서 내린다면은 1편에서 끝내야 할거라고 생각했다. 하지만 보면서 캐릭터들이 귀여워서 영화의 재미를 더 한거 같다. 그 반면에 혐오스러운 캐릭터도 있었다. 특히 햄버거. 빵 위에 얹힌 참깨의 눈이 보기가 좀 그랬다. 당분간 햄버거 안먹을듯",
    "rating": "7",
    "date": "14.04.14"
  },
  {
    "review_id": "8648495",
    "movie_id": "100950",
    "author": "ys44****",
    "review": "기대한만큼 만족했던 영화",
    "rating": "7",
    "date": "14.04.13"
  },
  {
    "review_id": "8648134",
    "movie_id": "100950",
    "author": "newf****",
    "review": "1편보다는 지루했음.캐릭터 아이디어는 괜찮았지만.",
    "rating": "6",
    "date": "14.04.13"
  },
  {
    "review_id": "8646830",
    "movie_id": "100950",
    "author": "myeb****",
    "review": "색감이 너무 아름다웠어요.. 보는 내내 눈호강 했네요! 캐릭터들도 너무 예뻤고 제작자들 상상력을 테스트하고 싶을 정도..",
    "rating": "10",
    "date": "14.04.13"
  },
  {
    "review_id": "8644165",
    "movie_id": "100950",
    "author": "shar****",
    "review": "진짜 재밌어요!  귀여운데다가 스토리도 재미있고 교훈까지 있는 영양가있는 영화",
    "rating": "10",
    "date": "14.04.12"
  },
  {
    "review_id": "8625711",
    "movie_id": "100950",
    "author": "woos****",
    "review": "전작보다 못한 킬링타임용 cg무비",
    "rating": "6",
    "date": "14.04.03"
  },
  {
    "review_id": "8615512",
    "movie_id": "100950",
    "author": "meul****",
    "review": "생명을 생산하는 기계를 발명하는 과학 꿈나무?",
    "rating": "7",
    "date": "14.03.29"
  },
  {
    "review_id": "8614466",
    "movie_id": "100950",
    "author": "jsmp****",
    "review": "재미짐 애들은 참 좋아함",
    "rating": "5",
    "date": "14.03.29"
  },
  {
    "review_id": "8599524",
    "movie_id": "100950",
    "author": "ehru****",
    "review": "재밌음0.0.0.0",
    "rating": "10",
    "date": "14.03.23"
  },
  {
    "review_id": "8591375",
    "movie_id": "100950",
    "author": "is28****",
    "review": "재밌었음^^아이들이 즐거워함~~~",
    "rating": "7",
    "date": "14.03.21"
  },
  {
    "review_id": "8591195",
    "movie_id": "100950",
    "author": "agtf****",
    "review": "아이보다 엄마가 더잼있게보고 왔네요",
    "rating": "6",
    "date": "14.03.20"
  },
  {
    "review_id": "8570791",
    "movie_id": "100950",
    "author": "amen****",
    "review": "아이들이 보기 좋을영화!",
    "rating": "8",
    "date": "14.03.12"
  },
  {
    "review_id": "8570021",
    "movie_id": "100950",
    "author": "silv****",
    "review": "전편과 같은 행보를 걷되 먹음직스러워진 음식들. 깨알 유머가 묘미인 시리즈.",
    "rating": "7",
    "date": "14.03.12"
  },
  {
    "review_id": "8569924",
    "movie_id": "100950",
    "author": "thsa****",
    "review": "좀 더 맛있어 보이긴 한데, 맛은 좀 떨어진다..",
    "rating": "7",
    "date": "14.03.12"
  },
  {
    "review_id": "8569755",
    "movie_id": "100950",
    "author": "pree****",
    "review": "1시간 30분 동안 동심으로 돌아갈 수 있었다. 보는 내내 눈이 즐거웠다.",
    "rating": "7",
    "date": "14.03.12"
  },
  {
    "review_id": "8561548",
    "movie_id": "100950",
    "author": "wnsr****",
    "review": "아주재미있어요완전재미있네용☆★☆★☆★★_★^_^",
    "rating": "10",
    "date": "14.03.07"
  },
  {
    "review_id": "8560180",
    "movie_id": "100950",
    "author": "yuki****",
    "review": "음식들이 귀엽지 않고 혐오스러웠다외국인이 번데기 음식 보면 이런 기분일테지...스토리도 너무 평이해서 매력없음",
    "rating": "1",
    "date": "14.03.07"
  },
  {
    "review_id": "8554451",
    "movie_id": "100950",
    "author": "psy6****",
    "review": "캐릭터 귀여운거로 보는 영화",
    "rating": "8",
    "date": "14.03.03"
  },
  {
    "review_id": "8552198",
    "movie_id": "100950",
    "author": "ljmn****",
    "review": "유치해서 못봐주겠음.. 1두 유치찬란 했지만.... 얘들 만화니 참아야지",
    "rating": "3",
    "date": "14.03.02"
  },
  {
    "review_id": "8550570",
    "movie_id": "100950",
    "author": "mion****",
    "review": "애들조차 재미없다고 할정도로 졸작이었다.그래픽이나 특수효과와는 무관하게 내용이 너무 유치하다. 애들 수준을 너무 낮게 잡은거 아닌가?",
    "rating": "1",
    "date": "14.03.02"
  },
  {
    "review_id": "8549140",
    "movie_id": "100950",
    "author": "ehwj****",
    "review": "푸드 몬스터들이 귀엽네.. 개인적으로 1편보다는 나은것같다.",
    "rating": "7",
    "date": "14.03.01"
  },
  {
    "review_id": "8545106",
    "movie_id": "100950",
    "author": "ohsi****",
    "review": "엔-우-? 가 계속떠오름ㅎ",
    "rating": "10",
    "date": "14.02.28"
  },
  {
    "review_id": "8543757",
    "movie_id": "100950",
    "author": "jmy0****",
    "review": "음악부터 이건 겨울왕국 싸발라 먹는다 La Da Dee랑 폴 매카트니 new 들어봐라",
    "rating": "10",
    "date": "14.02.27"
  },
  {
    "review_id": "8542951",
    "movie_id": "100950",
    "author": "leem****",
    "review": "과도하게 버려지고 소비되는 음식들을 생각하며 푸드몬스터들을 보고 있자니 과한것은 인류에게 좋지않다는 생각이 들었다 전편과 같이 재미나다",
    "rating": "8",
    "date": "14.02.27"
  },
  {
    "review_id": "8542749",
    "movie_id": "100950",
    "author": "jaho****",
    "review": "굉장히 재미있게 보았습니다.영상미도 풍부하고 캐릭터들도 다들귀여웠어요 ㅋㅋ 그리고 엔딩이 굉장히좋네요! 엔딩이 좋아서 10점 ㅋ",
    "rating": "10",
    "date": "14.02.27"
  },
  {
    "review_id": "8536896",
    "movie_id": "100950",
    "author": "rkdw****",
    "review": "진짜 1에서도 느꼈지만 캐릭터들 너무좋다 ㅠㅠ",
    "rating": "10",
    "date": "14.02.25"
  },
  {
    "review_id": "8534069",
    "movie_id": "100950",
    "author": "xx41****",
    "review": "전편에 비해 재미는 떨어짐 그래도 볼만했음",
    "rating": "8",
    "date": "14.02.24"
  },
  {
    "review_id": "8530721",
    "movie_id": "100950",
    "author": "etro****",
    "review": "보고나서도 아이가 계속 얘기하네요",
    "rating": "10",
    "date": "14.02.23"
  },
  {
    "review_id": "8529246",
    "movie_id": "100950",
    "author": "ents****",
    "review": "유치원에서 초등저학년이 보면 좋아할 듯.",
    "rating": "3",
    "date": "14.02.22"
  },
  {
    "review_id": "8528827",
    "movie_id": "100950",
    "author": "sury****",
    "review": "기대이하였다.. 애니메이션의 한계",
    "rating": "1",
    "date": "14.02.22"
  },
  {
    "review_id": "8521974",
    "movie_id": "100950",
    "author": "hyej****",
    "review": "상상력 뛰어나다..아기자기한 캐릭터들 보는 재미가 쏠쏠하다",
    "rating": "8",
    "date": "14.02.20"
  },
  {
    "review_id": "8519184",
    "movie_id": "100950",
    "author": "dlsr****",
    "review": "결국엔 꿀꺽퐁당섬에 있는 음식들을 치우지 못했다고..ㅋㅋㅋ",
    "rating": "10",
    "date": "14.02.18"
  },
  {
    "review_id": "8518350",
    "movie_id": "100950",
    "author": "oran****",
    "review": "일편보다 재밌어요 ㅋㅋ 마시멜로 귀여움",
    "rating": "10",
    "date": "14.02.18"
  },
  {
    "review_id": "8515223",
    "movie_id": "100950",
    "author": "pjhk****",
    "review": "소름돋을정도로 귀엽고 화려한 색채와 상상력 !!최고였습니다",
    "rating": "10",
    "date": "14.02.17"
  },
  {
    "review_id": "8515133",
    "movie_id": "100950",
    "author": "yui4****",
    "review": "진짜 상상력이 기발하고 교훈이따뜻한 최고의영화!",
    "rating": "10",
    "date": "14.02.17"
  },
  {
    "review_id": "8513834",
    "movie_id": "100950",
    "author": "khj8****",
    "review": "1편보단 솔직히 별로지만, 유쾌하게 볼 수 있는 애니메이션, 보면 볼 수록 배가 고프고 뭔가 패스트푸드를 먹어야 할 것만 같은 영화!!! 근데 원숭이 스티브 목소리가 닐패트릭해리스 였다니 ㅋㅋ 과연 3편이 나올라나..",
    "rating": "10",
    "date": "14.02.16"
  },
  {
    "review_id": "8512736",
    "movie_id": "100950",
    "author": "ss00****",
    "review": "5세 남자아이와 함께했는데요.영화에 빠져서 끝날때까지 집중하더라구요.가끔 영화얘기도해준답니다.아이가 집중하는거보니 잘만들어진영화같아요",
    "rating": "8",
    "date": "14.02.16"
  },
  {
    "review_id": "8507624",
    "movie_id": "100950",
    "author": "star****",
    "review": "재밌어요 아이들이조아해요",
    "rating": "6",
    "date": "14.02.14"
  },
  {
    "review_id": "8500109",
    "movie_id": "100950",
    "author": "jsx6****",
    "review": "ost 하나는 정말 굿. 집에와서 듣고 또 듣고♬",
    "rating": "10",
    "date": "14.02.12"
  },
  {
    "review_id": "8499771",
    "movie_id": "100950",
    "author": "lhbl****",
    "review": "다좋은데 내용이 평이함",
    "rating": "9",
    "date": "14.02.12"
  },
  {
    "review_id": "8497455",
    "movie_id": "100950",
    "author": "1314****",
    "review": "대따 감동적이예요멋지네요",
    "rating": "10",
    "date": "14.02.11"
  },
  {
    "review_id": "8493204",
    "movie_id": "100950",
    "author": "yesp****",
    "review": "재밌어요^^&*ㅋ(@",
    "rating": "10",
    "date": "14.02.09"
  },
  {
    "review_id": "8492519",
    "movie_id": "100950",
    "author": "yk76****",
    "review": "참재미있게잘봤습니다",
    "rating": "10",
    "date": "14.02.09"
  },
  {
    "review_id": "8491054",
    "movie_id": "100950",
    "author": "gman****",
    "review": "이이랑 보기에젬나는영화",
    "rating": "9",
    "date": "14.02.09"
  },
  {
    "review_id": "8489902",
    "movie_id": "100950",
    "author": "ruda****",
    "review": "완전강추  아이가얼마웃고집중을하던지",
    "rating": "10",
    "date": "14.02.08"
  },
  {
    "review_id": "8489350",
    "movie_id": "100950",
    "author": "bifo****",
    "review": "1보단 재미없음 아기자기한맛은잇음",
    "rating": "7",
    "date": "14.02.08"
  },
  {
    "review_id": "8483673",
    "movie_id": "100950",
    "author": "lall****",
    "review": "좀 지루한 영화였음. 아이도 별로 재밌어 하지도 않고..",
    "rating": "7",
    "date": "14.02.07"
  },
  {
    "review_id": "8483058",
    "movie_id": "100950",
    "author": "emfo****",
    "review": "재밋따 내용도 신선하고 마시멜로 넘 귀엽네여",
    "rating": "10",
    "date": "14.02.07"
  },
  {
    "review_id": "8482735",
    "movie_id": "100950",
    "author": "inki****",
    "review": "재밌다. 1편보단 약간 약하지만 좋다.",
    "rating": "6",
    "date": "14.02.07"
  },
  {
    "review_id": "8478823",
    "movie_id": "100950",
    "author": "dltp****",
    "review": "음식이 너무 귀엽고 ^^ 바람직한 교훈도 녹아있는거 같아서 애들이 보면 좋을거같네요",
    "rating": "10",
    "date": "14.02.05"
  },
  {
    "review_id": "8478379",
    "movie_id": "100950",
    "author": "sans****",
    "review": "아이들도 재미있게 봤어요. 아이들도 긴시간 쟁시있게 관람 했어요",
    "rating": "8",
    "date": "14.02.05"
  },
  {
    "review_id": "8478346",
    "movie_id": "100950",
    "author": "love****",
    "review": "음식이 움직이고 음식이 말하고  아이들하고 볼만 했어용.",
    "rating": "7",
    "date": "14.02.05"
  },
  {
    "review_id": "8469469",
    "movie_id": "100950",
    "author": "audt****",
    "review": "너무너무 재밌게 봤어요!귀여운 음식동물들 덕분에 기분이 좋네요:)",
    "rating": "10",
    "date": "14.02.03"
  },
  {
    "review_id": "8468285",
    "movie_id": "100950",
    "author": "jw57****",
    "review": "1편을 보지 못하고 봐서 몰입도가 떨어졌다그만큼 흥미를 이끌지 못한듯",
    "rating": "5",
    "date": "14.02.02"
  },
  {
    "review_id": "8463739",
    "movie_id": "100950",
    "author": "dlat****",
    "review": "1편보다 볼거리는 많아졌는데 신선함은 1편이 낫고",
    "rating": "8",
    "date": "14.02.02"
  }
]