[
  {
    "review_id": "9797032",
    "movie_id": "100982",
    "author": "thom****",
    "review": "한국내 배급자의 지극히 천박한 수준을 보여주는 한국형 영화타이틀....톰하디는 그냥 조연이다. 내용은 좋았다. 예전 KBS의 'TV문학관'같은 느낌이랄까..",
    "rating": "6",
    "date": "15.03.21"
  },
  {
    "review_id": "8914185",
    "movie_id": "100982",
    "author": "park****",
    "review": "로컬네이밍센스가 좀 괴랄하지만 알제리를 둘러싸고 일어난 드골과 보수세력 간의 대립은 볼만했음프랑스 근현대사에 관심있거나 유럽식 약가지루한 영화에 익숙한 사람들은 한 번쯤 봐도 괜찮을듯",
    "rating": "8",
    "date": "14.07.13"
  },
  {
    "review_id": "8108357",
    "movie_id": "100982",
    "author": "biru****",
    "review": "별 하나 주긴 처음인듯 알다가도 모를영화",
    "rating": "2",
    "date": "13.11.01"
  },
  {
    "review_id": "8101607",
    "movie_id": "100982",
    "author": "rmfj****",
    "review": "안봐도 감기같은 쓰레기영화보단 볼만할듯",
    "rating": "10",
    "date": "13.10.30"
  },
  {
    "review_id": "7831685",
    "movie_id": "100982",
    "author": "psp2****",
    "review": "미안하다 톰하디를 지키지 못해서",
    "rating": "3",
    "date": "13.08.03"
  },
  {
    "review_id": "7695190",
    "movie_id": "100982",
    "author": "ting****",
    "review": "톰하디....+_+",
    "rating": "10",
    "date": "13.07.01"
  },
  {
    "review_id": "7603946",
    "movie_id": "100982",
    "author": "wldn****",
    "review": "톰하디♥",
    "rating": "10",
    "date": "13.06.07"
  },
  {
    "review_id": "7479684",
    "movie_id": "100982",
    "author": "yang****",
    "review": "별로였다..1점준거중 한국영화는 10점주는 매미OO있네..",
    "rating": "3",
    "date": "13.04.25"
  },
  {
    "review_id": "7459105",
    "movie_id": "100982",
    "author": "rkdd****",
    "review": "밑에분말이 많는듯 하네여 톰하디 뜨니깐 톰하디이름걸고",
    "rating": "3",
    "date": "13.04.14"
  },
  {
    "review_id": "7416520",
    "movie_id": "100982",
    "author": "dead****",
    "review": "내가보기엔 참괜찮은영화다!",
    "rating": "10",
    "date": "13.03.28"
  },
  {
    "review_id": "7399175",
    "movie_id": "100982",
    "author": "pria****",
    "review": "무의미하다.",
    "rating": "1",
    "date": "13.03.23"
  },
  {
    "review_id": "7383951",
    "movie_id": "100982",
    "author": "wjsu****",
    "review": "70년대풍 영화... 의도된거라면  박수를 아니라면... 한숨 나오는...",
    "rating": "4",
    "date": "13.03.21"
  },
  {
    "review_id": "7382865",
    "movie_id": "100982",
    "author": "cs79****",
    "review": "목소리가 원래 매력돋았군//뭐이런 개봉 알",
    "rating": "10",
    "date": "13.03.21"
  },
  {
    "review_id": "7295000",
    "movie_id": "100982",
    "author": "gent****",
    "review": "ㅈㄹ하지말고 21일날 개봉이라매 도대체 어디서 개봉한건디?롯데시네마라고 해서 홈피 가봤는데 개봉예정에 떴다가 21일 되니까 아무정보도 없네 이런 디질랜드 보고싶다고",
    "rating": "1",
    "date": "13.02.23"
  },
  {
    "review_id": "7294509",
    "movie_id": "100982",
    "author": "es75****",
    "review": "하디쟝 하아하아",
    "rating": "10",
    "date": "13.02.23"
  },
  {
    "review_id": "7291316",
    "movie_id": "100982",
    "author": "haha****",
    "review": "톰하악하악",
    "rating": "10",
    "date": "13.02.22"
  }
]