[
  {
    "review": "몇달 혹은 몇년에 한번씩 문득문득 생각나는 영화. 아름다운 영화란 이런 영화르 두고 하는말이 아닐까?",
    "date": "15.07.12",
    "rating": "10",
    "author": "zndz****",
    "review_id": "10097320",
    "movie_id": "10107"
  },
  {
    "review": "아프리카에서 원작 소설을 읽고 영화를 봤다. 장면들이 아름다웠다.",
    "date": "15.07.05",
    "rating": "9",
    "author": "toha****",
    "review_id": "10071450",
    "movie_id": "10107"
  },
  {
    "review": "진심 아프리카에 가고 싶다. 뱅기타고 초원위를 날으는 모습. 까짓 말라리아 안 무서움.",
    "date": "15.05.19",
    "rating": "9",
    "author": "gott****",
    "review_id": "9930922",
    "movie_id": "10107"
  },
  {
    "review": "우리집에 왜왔니..대사 때문에 봤다...런닝타임 왜케 길어 ㅡㅡ...2시간 40분;",
    "date": "15.04.05",
    "rating": "2",
    "author": "hyej****",
    "review_id": "9829871",
    "movie_id": "10107"
  },
  {
    "review": "엄마랑 문예회관에서 재밌게 봤는데 음악이 이 영화를 살렸습니다.",
    "date": "15.03.15",
    "rating": "8",
    "author": "dbgu****",
    "review_id": "9785991",
    "movie_id": "10107"
  },
  {
    "review": "장엄한 아프리카의 풍경 아래 펼쳐지는 인생.. 그리고 로맨스... 스토리의 부족함을 아름다운 화면으로 대신한다. '제국주의'와 '문명사회'에 대해 한번쯤 생각해볼 수 있는 점도 좋았고, 아프리카를 사랑하는 주인공의 캐릭터도 감동적..",
    "date": "15.03.13",
    "rating": "8",
    "author": "pola****",
    "review_id": "9777245",
    "movie_id": "10107"
  },
  {
    "review": "조금 지루했다. 하지만 아프리카의 자연의 신비를 보여주었다.",
    "date": "15.03.08",
    "rating": "8",
    "author": "taeh****",
    "review_id": "9765843",
    "movie_id": "10107"
  },
  {
    "review": "별 열 개가 하나도 아깝지 않다",
    "date": "15.02.25",
    "rating": "10",
    "author": "poie****",
    "review_id": "9735909",
    "movie_id": "10107"
  },
  {
    "review": "남녀의 사랑이야기라기보다  작은 인생철학을 이야기하는 영화...그리큰 흡입력은 없으나 그럭저럭 볼만하다,.,매릴스트립의영화..",
    "date": "15.01.24",
    "rating": "8",
    "author": "kara****",
    "review_id": "9629712",
    "movie_id": "10107"
  },
  {
    "review": "아련해지는 아름다움들",
    "date": "15.01.23",
    "rating": "10",
    "author": "desi****",
    "review_id": "9626199",
    "movie_id": "10107"
  },
  {
    "review": "I had a farm in afica",
    "date": "15.01.17",
    "rating": "10",
    "author": "kemj****",
    "review_id": "9603274",
    "movie_id": "10107"
  },
  {
    "review": "아프리카의 대초원을 배경으로 하는 너무나 아름다운 영화.  이렇게 여운이 오래도록 남는 영화는 없을 것이다.",
    "date": "14.11.11",
    "rating": "10",
    "author": "sieu****",
    "review_id": "9370383",
    "movie_id": "10107"
  },
  {
    "review": "아프리카의 풍광으로도 상쇄되지 않는 지루함",
    "date": "14.08.31",
    "rating": "3",
    "author": "breg****",
    "review_id": "9150693",
    "movie_id": "10107"
  },
  {
    "review": "동물의 왕국을 보는느낌...스토리는 부부클리닉 사랑과전쟁~ 포장은 그럴싸...음악은 좋았지만 그리 잘만든 영화는 아닌듯...지루 따분 무감동...로버트레드포드의 나이들어도 아름다운 미소를 감상할수있었다는거에 별3개",
    "date": "14.08.27",
    "rating": "6",
    "author": "red3****",
    "review_id": "9137230",
    "movie_id": "10107"
  },
  {
    "review": "아프리카의 풍광과 아름다운모차르트음악이너므좋았다",
    "date": "14.08.24",
    "rating": "9",
    "author": "yahc****",
    "review_id": "9130651",
    "movie_id": "10107"
  },
  {
    "review": "긴 영화인데. 가끔씩 다시보기 해버림.",
    "date": "14.08.19",
    "rating": "10",
    "author": "jata****",
    "review_id": "9109400",
    "movie_id": "10107"
  },
  {
    "review": "열정과 용기가 가득한 카렌. 자유로운 영혼 데니스 그들의 이야기가 아프리카 초원에 녹아들다. 잔잔한 음악과 여운있는 영상. 스토리가 일품",
    "date": "14.08.09",
    "rating": "10",
    "author": "barb****",
    "review_id": "9053834",
    "movie_id": "10107"
  },
  {
    "review": "아름다운 아프리카에서 펼쳐지는 인간의 오만가지상",
    "date": "14.07.24",
    "rating": "5",
    "author": "hany****",
    "review_id": "8948547",
    "movie_id": "10107"
  },
  {
    "review": "아프리카에 농장이 '있었던' 아줌마의 이야기",
    "date": "14.07.23",
    "rating": "5",
    "author": "expr****",
    "review_id": "8947266",
    "movie_id": "10107"
  },
  {
    "review": "아프리카 풍경만 볼만했고 너무 심심하고 지루한 전개",
    "date": "14.05.06",
    "rating": "1",
    "author": "mara****",
    "review_id": "8711523",
    "movie_id": "10107"
  },
  {
    "review": "당시의 시선으로는 괜찮았을지는 모르겟으나 지금의 시선으로는 아주 많이많이 부족해보이는 영화.. 아프리카의 풍광을 아름답게 잡은점 하나는 높이살만하다..",
    "date": "14.04.27",
    "rating": "5",
    "author": "niv9****",
    "review_id": "8677480",
    "movie_id": "10107"
  },
  {
    "review": "케냐의 그림같은 경치와 음악의 조화가 환상적인 영화입니다!",
    "date": "14.04.05",
    "rating": "10",
    "author": "kyh9****",
    "review_id": "8630611",
    "movie_id": "10107"
  },
  {
    "review": "대자연속에서의 비행씬은 최고의 명장면이다. 왠지 세상에 태어나기 전의 순수성을 회복할 것만 같은 느낌. ^^",
    "date": "14.04.01",
    "rating": "10",
    "author": "mcho****",
    "review_id": "8622208",
    "movie_id": "10107"
  },
  {
    "review": "내인생 최고의 명품 영화",
    "date": "14.02.17",
    "rating": "10",
    "author": "hyr7****",
    "review_id": "8515718",
    "movie_id": "10107"
  },
  {
    "review": "아름다운 영상과 아름다운 음악 아름다운 스토리",
    "date": "13.12.31",
    "rating": "9",
    "author": "ykdi****",
    "review_id": "8330806",
    "movie_id": "10107"
  },
  {
    "review": "OST 들을때마다 영화 생각남",
    "date": "13.12.18",
    "rating": "9",
    "author": "skps****",
    "review_id": "8228444",
    "movie_id": "10107"
  },
  {
    "review": "아프리카 배경이 아름답고 슬프기도 한영화네염",
    "date": "13.12.15",
    "rating": "10",
    "author": "gbwd****",
    "review_id": "8215405",
    "movie_id": "10107"
  },
  {
    "review": "몇번을 봐도 지루하지 않는 영화! 실화라 더욱 아름답다.",
    "date": "13.12.12",
    "rating": "10",
    "author": "phy8****",
    "review_id": "8210059",
    "movie_id": "10107"
  },
  {
    "review": "영상미 좋지만 끊어야 할때 라고 생각되어지는 부분이 중간중간 있다. 오스트레일리아 같은 느낌이 난다.",
    "date": "13.11.09",
    "rating": "7",
    "author": "kth3****",
    "review_id": "8127122",
    "movie_id": "10107"
  },
  {
    "review": "진정한 명작 중의 하나. 몇 번을 봐도 질리지 않는 아프리카의 아름다움, 모짜르트의 음악, 카렌이 살아간 인생의 거친 용기가 영화를 가득 채운다.",
    "date": "13.09.20",
    "rating": "10",
    "author": "myst****",
    "review_id": "7999729",
    "movie_id": "10107"
  },
  {
    "review": "영원한 삶의 화두",
    "date": "13.04.29",
    "rating": "8",
    "author": "glod****",
    "review_id": "7493123",
    "movie_id": "10107"
  },
  {
    "review": "지루함을 감싸주는 영상미. 젊은 메릴의 모습이 인상적임",
    "date": "13.04.07",
    "rating": "9",
    "author": "lsh5****",
    "review_id": "7442002",
    "movie_id": "10107"
  },
  {
    "review": "[아카데미]1986년58회 작품,감독,각색,촬영,미술,음향,음악 7개부문수상작.결혼하기위해영국에서한여인이아프리카로오고거기서진정으로아프리카를사랑하고또다른자유스런성격의남자를사랑하게되지만남자는비행기사고로세상을뜨게된다.상을많이받은영화중이처럼 졸린영화는드물다.",
    "date": "13.03.19",
    "rating": "5",
    "author": "new7****",
    "review_id": "7363484",
    "movie_id": "10107"
  },
  {
    "review": "명작이네요.. 길어서 좀 망설여졌는데, 잔잔하면서 아프리카의 아름다운 풍광과 자전적 소설 같은 이야기,, 독백,, 최고....",
    "date": "13.02.23",
    "rating": "9",
    "author": "pass****",
    "review_id": "7292435",
    "movie_id": "10107"
  },
  {
    "review": "약간지루한면은있지만 아프리카의 풍광과 아름다운모차르트음악이너므좋았다",
    "date": "13.01.27",
    "rating": "10",
    "author": "ppho****",
    "review_id": "7182344",
    "movie_id": "10107"
  },
  {
    "review": "너무 밋밋하고 잔잔하긴 하지만 아름다운 배경은 좋았다",
    "date": "13.01.17",
    "rating": "7",
    "author": "mild****",
    "review_id": "7125227",
    "movie_id": "10107"
  },
  {
    "review": "두 배우의 연기와 아프리카의 광경 보는 맛",
    "date": "13.01.06",
    "rating": "8",
    "author": "figh****",
    "review_id": "7086387",
    "movie_id": "10107"
  },
  {
    "review": "아프리카의 풍광이 아니라 멜로가 맘에 들었다면 같은 감독과 같은 배우가 만든 추억 보세요",
    "date": "13.01.05",
    "rating": "8",
    "author": "yimg****",
    "review_id": "7083250",
    "movie_id": "10107"
  },
  {
    "review": "아 정말 유니크해.. 이런 영화 또 없을까..",
    "date": "12.10.20",
    "rating": "9",
    "author": "gbik****",
    "review_id": "6814809",
    "movie_id": "10107"
  },
  {
    "review": "카렌과 데니스의 대사 하나하나가 아직도 잊혀지지가 않는다.",
    "date": "12.06.12",
    "rating": "10",
    "author": "sgs7****",
    "review_id": "6386194",
    "movie_id": "10107"
  },
  {
    "review": "광할 순수한 자연의 풍광을 무대로 긴 여운을 남기고 남자가 바람처럼 사라진다.",
    "date": "12.05.28",
    "rating": "7",
    "author": "ador****",
    "review_id": "6343974",
    "movie_id": "10107"
  },
  {
    "review": "지루한감은 있다.하지만 영상과 음악은 비교할 영화가 몇 안될거라고 장담한다",
    "date": "12.04.19",
    "rating": "9",
    "author": "jang****",
    "review_id": "6233502",
    "movie_id": "10107"
  },
  {
    "review": "화면만으로 좋은 영화. 감미로운 사랑. 멋진영화",
    "date": "12.04.08",
    "rating": "10",
    "author": "dend****",
    "review_id": "6202997",
    "movie_id": "10107"
  },
  {
    "review": "도대체 뭘 찍은 거니? 아프리카에서 낭만을 찾겠다고라고라고?? 소가 웃는다.",
    "date": "12.02.28",
    "rating": "1",
    "author": "pria****",
    "review_id": "6110928",
    "movie_id": "10107"
  },
  {
    "review": "낭만적이고 그림 같은 영화. 일요일 오후에 EBS에서 봤던 추억이...",
    "date": "12.02.25",
    "rating": "10",
    "author": "jkh1****",
    "review_id": "6104151",
    "movie_id": "10107"
  },
  {
    "review": "메디슨카운티의 다리 가 더 낫네요",
    "date": "12.01.09",
    "rating": "7",
    "author": "cad0****",
    "review_id": "5972450",
    "movie_id": "10107"
  },
  {
    "review": "인간 본연의 모습을 철학적으로 잘 담아내었다.아프리카 풍경과 어우러져 감동이 두배",
    "date": "12.01.07",
    "rating": "10",
    "author": "cosm****",
    "review_id": "5968196",
    "movie_id": "10107"
  },
  {
    "review": "멋진 영화 !멋진 인생!",
    "date": "11.12.19",
    "rating": "10",
    "author": "lang****",
    "review_id": "5915272",
    "movie_id": "10107"
  },
  {
    "review": "영상도 음악도 정말 아름다웠던 영화입니다. 소유란 무엇일까요.",
    "date": "11.12.06",
    "rating": "7",
    "author": "kks8****",
    "review_id": "5891730",
    "movie_id": "10107"
  },
  {
    "review": "영화는 괜찮은데, 너무 지루하다..",
    "date": "11.11.27",
    "rating": "6",
    "author": "qkrg****",
    "review_id": "5873283",
    "movie_id": "10107"
  },
  {
    "review": ".......... 비행장면 한장면 만으로..",
    "date": "11.11.16",
    "rating": "10",
    "author": "yong****",
    "review_id": "5852462",
    "movie_id": "10107"
  },
  {
    "review": "아! 저 남자의 눈빛,여운이 오래 남아 이 가을 아무것도 못하겠어요. 카렌 데니스 사랑의 순간!",
    "date": "11.11.14",
    "rating": "10",
    "author": "qute****",
    "review_id": "5850356",
    "movie_id": "10107"
  },
  {
    "review": "최고의 명작이라고 생각합니다.아직 못보신 분들은 꼭 감상하세요.",
    "date": "11.11.14",
    "rating": "10",
    "author": "gang****",
    "review_id": "5849027",
    "movie_id": "10107"
  },
  {
    "review": "차라리 아프리카의 가지 않았더라면 어땠을까 . 그녀는 최후의 낙원을 잃고 말았다 .",
    "date": "11.11.14",
    "rating": "9",
    "author": "astr****",
    "review_id": "5848402",
    "movie_id": "10107"
  },
  {
    "review": "어느 입장에서 서지 않은 채 담담히 보여주는 영화.",
    "date": "11.11.13",
    "rating": "6",
    "author": "koun****",
    "review_id": "5846873",
    "movie_id": "10107"
  },
  {
    "review": "아프리카에서 남자 후리는 파란만장 백인 마님 스토리를 담담하고 태평하고 길게 연출",
    "date": "11.11.13",
    "rating": "5",
    "author": "kimg****",
    "review_id": "5846198",
    "movie_id": "10107"
  },
  {
    "review": "명화네요 ㅠㅠ 잊지못할 영화입니다...",
    "date": "11.11.13",
    "rating": "10",
    "author": "cona****",
    "review_id": "5846176",
    "movie_id": "10107"
  },
  {
    "review": "글쎄요.. 별로군요.. 기대가 컸나..",
    "date": "11.11.06",
    "rating": "1",
    "author": "audr****",
    "review_id": "5832795",
    "movie_id": "10107"
  },
  {
    "review": "길고 지루했음.. 개인주의 적 사랑하는 데니스가 죽어버렸네..",
    "date": "11.09.14",
    "rating": "6",
    "author": "amoh****",
    "review_id": "5731932",
    "movie_id": "10107"
  },
  {
    "review": "보고싶은데 못찾겠음 ㅠ혹시 가지고 계신분 저한테 쪽지좀 주세요",
    "date": "11.08.25",
    "rating": "10",
    "author": "dkw6****",
    "review_id": "5687620",
    "movie_id": "10107"
  },
  {
    "review": "음악과 배경이 훌륭했다.",
    "date": "11.07.23",
    "rating": "7",
    "author": "cds5****",
    "review_id": "5564555",
    "movie_id": "10107"
  },
  {
    "review": "감동감동감동... 가슴속깊이 남을 영화...그들...아프리카",
    "date": "11.07.23",
    "rating": "10",
    "author": "spec****",
    "review_id": "5562757",
    "movie_id": "10107"
  },
  {
    "review": "신의 뜻을 이해했나요? 정말 가슴 벅찼다.",
    "date": "11.07.16",
    "rating": "10",
    "author": "oily****",
    "review_id": "5546584",
    "movie_id": "10107"
  },
  {
    "review": "비슷한 내용의 영화중에서 제일 별로인것 같다.",
    "date": "11.07.10",
    "rating": "6",
    "author": "kusa****",
    "review_id": "5534718",
    "movie_id": "10107"
  },
  {
    "review": "최고의 영화",
    "date": "11.06.16",
    "rating": "10",
    "author": "qndy****",
    "review_id": "5483390",
    "movie_id": "10107"
  },
  {
    "review": "내 평생 최고의 영화",
    "date": "11.01.09",
    "rating": "10",
    "author": "coff****",
    "review_id": "5142208",
    "movie_id": "10107"
  },
  {
    "review": "짱",
    "date": "10.12.12",
    "rating": "10",
    "author": "favo****",
    "review_id": "5047135",
    "movie_id": "10107"
  },
  {
    "review": "161분이 길게 느껴지지 않는 영화...",
    "date": "10.12.04",
    "rating": "9",
    "author": "pata****",
    "review_id": "5021627",
    "movie_id": "10107"
  },
  {
    "review": "최고",
    "date": "10.10.03",
    "rating": "10",
    "author": "mais****",
    "review_id": "4881684",
    "movie_id": "10107"
  },
  {
    "review": "아프리카 대자연 속의 한 여자의 삶과 사랑",
    "date": "10.09.29",
    "rating": "8",
    "author": "nost****",
    "review_id": "4875203",
    "movie_id": "10107"
  },
  {
    "review": "지루하도다!!지루하도다!!",
    "date": "10.09.27",
    "rating": "2",
    "author": "heyy****",
    "review_id": "4871985",
    "movie_id": "10107"
  },
  {
    "review": "이 영화를 보면서...남자들은 넘 이기적이라는 생각이 든다...좋은 영화다..",
    "date": "10.09.26",
    "rating": "10",
    "author": "quee****",
    "review_id": "4870490",
    "movie_id": "10107"
  },
  {
    "review": "아름답고 용기있는 한 여자의 인생이야기... 정말 오랜만에 본 느린템포의 영화.",
    "date": "10.09.26",
    "rating": "10",
    "author": "yout****",
    "review_id": "4869823",
    "movie_id": "10107"
  },
  {
    "review": "광활한 아프리카의 대자연.그리고 한 여인의 기구한 운명..재밌었다.아근데우울해진다",
    "date": "10.09.26",
    "rating": "8",
    "author": "psy9****",
    "review_id": "4869269",
    "movie_id": "10107"
  },
  {
    "review": "잔잔하긴한데 너무 아름답게만 그려서는 안 되지 않을까",
    "date": "10.09.15",
    "rating": "8",
    "author": "lllm****",
    "review_id": "4837037",
    "movie_id": "10107"
  },
  {
    "review": "Very good!",
    "date": "10.08.03",
    "rating": "9",
    "author": "nost****",
    "review_id": "4699912",
    "movie_id": "10107"
  },
  {
    "review": "아프리카를 배경으로 한 이런 멋진 영화가 과연 다시 나올 수 있을까",
    "date": "10.08.02",
    "rating": "10",
    "author": "twot****",
    "review_id": "4696044",
    "movie_id": "10107"
  },
  {
    "review": "작가의 원작 회고록 안 보고 영화만 보고 아는 척 하는 꼴값 107명 발견",
    "date": "10.08.01",
    "rating": "10",
    "author": "a111****",
    "review_id": "4695627",
    "movie_id": "10107"
  },
  {
    "review": "소유를 통해 기댈 곳을 찾던 여자, 믿음을 바라고 자유를 갈망한 남자.",
    "date": "10.07.08",
    "rating": "6",
    "author": "tori****",
    "review_id": "4622388",
    "movie_id": "10107"
  },
  {
    "review": "바베트의 만찬, Karen Blixen 실화, 케냐 나이로비, 사랑과 소유욕, 안타까움의 극치",
    "date": "10.07.07",
    "rating": "10",
    "author": "sioh****",
    "review_id": "4617708",
    "movie_id": "10107"
  },
  {
    "review": "대자연의 아름다운 모습을 볼수있었다",
    "date": "10.05.10",
    "rating": "7",
    "author": "yuye****",
    "review_id": "4491141",
    "movie_id": "10107"
  },
  {
    "review": "중학생 직역 수준의 질 떨어지는 DVD 자막이 영화를 망친 대표적인 케이스.",
    "date": "10.05.04",
    "rating": "5",
    "author": "team****",
    "review_id": "4477993",
    "movie_id": "10107"
  },
  {
    "review": "카렌블릭센의 모르면 보지마 좋구만-_-",
    "date": "10.04.04",
    "rating": "10",
    "author": "jhs4****",
    "review_id": "4408941",
    "movie_id": "10107"
  },
  {
    "review": "아름다운 영화... 최고입니다.",
    "date": "10.03.24",
    "rating": "10",
    "author": "owll****",
    "review_id": "4382811",
    "movie_id": "10107"
  },
  {
    "review": "아름답고도 가슴 아픈 추억이 된 아프리카..",
    "date": "10.02.22",
    "rating": "10",
    "author": "sj10****",
    "review_id": "4309671",
    "movie_id": "10107"
  },
  {
    "review": "아프리카 멋진 배경을 찍고 싶은데 배경만찍자니 다큐, 그래서 사랑을 껴놓은영화",
    "date": "10.02.17",
    "rating": "5",
    "author": "p75m****",
    "review_id": "4291924",
    "movie_id": "10107"
  },
  {
    "review": "코메디물은 웃긴거지 재미하고 무슨상관?그렇게 말하는 양반이 더 웃낌 잼없는건 사실",
    "date": "09.12.19",
    "rating": "7",
    "author": "pwj4****",
    "review_id": "4056680",
    "movie_id": "10107"
  },
  {
    "review": "재미로보려고하는사람도있네 지루하다고 하는 사람은 코미디물이나 따로빌려보세요^^",
    "date": "09.12.15",
    "rating": "10",
    "author": "duaq****",
    "review_id": "4045915",
    "movie_id": "10107"
  },
  {
    "review": "최고입니다.",
    "date": "09.12.09",
    "rating": "10",
    "author": "2kim****",
    "review_id": "4029867",
    "movie_id": "10107"
  },
  {
    "review": "아름다운 영화...",
    "date": "09.11.25",
    "rating": "10",
    "author": "jame****",
    "review_id": "3990090",
    "movie_id": "10107"
  },
  {
    "review": "아름답다~ 아이맥스영화로 만들었으면 어떨까하는 생각드는 영화",
    "date": "09.10.26",
    "rating": "10",
    "author": "ljs3****",
    "review_id": "3917342",
    "movie_id": "10107"
  },
  {
    "review": "풍경은 정말 잘 담았는데..내용이 너무 지루해요..",
    "date": "09.10.09",
    "rating": "8",
    "author": "stan****",
    "review_id": "3881175",
    "movie_id": "10107"
  },
  {
    "review": "이영화본후 이다음에 사랑하는사람이 내 머릴 감겨주길 바랬었다지",
    "date": "09.09.28",
    "rating": "7",
    "author": "whia****",
    "review_id": "3859169",
    "movie_id": "10107"
  },
  {
    "review": "내가 중학생때 처음 봤었던 영화인데 30대가 되어버린 지금도 너무 좋은 명작",
    "date": "09.09.02",
    "rating": "10",
    "author": "mbes****",
    "review_id": "3806293",
    "movie_id": "10107"
  },
  {
    "review": "글을 읽을 수 있어 더 행복해졌는가? 인간의 사랑과 자유, 열정의 감정을..",
    "date": "09.07.30",
    "rating": "9",
    "author": "hj78****",
    "review_id": "3683672",
    "movie_id": "10107"
  },
  {
    "review": "7점",
    "date": "09.07.29",
    "rating": "7",
    "author": "tubt****",
    "review_id": "3681282",
    "movie_id": "10107"
  },
  {
    "review": "광활하고 아름다운 아프리카에서 펼쳐지는 로맨스~~",
    "date": "09.07.16",
    "rating": "6",
    "author": "iss2****",
    "review_id": "3635551",
    "movie_id": "10107"
  },
  {
    "review": "역시 메릴스트립.",
    "date": "09.07.15",
    "rating": "8",
    "author": "diri****",
    "review_id": "3634438",
    "movie_id": "10107"
  },
  {
    "review": "좀지루한듯 했으나~카렌블릭센 을 알게되는 영화이군여",
    "date": "09.07.12",
    "rating": "10",
    "author": "jhs4****",
    "review_id": "3626257",
    "movie_id": "10107"
  },
  {
    "review": "당직스면서 졸면서 봤더니 하나도 모르겠다...다시 봐야지..-_-; 평점은 다시.",
    "date": "09.06.18",
    "rating": "7",
    "author": "grip****",
    "review_id": "3573340",
    "movie_id": "10107"
  }
]