[
  {
    "review_id": "10192167",
    "movie_id": "101038",
    "author": "bibi****",
    "review": "잘 만들었지만 골판지전사 즉 ( LBX) 를 모르는 사람에겐 이 영화는 필요가 없다고 생각이 들기 때문에 8점을 주었습니다....",
    "rating": "8",
    "date": "15.08.06"
  },
  {
    "review_id": "9659169",
    "movie_id": "101038",
    "author": "dong****",
    "review": "굉장히 재미있습니다.",
    "rating": "10",
    "date": "15.02.01"
  },
  {
    "review_id": "9234539",
    "movie_id": "101038",
    "author": "gksm****",
    "review": "정말재밌어요빨리극장판베스트일레븐내놔!!!",
    "rating": "10",
    "date": "14.09.22"
  },
  {
    "review_id": "8851280",
    "movie_id": "101038",
    "author": "pms6****",
    "review": "재밌어여....짱짱",
    "rating": "10",
    "date": "14.06.24"
  },
  {
    "review_id": "8788302",
    "movie_id": "101038",
    "author": "deff****",
    "review": "두 개의 다른 세계가 합쳐지는 것과 그림체가 참 이뻐서 좋았는데 태성적인 한계가 보이는 작품",
    "rating": "6",
    "date": "14.06.02"
  },
  {
    "review_id": "8622662",
    "movie_id": "101038",
    "author": "tjal****",
    "review": "재미있었습니다ㅋㅋㅋ",
    "rating": "10",
    "date": "14.04.01"
  },
  {
    "review_id": "8533750",
    "movie_id": "101038",
    "author": "wltk****",
    "review": "재미 습니다 썬더일븐은 초능력이 재미 있고 제가추ㅜ를 싫어하는데 좋아하게 해주어 좋아",
    "rating": "10",
    "date": "14.02.24"
  },
  {
    "review_id": "8510591",
    "movie_id": "101038",
    "author": "tjda****",
    "review": "저는 썬더일레븐을 투표합니다 겨울왕국 엘사의 얼음보단 썬더일레븐의 우정 뜨거운 사랑엔 얼음과 눈과 엘사를  이기는 힘이 있습니다",
    "rating": "10",
    "date": "14.02.15"
  },
  {
    "review_id": "8334391",
    "movie_id": "101038",
    "author": "core****",
    "review": "너무 좋아요.어렸을때부터 봐왔는데 언제나 봐도 꿀재미♥♥♥그리고..텐마너무귀여워요!♥♥",
    "rating": "10",
    "date": "14.01.01"
  },
  {
    "review_id": "8310372",
    "movie_id": "101038",
    "author": "hgf8****",
    "review": "일본은 콜라보에 미쳤죠...",
    "rating": "6",
    "date": "13.12.27"
  },
  {
    "review_id": "8134260",
    "movie_id": "101038",
    "author": "jtg9****",
    "review": "에초에 썬더일레븐을만들거면 그것만할것이지 굳이 왜 골판지를끼워넣어서 만화를 더 막장으로가게만들지?",
    "rating": "1",
    "date": "13.11.12"
  },
  {
    "review_id": "8076853",
    "movie_id": "101038",
    "author": "pich****",
    "review": "저도  시험 끝나고 엄마 허락 받고 간신히 봤어요!! 정만 성우 연기 소름 돋았고..마지막에 울었어요ㅜㅜ 슬퍼서~ 정말 재미는 최고^^",
    "rating": "10",
    "date": "13.10.21"
  },
  {
    "review_id": "8060637",
    "movie_id": "101038",
    "author": "ilov****",
    "review": "완~~전 재밌음!! (도대체 이걸 어떻게 만들었을까..?대박인데.)",
    "rating": "10",
    "date": "13.10.14"
  },
  {
    "review_id": "8024294",
    "movie_id": "101038",
    "author": "ajsa****",
    "review": "일단 전문성우들만 썼다는 점에서 8점. 지금 같은 시대에서 이렇게 하는 것만으로도 충분히 이만한 별점 받을만 하다",
    "rating": "8",
    "date": "13.09.30"
  },
  {
    "review_id": "8005145",
    "movie_id": "101038",
    "author": "qkrt****",
    "review": "일단 썬더일레븐 극장판이므로 이유없는 10점.하지만 재미는 없엉....",
    "rating": "10",
    "date": "13.09.21"
  },
  {
    "review_id": "8004948",
    "movie_id": "101038",
    "author": "yhok****",
    "review": "할거 없을때 투니버스서 나오길래 봤는데 진짜 막장쓰레기다 그냥 축구는 안하고 축구공으로 피구하드라",
    "rating": "1",
    "date": "13.09.21"
  },
  {
    "review_id": "7917345",
    "movie_id": "101038",
    "author": "dlen****",
    "review": "재미있어요.",
    "rating": "10",
    "date": "13.08.24"
  },
  {
    "review_id": "7916543",
    "movie_id": "101038",
    "author": "rkgl****",
    "review": "로봇하고 축구하고 안맞을것같은조합이라고생각햇는데 흥미진진하게 잘본거같다",
    "rating": "10",
    "date": "13.08.24"
  },
  {
    "review_id": "7912204",
    "movie_id": "101038",
    "author": "joha****",
    "review": "ㄷㅅㄴㄷOOOㅈㅅㄴOOOㄷㅅㅇㅂㄱㄷㅈㅎ",
    "rating": "10",
    "date": "13.08.22"
  },
  {
    "review_id": "7909495",
    "movie_id": "101038",
    "author": "azaz****",
    "review": "이 영화는 진짜 잘 만들었고 아이들이 어느 영화 보다 좋아할 영화!!",
    "rating": "10",
    "date": "13.08.21"
  },
  {
    "review_id": "7898409",
    "movie_id": "101038",
    "author": "hikk****",
    "review": "OST는 번역 안한게 더 좋은것같다...",
    "rating": "9",
    "date": "13.08.18"
  },
  {
    "review_id": "7883187",
    "movie_id": "101038",
    "author": "qran****",
    "review": "예쁘다 동윤아......",
    "rating": "10",
    "date": "13.08.15"
  },
  {
    "review_id": "7863096",
    "movie_id": "101038",
    "author": "ejgk****",
    "review": "나는 별점 전사다",
    "rating": "1",
    "date": "13.08.09"
  },
  {
    "review_id": "7845374",
    "movie_id": "101038",
    "author": "adh0****",
    "review": "어이없는 영화다",
    "rating": "1",
    "date": "13.08.05"
  },
  {
    "review_id": "7830238",
    "movie_id": "101038",
    "author": "toy_****",
    "review": "왜 성우가지고 그럼... 걍 잼씀.. 나는...",
    "rating": "10",
    "date": "13.08.03"
  },
  {
    "review_id": "7767048",
    "movie_id": "101038",
    "author": "kims****",
    "review": "보기",
    "rating": "10",
    "date": "13.07.20"
  },
  {
    "review_id": "7742787",
    "movie_id": "101038",
    "author": "9min****",
    "review": "재미있네요",
    "rating": "10",
    "date": "13.07.14"
  },
  {
    "review_id": "7712284",
    "movie_id": "101038",
    "author": "tngu****",
    "review": "1",
    "rating": "10",
    "date": "13.07.07"
  },
  {
    "review_id": "7697603",
    "movie_id": "101038",
    "author": "lees****",
    "review": "재밌어요.",
    "rating": "10",
    "date": "13.07.02"
  },
  {
    "review_id": "7693118",
    "movie_id": "101038",
    "author": "shot****",
    "review": "대박",
    "rating": "10",
    "date": "13.06.30"
  },
  {
    "review_id": "7692777",
    "movie_id": "101038",
    "author": "rain****",
    "review": "나는이현승이다",
    "rating": "10",
    "date": "13.06.30"
  },
  {
    "review_id": "7689179",
    "movie_id": "101038",
    "author": "thsg****",
    "review": "뻔해",
    "rating": "1",
    "date": "13.06.29"
  },
  {
    "review_id": "7688487",
    "movie_id": "101038",
    "author": "kimy****",
    "review": "D",
    "rating": "10",
    "date": "13.06.29"
  },
  {
    "review_id": "7687514",
    "movie_id": "101038",
    "author": "dpse****",
    "review": "까~~ 히로 반,!!!! 텐마!! 니들이 나온것만으로도 행복해!!!!",
    "rating": "10",
    "date": "13.06.28"
  },
  {
    "review_id": "7679289",
    "movie_id": "101038",
    "author": "jgjk****",
    "review": "짱좋아보인다.",
    "rating": "10",
    "date": "13.06.25"
  },
  {
    "review_id": "7671738",
    "movie_id": "101038",
    "author": "jpg0****",
    "review": "겁나게 재밌어!!!",
    "rating": "10",
    "date": "13.06.23"
  },
  {
    "review_id": "7668028",
    "movie_id": "101038",
    "author": "kunm****",
    "review": "차라리  테니스의 왕자가 낫겠다....",
    "rating": "1",
    "date": "13.06.22"
  },
  {
    "review_id": "7656670",
    "movie_id": "101038",
    "author": "doy7****",
    "review": "액션샷 좋습니다",
    "rating": "10",
    "date": "13.06.19"
  },
  {
    "review_id": "7656238",
    "movie_id": "101038",
    "author": "chan****",
    "review": "더빙 싫어요",
    "rating": "1",
    "date": "13.06.19"
  },
  {
    "review_id": "7652422",
    "movie_id": "101038",
    "author": "ktc_****",
    "review": "리얼 개꿀잼...... 영화가 개연성 없고 전개도 빨라서 한번 보고나면 뭐지 싶은데 그래도 개꿀잼이네요 하앜............ 근데 비명소리가 너무 시끄러워서 고막터지는줄 암 ㄷㄷ;;;;;;;",
    "rating": "10",
    "date": "13.06.17"
  },
  {
    "review_id": "7651922",
    "movie_id": "101038",
    "author": "miwh****",
    "review": "재미 없다.",
    "rating": "1",
    "date": "13.06.17"
  },
  {
    "review_id": "7650954",
    "movie_id": "101038",
    "author": "solu****",
    "review": "아이들이 좋아했어요. 잘 봤습니다~~",
    "rating": "9",
    "date": "13.06.17"
  },
  {
    "review_id": "7648578",
    "movie_id": "101038",
    "author": "rudw****",
    "review": "4번보고 왔습니다! 디비디도 이미샀구요!계연아! 누나야!",
    "rating": "10",
    "date": "13.06.16"
  },
  {
    "review_id": "7648190",
    "movie_id": "101038",
    "author": "jjan****",
    "review": "축구에 대한 안좋은 인식을 부각시킴",
    "rating": "1",
    "date": "13.06.16"
  },
  {
    "review_id": "7647627",
    "movie_id": "101038",
    "author": "akdl****",
    "review": "짱 지미잇어요",
    "rating": "10",
    "date": "13.06.16"
  },
  {
    "review_id": "7647557",
    "movie_id": "101038",
    "author": "cree****",
    "review": "골드이카로스제로,포스를꼭같고싶다",
    "rating": "10",
    "date": "13.06.16"
  },
  {
    "review_id": "7646363",
    "movie_id": "101038",
    "author": "jaes****",
    "review": "막to the 장. 로봇과 축구는 무리한 조합.",
    "rating": "1",
    "date": "13.06.16"
  },
  {
    "review_id": "7643462",
    "movie_id": "101038",
    "author": "hanp****",
    "review": "사상 최초로 다른 만화 캐릭터들이 만났다... 그런 점에서 막장이긴 한데 막장성 멋지않게 재미도 짱짱.",
    "rating": "10",
    "date": "13.06.15"
  },
  {
    "review_id": "7643374",
    "movie_id": "101038",
    "author": "hoye****",
    "review": "이거 엄청 재미있다.",
    "rating": "10",
    "date": "13.06.15"
  },
  {
    "review_id": "7642750",
    "movie_id": "101038",
    "author": "heji****",
    "review": "재미",
    "rating": "10",
    "date": "13.06.15"
  },
  {
    "review_id": "7642700",
    "movie_id": "101038",
    "author": "moki****",
    "review": "좋아요",
    "rating": "10",
    "date": "13.06.15"
  },
  {
    "review_id": "7641476",
    "movie_id": "101038",
    "author": "tmd4****",
    "review": "재밌음",
    "rating": "10",
    "date": "13.06.15"
  },
  {
    "review_id": "7639699",
    "movie_id": "101038",
    "author": "dpse****",
    "review": "너무보고싶어요",
    "rating": "10",
    "date": "13.06.14"
  },
  {
    "review_id": "7639671",
    "movie_id": "101038",
    "author": "ksg7****",
    "review": "짱",
    "rating": "10",
    "date": "13.06.14"
  },
  {
    "review_id": "7631206",
    "movie_id": "101038",
    "author": "ritt****",
    "review": "봤는데 진짜 재밌었어요!!",
    "rating": "10",
    "date": "13.06.12"
  },
  {
    "review_id": "7630903",
    "movie_id": "101038",
    "author": "qort****",
    "review": "6/6일에 보러가다가 매진되서 6/8일에 다시 와서 봤더니..역시 보자고 졸라대길 잘했어! 라는 생각이 들었더군요!! 썬더일레븐때문에 갔는데 영화를 보다보니 골판지전사에도 관심이 생겨버렸다죠/ 산 왜이렇게 귀여운걸까요♥?",
    "rating": "10",
    "date": "13.06.12"
  },
  {
    "review_id": "7630723",
    "movie_id": "101038",
    "author": "tkfk****",
    "review": "나도 마지막에 울뻔했음 프란때문에",
    "rating": "10",
    "date": "13.06.12"
  },
  {
    "review_id": "7627622",
    "movie_id": "101038",
    "author": "fnzk****",
    "review": "썬더 일레븐 쨩!!!! 태검이 쨩♥♥♥♥",
    "rating": "10",
    "date": "13.06.11"
  },
  {
    "review_id": "7627244",
    "movie_id": "101038",
    "author": "rhks****",
    "review": "엄청재미있겠음",
    "rating": "10",
    "date": "13.06.11"
  },
  {
    "review_id": "7624946",
    "movie_id": "101038",
    "author": "send****",
    "review": "재밌다",
    "rating": "10",
    "date": "13.06.10"
  },
  {
    "review_id": "7624879",
    "movie_id": "101038",
    "author": "kaki****",
    "review": "이거보러 영화관가보니까 21석밖에 없어서 못보는줄;;;그래도 존나 재밌었어",
    "rating": "10",
    "date": "13.06.10"
  },
  {
    "review_id": "7624389",
    "movie_id": "101038",
    "author": "gldi****",
    "review": "히노특유의 막장과 초반부터의 작붕,화신암드가 신선한 충격을 주었고 전국 동시개봉이라해놓고 도서지역(제주…)는 개봉 안한게 정말 실망스러웠다",
    "rating": "9",
    "date": "13.06.10"
  },
  {
    "review_id": "7621599",
    "movie_id": "101038",
    "author": "ssw7****",
    "review": "전 극장판 제로에 비해선 많이 떨어지는게사실... 전체 스토리도 이상하고 사건이 너무 뜬금없음  등장캐릭이 늘다보니 절반이 공기화되서 배경도 되고...... 하지만 마지막 반전도 좋았고 임팩트가 쩔어줬지",
    "rating": "10",
    "date": "13.06.10"
  },
  {
    "review_id": "7619535",
    "movie_id": "101038",
    "author": "kids****",
    "review": "완전대박 재미있었다... 마지막 프란으로 인해 진짜로 감동밨았는데...^^",
    "rating": "10",
    "date": "13.06.09"
  },
  {
    "review_id": "7619269",
    "movie_id": "101038",
    "author": "tar_****",
    "review": "하...마지막에 프란 떄문에 울뻔 했음...진짜..ㅠㅠㅠㅠㅠㅠ 성우분 연기 대박!! 소름 돋았다며 ㅠㅠㅠ  편집은 아쉬웠음..왜 스틸컷에 있는데 슛을 쏘질 못해!",
    "rating": "10",
    "date": "13.06.09"
  },
  {
    "review_id": "7618318",
    "movie_id": "101038",
    "author": "ssbi****",
    "review": "솔직히 일점도 주기 힘듬 이상한 조합임 축구+로봇은 너무 무리였던듯...",
    "rating": "1",
    "date": "13.06.09"
  },
  {
    "review_id": "7617717",
    "movie_id": "101038",
    "author": "fkau****",
    "review": "새로운 시도는 좋았으나 무리수 인듯.....",
    "rating": "2",
    "date": "13.06.09"
  },
  {
    "review_id": "7616967",
    "movie_id": "101038",
    "author": "aba7****",
    "review": "스토리도 좋구 색다르고 특히 마지막 장면 재밌었습니다.",
    "rating": "10",
    "date": "13.06.09"
  },
  {
    "review_id": "7616234",
    "movie_id": "101038",
    "author": "shi8****",
    "review": "재밌어요",
    "rating": "10",
    "date": "13.06.09"
  },
  {
    "review_id": "7613588",
    "movie_id": "101038",
    "author": "rlad****",
    "review": "로봇이 총쏘면서 축구하고 애들이 날아다니는게 축구냐 전쟁이지",
    "rating": "1",
    "date": "13.06.08"
  },
  {
    "review_id": "7613576",
    "movie_id": "101038",
    "author": "opbk****",
    "review": "스킬이다양하고합동스킨ㄴ",
    "rating": "10",
    "date": "13.06.08"
  },
  {
    "review_id": "7612140",
    "movie_id": "101038",
    "author": "firs****",
    "review": "재밌음!",
    "rating": "10",
    "date": "13.06.08"
  },
  {
    "review_id": "7611923",
    "movie_id": "101038",
    "author": "kyun****",
    "review": "만화끼리 싸움붙이지 마라 ㅡ_ㅡ;;",
    "rating": "1",
    "date": "13.06.08"
  },
  {
    "review_id": "7611824",
    "movie_id": "101038",
    "author": "jjro****",
    "review": "완전 재미있다.",
    "rating": "10",
    "date": "13.06.08"
  },
  {
    "review_id": "7611627",
    "movie_id": "101038",
    "author": "lss1****",
    "review": "이 영화 메가박스 어디에서 해요",
    "rating": "10",
    "date": "13.06.08"
  },
  {
    "review_id": "7611106",
    "movie_id": "101038",
    "author": "hgu0****",
    "review": "푹 빠졌네여 정말 재밌어여 이런 영화 또 만들어 주세여 계속 쭉~~~~~~",
    "rating": "10",
    "date": "13.06.08"
  },
  {
    "review_id": "7610608",
    "movie_id": "101038",
    "author": "p014****",
    "review": "재미있었습니다!",
    "rating": "10",
    "date": "13.06.08"
  },
  {
    "review_id": "7610343",
    "movie_id": "101038",
    "author": "heea****",
    "review": "재미있다",
    "rating": "10",
    "date": "13.06.08"
  },
  {
    "review_id": "7609588",
    "movie_id": "101038",
    "author": "monk****",
    "review": "좋네요",
    "rating": "10",
    "date": "13.06.08"
  },
  {
    "review_id": "7608731",
    "movie_id": "101038",
    "author": "cho9****",
    "review": "일단 성우분들이  더빙했으니깐 나도드립니다 10점",
    "rating": "10",
    "date": "13.06.08"
  },
  {
    "review_id": "7608236",
    "movie_id": "101038",
    "author": "wx86****",
    "review": "성우가 더빙해서 10점",
    "rating": "10",
    "date": "13.06.08"
  },
  {
    "review_id": "7608212",
    "movie_id": "101038",
    "author": "rlat****",
    "review": "전 보구 왔습니다 ㅎ 근데 아쉬운건 더빙판이라서그런지 너무 편집하셨드라구요 화이트 프레스트 츠루기 하큐류 합동 필살기도 안낙와서 그게 흠이지만요",
    "rating": "8",
    "date": "13.06.08"
  },
  {
    "review_id": "7608148",
    "movie_id": "101038",
    "author": "hjgk****",
    "review": "보고싶다.",
    "rating": "10",
    "date": "13.06.08"
  },
  {
    "review_id": "7607172",
    "movie_id": "101038",
    "author": "jjun****",
    "review": "썬더일레븐go vs 골판지전사w 극장판  짱이야~~~~*^-^*     완전 재미있어♥♥♥♥  내가 좋아하는 만화 극장판이야.",
    "rating": "10",
    "date": "13.06.07"
  },
  {
    "review_id": "7607125",
    "movie_id": "101038",
    "author": "aaaw****",
    "review": "걍10점준다 일단",
    "rating": "10",
    "date": "13.06.07"
  },
  {
    "review_id": "7606717",
    "movie_id": "101038",
    "author": "chel****",
    "review": "페이..키나코...아 짱 좋아..",
    "rating": "9",
    "date": "13.06.07"
  },
  {
    "review_id": "7606499",
    "movie_id": "101038",
    "author": "baks****",
    "review": "/골판지전사/와/썬더 일레븐/과의 관계는/우시오&토라/나,나루토에,나오는/구미호/와/이무기/내지는/부라퀴/와의 관계와 같다.결론은,아무 관련 없다는 말씀/나루토/에 나오는//아카츠키//와/건담씨드/에나오는,모빌슈트//아카츠키//가 아무 관련없는거나..",
    "rating": "6",
    "date": "13.06.07"
  },
  {
    "review_id": "7605184",
    "movie_id": "101038",
    "author": "suh0****",
    "review": "빨리보고싶은데시간이없네ㅇㅡㅇ;;꼭봐야지~",
    "rating": "10",
    "date": "13.06.07"
  },
  {
    "review_id": "7605000",
    "movie_id": "101038",
    "author": "tjgm****",
    "review": "솔직히 이거 장르가 다른데 왜 만들었는지 모르겠네...",
    "rating": "1",
    "date": "13.06.07"
  },
  {
    "review_id": "7604337",
    "movie_id": "101038",
    "author": "tkcm****",
    "review": "극장에서  보세요..8-8 꼭! DVD이번에도  안나오겠죠..네..압니다..일판샀어요8-8..보실분들을  위해  스포일러는 자제합니다. 극장에서  꼭  보세요!!",
    "rating": "10",
    "date": "13.06.07"
  },
  {
    "review_id": "7604336",
    "movie_id": "101038",
    "author": "erke****",
    "review": "ㅋㅋ저 오늘 이거 보고 왔는데 재미이었어요~~근데 싸울때 수호는 없네요...",
    "rating": "9",
    "date": "13.06.07"
  },
  {
    "review_id": "7603940",
    "movie_id": "101038",
    "author": "leee****",
    "review": "재밌겠다",
    "rating": "10",
    "date": "13.06.07"
  },
  {
    "review_id": "7603917",
    "movie_id": "101038",
    "author": "j125****",
    "review": "ㄷ",
    "rating": "10",
    "date": "13.06.07"
  },
  {
    "review_id": "7603413",
    "movie_id": "101038",
    "author": "ahap****",
    "review": "스포츠 정신과 놀이의 진정한 재미를 알려즈는 교훈적인 이야기",
    "rating": "10",
    "date": "13.06.07"
  },
  {
    "review_id": "7602239",
    "movie_id": "101038",
    "author": "zzum****",
    "review": "정말 멋진 콜라보네요 ㅋㅋ 역사상 최고에요",
    "rating": "10",
    "date": "13.06.07"
  },
  {
    "review_id": "7601043",
    "movie_id": "101038",
    "author": "jisa****",
    "review": "정말 프란성우님 최고였어요 김새해 성우님의 소름 돋을 정도의연기! 제가 프란의 감정에 휘둘리는 느낌이었습니다! 시간 나면 또 볼 생각이에요! 쨌든 내용도 여러모로 기대이상이어서 즐거웠습니다!!",
    "rating": "10",
    "date": "13.06.07"
  },
  {
    "review_id": "7599476",
    "movie_id": "101038",
    "author": "my01****",
    "review": "진짜재밌음       보삼    썬더일레븐   저완전    팬임ㅋㅋ",
    "rating": "10",
    "date": "13.06.06"
  },
  {
    "review_id": "7598938",
    "movie_id": "101038",
    "author": "king****",
    "review": "적어도 이영화는 성우들을 썼다는거지 연예인들 되도 안되는 사람들 대려다 쓴것 보단 100배 났다",
    "rating": "10",
    "date": "13.06.06"
  },
  {
    "review_id": "7596353",
    "movie_id": "101038",
    "author": "jin9****",
    "review": "재미",
    "rating": "10",
    "date": "13.06.06"
  },
  {
    "review_id": "7596222",
    "movie_id": "101038",
    "author": "rhkd****",
    "review": "애들보기에 적합합니다  약간....찡~ 한 장면도 ㅋㅋ (성우님들 짱~!!)",
    "rating": "8",
    "date": "13.06.06"
  }
]