[
  {
    "review": "예정에 없던 후속작이라 그런지 초반 스토리는 조금 부드럽지 못하지만 마지막 액션씬과 음악은 명장면이다..",
    "date": "15.08.09",
    "rating": "8",
    "author": "blue****",
    "review_id": "10206575",
    "movie_id": "10111"
  },
  {
    "review": "[ IMDB 7.4/10 ] 이성의 시대에 만나는 정의적 영역의 판타지",
    "date": "15.08.08",
    "rating": "8",
    "author": "feel****",
    "review_id": "10202222",
    "movie_id": "10111"
  },
  {
    "review": "오우삼과 서극의 갈등속에 망가진 영화라고 하지만.... 난 1편보다 부족하지 않다고 생각한다.",
    "date": "15.07.18",
    "rating": "10",
    "author": "taeh****",
    "review_id": "10117024",
    "movie_id": "10111"
  },
  {
    "review": "더할나위 없는 속편 영화~",
    "date": "15.07.11",
    "rating": "10",
    "author": "kknd****",
    "review_id": "10090531",
    "movie_id": "10111"
  },
  {
    "review": "모든 개연성없는 설정이나 이야기가 준비되지 않은 속편이라는 것을 절실하게 보여준다. 그나마 건질 수 있는건 장국영의 전화부스 시퀀스 뿐이다.",
    "date": "15.07.09",
    "rating": "4",
    "author": "inos****",
    "review_id": "10085514",
    "movie_id": "10111"
  },
  {
    "review": "단점 좀 지적한다고 영화의 아우라가 사라지진 않을거라 믿고 쓴다. 1편과 비교해 보면 구성이나 연출에서 단점이 보인다. 사실 이 영화의 모든 허술한 이야기들이 명장면(전화박스, 최종 전투신)들을 보여주기 위해 존재한다고 보는게 맞을지도.",
    "date": "15.06.21",
    "rating": "8",
    "author": "getl****",
    "review_id": "10019182",
    "movie_id": "10111"
  },
  {
    "review": "국영이 형님은 전설 그 자체십니다",
    "date": "15.06.21",
    "rating": "10",
    "author": "seo2****",
    "review_id": "10016946",
    "movie_id": "10111"
  },
  {
    "review": "화려한 총격씬 눈이 즐거웠다.",
    "date": "15.06.20",
    "rating": "7",
    "author": "adiv****",
    "review_id": "10016182",
    "movie_id": "10111"
  },
  {
    "review": "이름 만으로 소름이...",
    "date": "15.05.23",
    "rating": "10",
    "author": "3dtc****",
    "review_id": "9940421",
    "movie_id": "10111"
  },
  {
    "review": "그 시절 ,,홍콩을 가고 싶게 만든 영화고 장국영 핵멋졌음~",
    "date": "15.05.12",
    "rating": "10",
    "author": "hair****",
    "review_id": "9913349",
    "movie_id": "10111"
  },
  {
    "review": "10번 넘게 본 유일한 영화",
    "date": "15.04.29",
    "rating": "10",
    "author": "midf****",
    "review_id": "9878439",
    "movie_id": "10111"
  },
  {
    "review": "평점 조정 점수로 10점 추가",
    "date": "15.04.03",
    "rating": "10",
    "author": "chan****",
    "review_id": "9824334",
    "movie_id": "10111"
  },
  {
    "review": "이 영화가 9점대를 왜 못넘기는가??? 영화볼줄 모르는 것들이 쑤두룩하구만",
    "date": "15.04.02",
    "rating": "10",
    "author": "ske4****",
    "review_id": "9821777",
    "movie_id": "10111"
  },
  {
    "review": "1편보다 2편이 더 재밌는 영화... 3편부터는 보지마",
    "date": "15.04.01",
    "rating": "10",
    "author": "guit****",
    "review_id": "9820135",
    "movie_id": "10111"
  },
  {
    "review": "장국영의 눈빛은 항상 슬픈눈이다.. 그래서 그런지 이 역을 잘 소화해냈던것 같다- 굳굳!",
    "date": "15.03.18",
    "rating": "10",
    "author": "tkfl****",
    "review_id": "9791402",
    "movie_id": "10111"
  },
  {
    "review": "악인이여 인과응보의 총탄을 받아라!",
    "date": "15.02.07",
    "rating": "9",
    "author": "nirv****",
    "review_id": "9676573",
    "movie_id": "10111"
  },
  {
    "review": "말이 필요가 없다. 전편에 버금가는 남자들의 영화.",
    "date": "15.01.17",
    "rating": "10",
    "author": "ldj0****",
    "review_id": "9606979",
    "movie_id": "10111"
  },
  {
    "review": "적룡,장국영 그리고 주윤발",
    "date": "15.01.15",
    "rating": "10",
    "author": "stev****",
    "review_id": "9598893",
    "movie_id": "10111"
  },
  {
    "review": "말이필요한가....",
    "date": "15.01.10",
    "rating": "10",
    "author": "ceci****",
    "review_id": "9582201",
    "movie_id": "10111"
  },
  {
    "review": "솔직히 2는  망작이다; 1에서 끝냈어야했을텐데",
    "date": "14.12.26",
    "rating": "3",
    "author": "kkd7****",
    "review_id": "9520527",
    "movie_id": "10111"
  },
  {
    "review": "이제서야 평점을 남겨 죄송합니다 마스터피스...",
    "date": "14.12.19",
    "rating": "10",
    "author": "meta****",
    "review_id": "9488077",
    "movie_id": "10111"
  },
  {
    "review": "지금다시봐도 최고임 ..",
    "date": "14.12.14",
    "rating": "10",
    "author": "vers****",
    "review_id": "9472513",
    "movie_id": "10111"
  },
  {
    "review": "액션 영화의 기초를 보는 느낌!",
    "date": "14.12.11",
    "rating": "8",
    "author": "psyc****",
    "review_id": "9464389",
    "movie_id": "10111"
  },
  {
    "review": "솔직히 1편이 10점이면 2편은 9.5점은 받아야된다. 평점이 8점대는 아니지..",
    "date": "14.11.23",
    "rating": "9",
    "author": "debo****",
    "review_id": "9413936",
    "movie_id": "10111"
  },
  {
    "review": "느와르하면 이거지 근대 갠적으로  주윤발이 사숙 정신차리게 할때는 좀 웃겻음ㅋㅋㅋ",
    "date": "14.11.05",
    "rating": "10",
    "author": "rmaa****",
    "review_id": "9342573",
    "movie_id": "10111"
  },
  {
    "review": "연기는 매우좋았다 역시 레전드. 하지만 몇몇 장면에서 약간 손발오그라드는건 어쩔수없었음...ㅋㅋ 평점은 10점!!",
    "date": "14.10.25",
    "rating": "10",
    "author": "k384****",
    "review_id": "9316665",
    "movie_id": "10111"
  },
  {
    "review": "지금은 코믹한소재로 많이 쓰여져서 안타깝지만 개봉당시  남자라면 누구나 동경하던 영화...레전드영화,,,",
    "date": "14.10.24",
    "rating": "10",
    "author": "jhjh****",
    "review_id": "9311781",
    "movie_id": "10111"
  },
  {
    "review": "진정한 레전드! 다시봐도 감탄사밖에 안나온다",
    "date": "14.10.20",
    "rating": "10",
    "author": "zzan****",
    "review_id": "9303923",
    "movie_id": "10111"
  },
  {
    "review": "송 호 연 이거보고엄청움",
    "date": "14.09.29",
    "rating": "10",
    "author": "pusa****",
    "review_id": "9249309",
    "movie_id": "10111"
  },
  {
    "review": "남자만 이해하고 눈물 흘리는...  남자의 영화..",
    "date": "14.09.27",
    "rating": "1",
    "author": "dxfo****",
    "review_id": "9243992",
    "movie_id": "10111"
  },
  {
    "review": "오래된 영화인데 볼만하네요",
    "date": "14.09.22",
    "rating": "8",
    "author": "namj****",
    "review_id": "9235443",
    "movie_id": "10111"
  },
  {
    "review": "남자라면 영웅본색을 잊을 수 없습니다.",
    "date": "14.09.20",
    "rating": "10",
    "author": "skun****",
    "review_id": "9229820",
    "movie_id": "10111"
  },
  {
    "review": "주인공들은 총 한두방 맞아도 안죽는다ㅋㅋ 무슨 터미네이터같다",
    "date": "14.09.12",
    "rating": "9",
    "author": "cool****",
    "review_id": "9206538",
    "movie_id": "10111"
  },
  {
    "review": "OOO밥들은 이영화보고 남자가되자  1에비해스토리는떨어지지만 윤발이형님간지는 ㄷㄷㄷ",
    "date": "14.08.26",
    "rating": "10",
    "author": "19oh****",
    "review_id": "9134095",
    "movie_id": "10111"
  },
  {
    "review": "최고였다! 안타까운 장국영씨~~ㅜ 노래로나마 그를 그리워해본다~!",
    "date": "14.08.24",
    "rating": "10",
    "author": "ange****",
    "review_id": "9128138",
    "movie_id": "10111"
  },
  {
    "review": "드물게 1편만큼 훌륭한 2편. 장국영의 공중전화 씬은 영화사에 길이 남을 명장면. 석천이 예전 성룡영화에서 큰점 붙이고 늘 성룡에게 당하는 우스꽝스러운 역할을 했던 배우와 동일인물이라는게 믿어지지가 않는다.",
    "date": "14.08.17",
    "rating": "10",
    "author": "whia****",
    "review_id": "9104262",
    "movie_id": "10111"
  },
  {
    "review": "평론가 노답 ㅡㅡ   ...",
    "date": "14.07.14",
    "rating": "10",
    "author": "ojes****",
    "review_id": "8915745",
    "movie_id": "10111"
  },
  {
    "review": "남자는 항상 가슴에 소년을 품고산다.. 내나이 어느덧50 아직도 이영화를 보면 피가 끓는다..사나이의 영화",
    "date": "14.06.11",
    "rating": "10",
    "author": "smet****",
    "review_id": "8821679",
    "movie_id": "10111"
  },
  {
    "review": "후반부에 나오는 액션신 내가 참여한 것 같이 흥미있게 봤네 ㅋㅋ 마지막엔 다죽네.. 그럼 3편엔 대체 누가 나오는겨... ㅋ 3편은 그냥 궁금해서 봐야겟다.",
    "date": "14.06.09",
    "rating": "8",
    "author": "rudl****",
    "review_id": "8817166",
    "movie_id": "10111"
  },
  {
    "review": "요즘영화엔 없는 진정과 의리가 있다....보고 말하자",
    "date": "14.05.27",
    "rating": "9",
    "author": "limp****",
    "review_id": "8768962",
    "movie_id": "10111"
  },
  {
    "review": "그때당시 나는 분무기에 빨간물감넣고 몸에 뿌리면서 총격신 흉내냄",
    "date": "14.05.25",
    "rating": "10",
    "author": "kayw****",
    "review_id": "8763283",
    "movie_id": "10111"
  },
  {
    "review": "홍콩 느와르의 대표작.",
    "date": "14.04.19",
    "rating": "10",
    "author": "bsm9****",
    "review_id": "8660161",
    "movie_id": "10111"
  },
  {
    "review": "잊을수없는희대의명작",
    "date": "14.04.01",
    "rating": "10",
    "author": "hhss****",
    "review_id": "8622411",
    "movie_id": "10111"
  },
  {
    "review": "초딩시절 SBS영화특급에서 해주었던 영화.. 90년대 중후반까지는 홍콩영화 참 많이 틀어줬었는데.. 영웅본색은 지금봐도 재미있음. 특히 선글라스 킬러가 멋있었음.",
    "date": "14.03.26",
    "rating": "10",
    "author": "didc****",
    "review_id": "8608160",
    "movie_id": "10111"
  },
  {
    "review": "내인생의영화 장국영 그립다  그의 선한 눈.",
    "date": "14.03.26",
    "rating": "10",
    "author": "fefe****",
    "review_id": "8607951",
    "movie_id": "10111"
  },
  {
    "review": "나온지 오래된 영화라 효과나 엉성함 그런게 떨어지긴 하지만 이 영화를 재미있게 봤다? 이 영화는 홍콩영화  전성기 시대에 몇 개 안되는 수작중에 하나다. 이 영화를 재밌게 봤다는 사람들은 다시 봐라. 오락성으로 재밌게 볼 영화가 아니다.",
    "date": "14.03.25",
    "rating": "10",
    "author": "pcsx****",
    "review_id": "8605093",
    "movie_id": "10111"
  },
  {
    "review": "어려운 지인에게 귤을 한줌 먹이고 나서 기뻐할때의 의리란..",
    "date": "14.02.24",
    "rating": "7",
    "author": "bfwe****",
    "review_id": "8533418",
    "movie_id": "10111"
  },
  {
    "review": "주윤발 쌍둥이 설정이 좀 깨지만 윤발이 형님 없으면 앙꼬없는 찐빵이지",
    "date": "14.02.02",
    "rating": "9",
    "author": "ckr3****",
    "review_id": "8465257",
    "movie_id": "10111"
  },
  {
    "review": "최고입니다. 우리시대 최고의 영화",
    "date": "14.02.02",
    "rating": "10",
    "author": "jsm9****",
    "review_id": "8465191",
    "movie_id": "10111"
  },
  {
    "review": "이영화가 개봉했을때 본사람이다 지금도 기억이 생생하다 딴건 그만두고 홍콩영화의 황금기를 주도한 전설적인 영화라 할수있다",
    "date": "14.02.02",
    "rating": "10",
    "author": "edmo****",
    "review_id": "8465161",
    "movie_id": "10111"
  },
  {
    "review": "1편을 뛰어넘지못함.",
    "date": "14.02.02",
    "rating": "8",
    "author": "mazm****",
    "review_id": "8465086",
    "movie_id": "10111"
  },
  {
    "review": "전편과 같은 스릴은 없지만 마지막 총격씬 만큼은 인상적",
    "date": "14.01.11",
    "rating": "8",
    "author": "dizi****",
    "review_id": "8371076",
    "movie_id": "10111"
  },
  {
    "review": "진짜 최고 무한 쌍권총 액션은 진짜 최고다 ㅎ",
    "date": "14.01.08",
    "rating": "10",
    "author": "pc59****",
    "review_id": "8360635",
    "movie_id": "10111"
  },
  {
    "review": "1은 전설의 느와르 지만... 2는 좀 오버였음.장국영 죽고 장례식 까지는 좋았는데 마지막 총싸움은 좀 유치했음.먼가 오글거리고 그래서 평점 8.5를 주는데 사사오입으로 9줌.",
    "date": "13.12.16",
    "rating": "9",
    "author": "sams****",
    "review_id": "8218843",
    "movie_id": "10111"
  },
  {
    "review": "남자라면 10번 봣다...",
    "date": "13.11.20",
    "rating": "10",
    "author": "bear****",
    "review_id": "8155404",
    "movie_id": "10111"
  },
  {
    "review": "그냥 한마디로 죽인다...",
    "date": "13.11.20",
    "rating": "9",
    "author": "rodt****",
    "review_id": "8154034",
    "movie_id": "10111"
  },
  {
    "review": "그야말로 레전드영화이다!",
    "date": "13.11.09",
    "rating": "10",
    "author": "dark****",
    "review_id": "8128523",
    "movie_id": "10111"
  },
  {
    "review": "아직도 여운이 남는  주제가  ㅎㅎ",
    "date": "13.11.09",
    "rating": "9",
    "author": "sira****",
    "review_id": "8127169",
    "movie_id": "10111"
  },
  {
    "review": "최고의 홍콩 느와르 명작",
    "date": "13.11.06",
    "rating": "10",
    "author": "cyk4****",
    "review_id": "8119436",
    "movie_id": "10111"
  },
  {
    "review": "진짜 홍콩영화 리즈시절을 열어준 영화 92년생이지만 다운받아서 봤는데 볼때마다 바지에 질질쌌다 진짜",
    "date": "13.10.11",
    "rating": "10",
    "author": "answ****",
    "review_id": "8053995",
    "movie_id": "10111"
  },
  {
    "review": "25년이 지났지만 아직도 이 영화를 넘어서지 못했다. 오우삼 본인조차도.",
    "date": "13.10.01",
    "rating": "10",
    "author": "shes****",
    "review_id": "8024919",
    "movie_id": "10111"
  },
  {
    "review": "극장가서 3번 봤다..중1때 ㅡㅡ;; 말이 필요없는~~",
    "date": "13.09.17",
    "rating": "10",
    "author": "gksw****",
    "review_id": "7987744",
    "movie_id": "10111"
  },
  {
    "review": "총싸움이라는건 무술영화와는 달리 실력의 격차를 알수가 없게 된다먼저 쏘거나 먼저 기습하면 허무하게 어느 한쪽이 끝나버리는게 총싸움인데그럼에도 이 영화는 총으로 무공을 펼쳐낸 세상을 보는것 같다.",
    "date": "13.09.01",
    "rating": "10",
    "author": "popi****",
    "review_id": "7941291",
    "movie_id": "10111"
  },
  {
    "review": "영웅본색1,2는남자의로망이며레전드지아오늘또봐야지!!",
    "date": "13.08.24",
    "rating": "10",
    "author": "wprh****",
    "review_id": "7918317",
    "movie_id": "10111"
  },
  {
    "review": "남자의 영화지",
    "date": "13.08.24",
    "rating": "10",
    "author": "zcxx****",
    "review_id": "7918311",
    "movie_id": "10111"
  },
  {
    "review": "87년 비디오로 친구들과 보고나서 놀라던 그 순간은 영원히 잊을 수 없다.",
    "date": "13.08.24",
    "rating": "10",
    "author": "bese****",
    "review_id": "7916916",
    "movie_id": "10111"
  },
  {
    "review": "장국영의 전화 부스 씬 하나만으로 10점을 줄 가치가 있다.",
    "date": "13.08.21",
    "rating": "10",
    "author": "jayp****",
    "review_id": "7908119",
    "movie_id": "10111"
  },
  {
    "review": "예전에 보고 이렇게 생각했지... '이게 남자의 세계, 의리 이구나...' 암튼 10점도 모자란 영화~",
    "date": "13.07.28",
    "rating": "10",
    "author": "kyok****",
    "review_id": "7794104",
    "movie_id": "10111"
  },
  {
    "review": "다들 미친 연기력. 정말 말도 안되는 연기력... 주연들이 다 하정우 최민식이야... ㅎㄷㄷ",
    "date": "13.07.13",
    "rating": "10",
    "author": "hbo1****",
    "review_id": "7735454",
    "movie_id": "10111"
  },
  {
    "review": "누가 감히 레전드를 욕되게 하는가?",
    "date": "13.07.02",
    "rating": "10",
    "author": "kyo1****",
    "review_id": "7696568",
    "movie_id": "10111"
  },
  {
    "review": "홍콩영화를 만나는 입문서로는 최적격.",
    "date": "13.06.28",
    "rating": "7",
    "author": "rygh****",
    "review_id": "7686049",
    "movie_id": "10111"
  },
  {
    "review": "굿입니다",
    "date": "13.06.27",
    "rating": "10",
    "author": "bool****",
    "review_id": "7682484",
    "movie_id": "10111"
  },
  {
    "review": "막판의 대살육극. 참 잘 죽는다!",
    "date": "13.06.26",
    "rating": "8",
    "author": "pont****",
    "review_id": "7680349",
    "movie_id": "10111"
  },
  {
    "review": "전작에 비해 별로였다",
    "date": "13.06.25",
    "rating": "1",
    "author": "mara****",
    "review_id": "7679522",
    "movie_id": "10111"
  },
  {
    "review": "우와 난 여자인데도 이 영화 진짜 잘봤고 평점 1000점주고 싶음 !! 소장가치 충분한영화 ㅠㅠ",
    "date": "13.06.18",
    "rating": "10",
    "author": "chan****",
    "review_id": "7655647",
    "movie_id": "10111"
  },
  {
    "review": "닥치고 10점만점에 10점 100점줘도 안아까움 :)",
    "date": "13.06.18",
    "rating": "10",
    "author": "maxw****",
    "review_id": "7654514",
    "movie_id": "10111"
  },
  {
    "review": "테스토스테론 내음이 물씬 풍긴다.",
    "date": "13.06.13",
    "rating": "8",
    "author": "sbas****",
    "review_id": "7634349",
    "movie_id": "10111"
  },
  {
    "review": "1보다는 조금 못미치는거 같다. 글치만 충분히 보기 좋은작.",
    "date": "13.06.12",
    "rating": "10",
    "author": "qorc****",
    "review_id": "7629201",
    "movie_id": "10111"
  },
  {
    "review": "레슬리 공중전화...못 잊는다....",
    "date": "13.06.02",
    "rating": "10",
    "author": "kimj****",
    "review_id": "7571353",
    "movie_id": "10111"
  },
  {
    "review": "도대체  이게 왜 1탄보다 별점이 낮은거냐 ost도 그렇고 배우들의 연기도 그렇고 연출도 그렇고 1편보다 훨씬 뛰어난데 명장면도 많고 특히 공중전화에서 장국영 죽을때...",
    "date": "13.05.31",
    "rating": "10",
    "author": "hats****",
    "review_id": "7567256",
    "movie_id": "10111"
  },
  {
    "review": "기자,평론가 평점이 더 높다니..ㅋ 난 영웅본색2가 더 재밌던데...",
    "date": "13.05.28",
    "rating": "9",
    "author": "blis****",
    "review_id": "7560191",
    "movie_id": "10111"
  },
  {
    "review": "남자의 의리로 후까시 잡기에 원조다.",
    "date": "13.05.24",
    "rating": "10",
    "author": "kimg****",
    "review_id": "7552415",
    "movie_id": "10111"
  },
  {
    "review": "플롯을 버리고 미쟝센을 택한 후속작.",
    "date": "13.05.18",
    "rating": "6",
    "author": "24th****",
    "review_id": "7537483",
    "movie_id": "10111"
  },
  {
    "review": "1탄을 따라가지 못한다..",
    "date": "13.05.16",
    "rating": "7",
    "author": "chba****",
    "review_id": "7532380",
    "movie_id": "10111"
  },
  {
    "review": "허세본색2",
    "date": "13.05.12",
    "rating": "1",
    "author": "fero****",
    "review_id": "7525001",
    "movie_id": "10111"
  },
  {
    "review": "어렸을때 봤을땐 정말 재미있었는데 지금다시보니깐 별로다.....",
    "date": "13.05.11",
    "rating": "2",
    "author": "x_me****",
    "review_id": "7521454",
    "movie_id": "10111"
  },
  {
    "review": "아..장국영",
    "date": "13.04.27",
    "rating": "10",
    "author": "psyp****",
    "review_id": "7487229",
    "movie_id": "10111"
  },
  {
    "review": "적룡어깨 존나넓네 개멋있다",
    "date": "13.04.12",
    "rating": "10",
    "author": "over****",
    "review_id": "7454428",
    "movie_id": "10111"
  },
  {
    "review": "경이롭다 1편도 좋았지만 2편도 할말이 없구나^^ 사나이가 뭔지 바람처럼 왔다 먼지처럼 간다",
    "date": "13.04.09",
    "rating": "10",
    "author": "dlgo****",
    "review_id": "7445810",
    "movie_id": "10111"
  },
  {
    "review": "밑에 놈이 나다. 그래 사회정의를 위해서 한 짓이라고 생각하겠다. 일부러 키트한테 치명상 안입히게 총 쏜것도 알고 있다. 의리!",
    "date": "13.04.01",
    "rating": "10",
    "author": "ziav****",
    "review_id": "7428557",
    "movie_id": "10111"
  },
  {
    "review": "밑에놈은 뇌가없나? 그녀석이 경찰인게 틀켰으니 자기라도 살아남아야지 ㅉㅉ 그래서 쏜건데 다치게하면 의심받으니까 죽이려고한거아니냐 호구냐 물론 마지막 문장은 동감 ^^",
    "date": "13.03.31",
    "rating": "8",
    "author": "kill****",
    "review_id": "7424552",
    "movie_id": "10111"
  },
  {
    "review": "뭔가 스토리가 엉성하다 아호는 애초에 키트 사건에서 빼낼려고 일에 뛰어든 건데 키트를 쏘질 않나. 그리고 동생을 잃은 아호한테 복수심이 안느껴진다. 물론 의리라는 말로 정당화할 수 있지만",
    "date": "13.03.29",
    "rating": "5",
    "author": "nata****",
    "review_id": "7418991",
    "movie_id": "10111"
  },
  {
    "review": "레전드.",
    "date": "13.03.22",
    "rating": "10",
    "author": "lll8****",
    "review_id": "7394312",
    "movie_id": "10111"
  },
  {
    "review": "레전드란 말이 어울리는 몇 안되는 영화중 하나",
    "date": "13.03.14",
    "rating": "10",
    "author": "ssba****",
    "review_id": "7346707",
    "movie_id": "10111"
  },
  {
    "review": "이해못하는 90년대생들이 안타까울 뿐이다.",
    "date": "13.02.27",
    "rating": "10",
    "author": "st10****",
    "review_id": "7305899",
    "movie_id": "10111"
  },
  {
    "review": "영웅본색보면서 느끼는건데 헐리우드에서 리메이크를 하면 어떨지 생각해본다",
    "date": "13.02.25",
    "rating": "7",
    "author": "xx41****",
    "review_id": "7301398",
    "movie_id": "10111"
  },
  {
    "review": "마지막에 모두를 올킬 시키고 쇼파에 앉아있는 삼인팟이 아주 멋졌다",
    "date": "13.02.23",
    "rating": "10",
    "author": "danz****",
    "review_id": "7292634",
    "movie_id": "10111"
  },
  {
    "review": "말이  필요 없는 영화",
    "date": "13.02.13",
    "rating": "10",
    "author": "liyo****",
    "review_id": "7259484",
    "movie_id": "10111"
  },
  {
    "review": "전작보다는 덜하지만 그래도 전설",
    "date": "13.01.06",
    "rating": "10",
    "author": "soul****",
    "review_id": "7087148",
    "movie_id": "10111"
  },
  {
    "review": "최고의 영화 홍콩느와르의 최고봉.. 3번봤지만..볼때마다,,카타르시스가 오는단하나의 영화입니다. ost도 쵝오 발,석천,적룡등...쟁쟁한 배우들의 열연정말 남자라면 꼭한번 봐야할영화입니다, 적극 강추합니다.",
    "date": "12.12.04",
    "rating": "10",
    "author": "lott****",
    "review_id": "6972063",
    "movie_id": "10111"
  }
]