[
  {
    "review": "정말 멋지다. 이 시대에 태어나지를 못해서 당시의 감동을 온전히 느낄 수 없다는 것이 안타깝다.",
    "date": "15.08.26",
    "rating": "8",
    "author": "rosk****",
    "review_id": "10276709",
    "movie_id": "10113"
  },
  {
    "review": "액션영화를 보면서 눈물이 흐를수있다는걸 알았다.. 말이 필요한가? 걸작 오브 걸작",
    "date": "15.08.15",
    "rating": "10",
    "author": "spik****",
    "review_id": "10232266",
    "movie_id": "10113"
  },
  {
    "review": "내 인생 최고의 영화...가끔식 보곤 하는데, 볼 때마다 엽천문과 주윤발이 엇갈리며 서로를 찾는 마지막 장면에 가슴이 울컥한다. 조금전에 또 보고나서 평점 다는중...",
    "date": "15.05.11",
    "rating": "10",
    "author": "wkae****",
    "review_id": "9911342",
    "movie_id": "10113"
  },
  {
    "review": "기억에 남는 명장면이 너무나 많은 홍콩느와르 최고의 명작. 서로를 찾지못하고 어긋나는 엔딩씬은 너무나 가슴아프고 슬프다. 개인적으로 홍콩영화 3대명작을 꼽자면, 천녀유혼, 천장지구, 그리고 이 영화를 꼽는다.",
    "date": "15.05.10",
    "rating": "10",
    "author": "kjk9****",
    "review_id": "9910052",
    "movie_id": "10113"
  },
  {
    "review": "비디오 테입 2개짜리 영화",
    "date": "15.04.03",
    "rating": "10",
    "author": "chan****",
    "review_id": "9824326",
    "movie_id": "10113"
  },
  {
    "review": "간지란 이런 것..홍콩느와르의 진수를 보여주는 작품이다. 슬로우모션을 이용한 인상적인 액션씬과 사나이들의 의리와 우정을 보여주는  인상적인 대사들이 돋보이는 수작이다.",
    "date": "15.03.02",
    "rating": "9",
    "author": "pola****",
    "review_id": "9752064",
    "movie_id": "10113"
  },
  {
    "review": "오직 으리 하나로 살으리~",
    "date": "15.02.01",
    "rating": "9",
    "author": "pont****",
    "review_id": "9656018",
    "movie_id": "10113"
  },
  {
    "review": "미녀와 야수의 비극이 떠오른다.",
    "date": "15.01.09",
    "rating": "10",
    "author": "band****",
    "review_id": "9577914",
    "movie_id": "10113"
  },
  {
    "review": "이런 명작에는 다른 말이 필요없음",
    "date": "15.01.07",
    "rating": "10",
    "author": "suke****",
    "review_id": "9570102",
    "movie_id": "10113"
  },
  {
    "review": "절대로,그 어떠한 경우에도,리메이크 하지 말야야 할,제일 첫번째 순위 영화 !",
    "date": "14.12.12",
    "rating": "10",
    "author": "nasu****",
    "review_id": "9466742",
    "movie_id": "10113"
  },
  {
    "review": "르와르 최고의 작품 중 하나입니다",
    "date": "14.11.23",
    "rating": "10",
    "author": "eund****",
    "review_id": "9413922",
    "movie_id": "10113"
  },
  {
    "review": "잼나게보다 이래야 평점이 안없어짐",
    "date": "14.11.21",
    "rating": "7",
    "author": "2328****",
    "review_id": "9407015",
    "movie_id": "10113"
  },
  {
    "review": "이 영화는 고독할때봐야 진가를 안다. 시대는 상관없다. 지금봐도 똑같은 감동과 완성도를 느낄 수 있는 시대를 초월한 영화다.",
    "date": "14.11.20",
    "rating": "10",
    "author": "john****",
    "review_id": "9403268",
    "movie_id": "10113"
  },
  {
    "review": "80년대 감성. 현재보면 약간 유치..게다가 줄거리에 처음부터 결말까지 다 나와있음 아놔 -_-....괜히 읽었네..",
    "date": "14.11.17",
    "rating": "6",
    "author": "sona****",
    "review_id": "9395174",
    "movie_id": "10113"
  },
  {
    "review": "Only Bulit 4 Cuban Linx....라는 희대의 마피오소 랩 명반을 만든 최고의 영화 감사합니다~ 오우삼 감독님 !",
    "date": "14.09.28",
    "rating": "8",
    "author": "goom****",
    "review_id": "9246056",
    "movie_id": "10113"
  },
  {
    "review": "처음접한게 중2때였는데 그충격을아직도잊을수없다 요즘같은시대엔유치한3류영화로 치부할지라도 내기억속엔 명작으로남을거다 작년에다시봤는데지금봐도 촌스럽진않다",
    "date": "14.09.16",
    "rating": "10",
    "author": "19oh****",
    "review_id": "9218233",
    "movie_id": "10113"
  },
  {
    "review": "홍콩느와르는 영웅본색으로부터 시작되었고 첩혈쌍웅을 끝으로 홍콩 느와르는 저물어 갔다 그리고 무간도가 부활을 알렸다",
    "date": "14.08.04",
    "rating": "10",
    "author": "ushj****",
    "review_id": "9025438",
    "movie_id": "10113"
  },
  {
    "review": "겉멋과 도의로 가득찬 총싸움",
    "date": "14.08.03",
    "rating": "6",
    "author": "setm****",
    "review_id": "9017635",
    "movie_id": "10113"
  },
  {
    "review": "살인청부업자 미화. 말도 안되는 총싸움으로 떡칠된 영화.",
    "date": "14.07.20",
    "rating": "1",
    "author": "mara****",
    "review_id": "8935304",
    "movie_id": "10113"
  },
  {
    "review": "첩혈쌍웅..주윤발과  이수현   7080세대들에  명화..",
    "date": "14.07.18",
    "rating": "10",
    "author": "sejo****",
    "review_id": "8928731",
    "movie_id": "10113"
  },
  {
    "review": "홍콩느와르의 완성형.. 모든 킬러의 표본을 완성한 주윤발의 연기",
    "date": "14.06.19",
    "rating": "9",
    "author": "nirv****",
    "review_id": "8840963",
    "movie_id": "10113"
  },
  {
    "review": "25년이 지났건만... 아직도...",
    "date": "14.06.08",
    "rating": "10",
    "author": "hier****",
    "review_id": "8813902",
    "movie_id": "10113"
  },
  {
    "review": "영웅본색을 지나 역대 최고의 느와르...  연기. 움악..스토리 뭐하나 지금봐도 모자른게 없다..마지막 엔딩은 지금봐도 진정 슬프다",
    "date": "14.05.27",
    "rating": "10",
    "author": "limp****",
    "review_id": "8768966",
    "movie_id": "10113"
  },
  {
    "review": "느와르란 이런것 느와르의 모든것",
    "date": "14.05.05",
    "rating": "10",
    "author": "48tl****",
    "review_id": "8705171",
    "movie_id": "10113"
  },
  {
    "review": "10번정도는 본거 같은데 아직도 매년 1번씩은 꼭 보는 나만의 영화...엽청문의 주제곡과 마지막 장면이 아직도 기억에 남는다 장철감독의 금연자와 철수무정과 비슷한 스토리구성..두 남자의 우정을 정말 아름답게 그렸다",
    "date": "14.04.19",
    "rating": "9",
    "author": "thra****",
    "review_id": "8659159",
    "movie_id": "10113"
  },
  {
    "review": "중국인들에게 의리의 화신으로 각인 되어있는 관운장은 조폭세계에서도 성인으로 추앙 받고있다. 지금 시각으로 보니 좀 우스운 장면도 있지만 주윤발 때문에 그 당시 대한민국 중고딩들의 흡연율이 꽤 높아지고 밀키스가 엄청 인기였다.",
    "date": "14.03.03",
    "rating": "6",
    "author": "hagj****",
    "review_id": "8553076",
    "movie_id": "10113"
  },
  {
    "review": "내나이 서른다섯~그 어린나이에 이런영화를 접하고 지금 나이되도록 이토록 여운을 남길 영화가 앞으로도 있을까~",
    "date": "14.02.23",
    "rating": "10",
    "author": "new8****",
    "review_id": "8530133",
    "movie_id": "10113"
  },
  {
    "review": "닥치고 주윤발남자라면 주윤발",
    "date": "14.02.06",
    "rating": "10",
    "author": "zzar****",
    "review_id": "8479059",
    "movie_id": "10113"
  },
  {
    "review": "홍콩 느와르의 최고봉 개인적으로 영웅본색보다 좋다",
    "date": "14.02.02",
    "rating": "10",
    "author": "ckr3****",
    "review_id": "8465283",
    "movie_id": "10113"
  },
  {
    "review": "요즘 홍콩영화는 왜케 다 오글거리는지..",
    "date": "14.01.04",
    "rating": "10",
    "author": "revo****",
    "review_id": "8347081",
    "movie_id": "10113"
  },
  {
    "review": "요즘 비해 스토리는 별론데 결말과 주윤발 총싸움 때문에 9.5점을 주겠음",
    "date": "13.12.16",
    "rating": "10",
    "author": "sams****",
    "review_id": "8218853",
    "movie_id": "10113"
  },
  {
    "review": "무슨말이 필요한가 최고걸작인데",
    "date": "13.12.12",
    "rating": "10",
    "author": "sadc****",
    "review_id": "8208333",
    "movie_id": "10113"
  },
  {
    "review": "느와르액션 중의 최고지!! 주윤발만큼 바바리가 잘어울리는 배우는 본적이없다. 진짜 잘생기고 멋있다.",
    "date": "13.12.09",
    "rating": "10",
    "author": "kmhh****",
    "review_id": "8201188",
    "movie_id": "10113"
  },
  {
    "review": "걸작이다.뭔말이 필요하겠는가?",
    "date": "13.11.09",
    "rating": "10",
    "author": "dark****",
    "review_id": "8128530",
    "movie_id": "10113"
  },
  {
    "review": "마지막 성당최후의결전에 날아오르는 비둘기는 잊혀지지 않는다.",
    "date": "13.10.09",
    "rating": "9",
    "author": "ydh2****",
    "review_id": "8046196",
    "movie_id": "10113"
  },
  {
    "review": "중국식 유교주의와 의형제 정신으로 점철된 무협극! 오우삼 감독 특유의 뻔뻔한 도벽이 역겹지만! 극 전체를 휘감는 화려함, 비장미, 협객정신이.. 20년이 넘도록, 강렬하게 영화를 빛낸다! 현존하는 아시아 최고 배우 주윤발의 힘과 매력이 찬란히 빛난다!",
    "date": "13.10.08",
    "rating": "9",
    "author": "wana****",
    "review_id": "8044314",
    "movie_id": "10113"
  },
  {
    "review": "지금의 시각으로 이영화를 보면 안됨...개봉당시의 감성과 영상으로 봐야 진수를 느낄수있음...그리고 이영화를 총싸움 영화로 보지말고 현대로 시간을 옮긴 새로운형태의 무협으로 봐야함...칼이 총으로 바꼈을뿐...총알이 무한대니 안죽니 이런건 그렇게 설명",
    "date": "13.09.27",
    "rating": "9",
    "author": "opti****",
    "review_id": "8018137",
    "movie_id": "10113"
  },
  {
    "review": "홍콩 영화로서 A급의 오락 영화임에 분명하지만 오우삼의 과장된 액션은 옥의 티가 되어 미션임파서블2에서 한꺼번에 전락함을 보여준다",
    "date": "13.09.22",
    "rating": "9",
    "author": "dudw****",
    "review_id": "8008673",
    "movie_id": "10113"
  },
  {
    "review": "굿...더이상 말이 필요없는 홍콩 느와르의 걸작",
    "date": "13.09.03",
    "rating": "9",
    "author": "psm3****",
    "review_id": "7944959",
    "movie_id": "10113"
  },
  {
    "review": "영웅본색이 콜트라면 이영환 베레타  당시 홍콩영화수준에 깜놀 .존우의 헐리웃행은 당연수순.",
    "date": "13.08.18",
    "rating": "9",
    "author": "id15****",
    "review_id": "7897576",
    "movie_id": "10113"
  },
  {
    "review": "더이상  말이 필요없다. 백문이불여일견. .강추",
    "date": "13.08.06",
    "rating": "10",
    "author": "sinu****",
    "review_id": "7850392",
    "movie_id": "10113"
  },
  {
    "review": "벌써 20년전 영화라니 지금봐도 재밌네 영웅본색과 함께 홍콩최고의 액션영화라 생각한다 주윤발은 이때가 제일 멋있었다 총이 너무잘 어울리는 배우",
    "date": "13.08.04",
    "rating": "10",
    "author": "fere****",
    "review_id": "7839570",
    "movie_id": "10113"
  },
  {
    "review": "24년만에 다시 봐도 볼만했다... 왜 이영화가 영웅본색2와 함께 우리 학창시절 기억의 한부분으로 남아 있는 홍콩영화중 하나인지 느끼게 된다.",
    "date": "13.07.13",
    "rating": "10",
    "author": "acto****",
    "review_id": "7734137",
    "movie_id": "10113"
  },
  {
    "review": "주윤발전성기 얼굴은 동양인중최고네. 장동건보다 훨씬낫다. 조각같은이목구비에 작은 얼굴하며 올백이 저렇게 잘어울리다니...새감 감동스러운 얼굴이군,.,,",
    "date": "13.07.12",
    "rating": "8",
    "author": "5192****",
    "review_id": "7728839",
    "movie_id": "10113"
  },
  {
    "review": "주윤발 주연 국내개봉작중에 초대박을 친 영화... 이영화때문에..롯데의 광고 모델로 발탁되어서 당시 한국돈으로 엄청난 거금을 받고 밀키스 광고도 찍었지.. 그리고 방송국 코미디프로와 각종 오락프로에 첩혈쌍웅이 유행하기도..액션하난 끝내줌.",
    "date": "13.07.11",
    "rating": "9",
    "author": "adiv****",
    "review_id": "7727443",
    "movie_id": "10113"
  },
  {
    "review": "난무하는 총알 사이로 날아가는 하얀 비둘기",
    "date": "13.06.25",
    "rating": "6",
    "author": "cont****",
    "review_id": "7679951",
    "movie_id": "10113"
  },
  {
    "review": "엔딩이 넘 슬퍼요 :(",
    "date": "13.06.18",
    "rating": "10",
    "author": "maxw****",
    "review_id": "7654525",
    "movie_id": "10113"
  },
  {
    "review": "영웅본색보다 훨씬 잼있었다. 이영화보고 눈물이 나왔다. 정말 좋은작품.",
    "date": "13.06.12",
    "rating": "10",
    "author": "qorc****",
    "review_id": "7629343",
    "movie_id": "10113"
  },
  {
    "review": "무슨 말이 필요할까..",
    "date": "13.05.16",
    "rating": "10",
    "author": "gge1****",
    "review_id": "7531074",
    "movie_id": "10113"
  },
  {
    "review": "중간중간에 오그라드는 대사들 빼곤 내용, 액션 모든 게 완벽한 정통 느와르",
    "date": "13.05.15",
    "rating": "8",
    "author": "swhn****",
    "review_id": "7528673",
    "movie_id": "10113"
  },
  {
    "review": "이건 말이안돼 첩혈쌍웅보다 더 나은 영화가 몇개나 되다고 되물어 보고싶다",
    "date": "13.04.08",
    "rating": "10",
    "author": "zhey****",
    "review_id": "7443037",
    "movie_id": "10113"
  },
  {
    "review": "이것이 로망이다",
    "date": "13.03.30",
    "rating": "10",
    "author": "gydn****",
    "review_id": "7422575",
    "movie_id": "10113"
  },
  {
    "review": "홍콩영화의 한장르의 극점",
    "date": "13.02.13",
    "rating": "10",
    "author": "lee_****",
    "review_id": "7258549",
    "movie_id": "10113"
  },
  {
    "review": "굉장히 상투적이면서도 신파적인 영화 입니다. 그런데 묘하게 재밌는 매력이 있네요. 이런게 홍콩 액션 영화인가요? 아니면 80년대 홍콩영화에 이 퀄리티는 대단한건가요 굉장히 거품끼낀 작품이기도 하네요",
    "date": "13.02.09",
    "rating": "7",
    "author": "neoi****",
    "review_id": "7242125",
    "movie_id": "10113"
  },
  {
    "review": "이건 헐리웃 액션 영화같은 킬링타임용 영화가 아니야 예술영화지",
    "date": "13.02.07",
    "rating": "10",
    "author": "wldu****",
    "review_id": "7233132",
    "movie_id": "10113"
  },
  {
    "review": "10점도 부족함",
    "date": "13.01.22",
    "rating": "10",
    "author": "ssr5****",
    "review_id": "7153382",
    "movie_id": "10113"
  },
  {
    "review": "주윤발형님의 영화중에 최고라고 하고 싶은 영화 첩혈쌍웅",
    "date": "13.01.11",
    "rating": "10",
    "author": "suna****",
    "review_id": "7102201",
    "movie_id": "10113"
  },
  {
    "review": "어이없네..이영화가 9점대초반 평점이라니.최하9.5이상은 가야할듯",
    "date": "13.01.01",
    "rating": "10",
    "author": "kts7****",
    "review_id": "7069445",
    "movie_id": "10113"
  },
  {
    "review": "영웅본색과 더불어 최강의 홍콩 느와르",
    "date": "12.12.20",
    "rating": "9",
    "author": "figh****",
    "review_id": "7021058",
    "movie_id": "10113"
  },
  {
    "review": "남자들의 우정은 이래야 한다며 영화 볼 때마다 술에 취한 기억이 새록새록...",
    "date": "12.12.07",
    "rating": "10",
    "author": "spar****",
    "review_id": "6979651",
    "movie_id": "10113"
  },
  {
    "review": "내 젊은날의 한조각 같은 영화.. 다시 올수 없는 시절이기때문에 더 애틋한듯..",
    "date": "12.12.01",
    "rating": "10",
    "author": "into****",
    "review_id": "6951883",
    "movie_id": "10113"
  },
  {
    "review": "이영화가 20년전꺼라니 놀랏다 하나도 버릴 장면이 없다",
    "date": "12.11.29",
    "rating": "9",
    "author": "ligh****",
    "review_id": "6939980",
    "movie_id": "10113"
  },
  {
    "review": "재밌네.",
    "date": "12.10.13",
    "rating": "5",
    "author": "kara****",
    "review_id": "6795271",
    "movie_id": "10113"
  },
  {
    "review": "지금에 와서 보면야 뭐 이런 영화가 다 있냐란 반응이겠지만, 이 영화가 나올 때의 시점에서 본다면 흥행할만 했다고 봄.",
    "date": "12.10.02",
    "rating": "9",
    "author": "wank****",
    "review_id": "6753125",
    "movie_id": "10113"
  },
  {
    "review": "찐땅 장화 만땅 운도화~",
    "date": "12.09.19",
    "rating": "8",
    "author": "atar****",
    "review_id": "6713923",
    "movie_id": "10113"
  },
  {
    "review": "크크크..이래서 내가 예전 어릴때 홍콩영화 안봤다..뭐 하자는 거니..",
    "date": "12.09.15",
    "rating": "1",
    "author": "chok****",
    "review_id": "6698750",
    "movie_id": "10113"
  },
  {
    "review": "지나치게 과장되어도 다 용서가 되었던 스타일리쉬 홍콩 르와르의 결정판 그리고 \"사랑해요~ 밀키스\"의 주윤발이 있었다",
    "date": "12.09.04",
    "rating": "9",
    "author": "frei****",
    "review_id": "6670421",
    "movie_id": "10113"
  },
  {
    "review": "또다시 추억에 젖어보자!",
    "date": "12.07.10",
    "rating": "10",
    "author": "mbk3****",
    "review_id": "6466324",
    "movie_id": "10113"
  },
  {
    "review": "오우삼은 느와르를 잘 만들어",
    "date": "12.07.09",
    "rating": "10",
    "author": "mey4****",
    "review_id": "6464361",
    "movie_id": "10113"
  },
  {
    "review": "영웅본색에서 시작되어 첩혈쌍웅에서 완성되고 홍콩느와르는 그렇게 저물어갔다.",
    "date": "12.05.15",
    "rating": "10",
    "author": "ruka****",
    "review_id": "6301670",
    "movie_id": "10113"
  },
  {
    "review": "평점 낮게 주는 잉간들 멍미?ㅡㅡ내가 볼땐 최고구만 뭘",
    "date": "12.04.29",
    "rating": "10",
    "author": "snst****",
    "review_id": "6256440",
    "movie_id": "10113"
  },
  {
    "review": "홍콩르와느의 정점이 아닐까 ... 아직도 한번씩 OST를 듣고있네 ^^",
    "date": "12.04.24",
    "rating": "10",
    "author": "jtbl****",
    "review_id": "6243842",
    "movie_id": "10113"
  },
  {
    "review": "주윤발 씨의 멋진 액션연기는 시들줄을 모름 ㅠㅠ 그시대로 말하면 캡임~",
    "date": "12.04.22",
    "rating": "10",
    "author": "art1****",
    "review_id": "6239377",
    "movie_id": "10113"
  },
  {
    "review": "오우삼.....참 추억돋네....당신이 있어 행복했다.",
    "date": "12.04.04",
    "rating": "10",
    "author": "icet****",
    "review_id": "6193401",
    "movie_id": "10113"
  },
  {
    "review": "아무리그래도 너무억지잖아...노래만생각나네",
    "date": "12.03.24",
    "rating": "4",
    "author": "rlaw****",
    "review_id": "6163798",
    "movie_id": "10113"
  },
  {
    "review": "89년 영화! 지금에야 보니 어쩔 수 없는 듯. 과장된 액션과 진부화된 스토리",
    "date": "12.03.22",
    "rating": "1",
    "author": "jjaj****",
    "review_id": "6160943",
    "movie_id": "10113"
  },
  {
    "review": "느와르의 정석",
    "date": "12.03.21",
    "rating": "10",
    "author": "drea****",
    "review_id": "6158227",
    "movie_id": "10113"
  },
  {
    "review": "천장지구. 영웅본색. 지존무상.첩혈쌍웅   4대영화중. 천장지구다음으로 최고",
    "date": "12.02.13",
    "rating": "10",
    "author": "mins****",
    "review_id": "6071644",
    "movie_id": "10113"
  },
  {
    "review": "10점이다 이건. 그나저나 성규안 참 끈질기네..",
    "date": "12.02.05",
    "rating": "10",
    "author": "kimy****",
    "review_id": "6053824",
    "movie_id": "10113"
  },
  {
    "review": "다섯번은 봤다",
    "date": "12.01.14",
    "rating": "10",
    "author": "nike****",
    "review_id": "5984246",
    "movie_id": "10113"
  },
  {
    "review": "총든사내들 중 가장 멋진 사내 주윤발의 카리스마 넘치는 액션!! 홍콩느와르의 절정!",
    "date": "12.01.04",
    "rating": "10",
    "author": "yjwd****",
    "review_id": "5959357",
    "movie_id": "10113"
  },
  {
    "review": "오우삼감독의 홍콩느와르 최고의 걸작!",
    "date": "11.11.19",
    "rating": "10",
    "author": "zmfp****",
    "review_id": "5858271",
    "movie_id": "10113"
  },
  {
    "review": "홍콩 느와르의 지존.",
    "date": "11.11.18",
    "rating": "10",
    "author": "gwon****",
    "review_id": "5856880",
    "movie_id": "10113"
  },
  {
    "review": "갠적으로 영웅본색보다 더 감동저으로 봤음",
    "date": "11.11.13",
    "rating": "9",
    "author": "sall****",
    "review_id": "5847869",
    "movie_id": "10113"
  },
  {
    "review": "당시 홍콩 영화의 미래를 보여준... 홍콩 느와르의 정점..",
    "date": "11.11.02",
    "rating": "10",
    "author": "jazz****",
    "review_id": "5824190",
    "movie_id": "10113"
  },
  {
    "review": "말이 필요한가?",
    "date": "11.09.28",
    "rating": "9",
    "author": "zeta****",
    "review_id": "5757202",
    "movie_id": "10113"
  },
  {
    "review": "개봉당시느낌과 지금보는느낌은 다르겠지만 홍콩 느와르의 진수라는건 사실!",
    "date": "11.09.09",
    "rating": "8",
    "author": "seag****",
    "review_id": "5717679",
    "movie_id": "10113"
  },
  {
    "review": "영웅본색 만큼 재미있는 영화.",
    "date": "11.08.23",
    "rating": "8",
    "author": "ango****",
    "review_id": "5681139",
    "movie_id": "10113"
  },
  {
    "review": "그냥 재밌게 보긴 했는데 총격씬은 정말 비현실 비효율",
    "date": "11.08.17",
    "rating": "7",
    "author": "hny1****",
    "review_id": "5663078",
    "movie_id": "10113"
  },
  {
    "review": "홍콩 느와르의 진수",
    "date": "11.08.10",
    "rating": "9",
    "author": "crys****",
    "review_id": "5634393",
    "movie_id": "10113"
  },
  {
    "review": "쓰레기총질영화 애나오는건 총수OO맞어 죽질않어  인간이터미네이터인가 맨날똑같에",
    "date": "11.08.02",
    "rating": "1",
    "author": "bone****",
    "review_id": "5590997",
    "movie_id": "10113"
  },
  {
    "review": "헐리웃가서3류조연에 대머리다된 윤발ㅃ돌이가 딴영화 평점깍구다님  나도1점준다",
    "date": "11.08.02",
    "rating": "1",
    "author": "vndn****",
    "review_id": "5590970",
    "movie_id": "10113"
  },
  {
    "review": "겉멋쓰레기로 똘똘 뭉치다.",
    "date": "11.07.15",
    "rating": "1",
    "author": "pria****",
    "review_id": "5545017",
    "movie_id": "10113"
  },
  {
    "review": "영웅본색을 비롯해 나를 사로잡은 몇 안되는 홍콩 느와르",
    "date": "11.06.27",
    "rating": "8",
    "author": "thec****",
    "review_id": "5503767",
    "movie_id": "10113"
  },
  {
    "review": "강호의 의리는 아직 죽지않았다!!",
    "date": "11.06.12",
    "rating": "10",
    "author": "lbj4****",
    "review_id": "5477999",
    "movie_id": "10113"
  },
  {
    "review": "최악 .. 영웅본색 하고 천지차이... 으... 닭살",
    "date": "11.06.05",
    "rating": "1",
    "author": "llti****",
    "review_id": "5465039",
    "movie_id": "10113"
  },
  {
    "review": "하;오늘 다시 봤는데..중딩때 봤던걸 지금 다시 보니 코메디갔다는ㅋㅋ\r\n그래도 짱!ㅋ",
    "date": "11.05.17",
    "rating": "7",
    "author": "zosu****",
    "review_id": "5432356",
    "movie_id": "10113"
  },
  {
    "review": "홍콩영화의 전성기를 이끌던 또다른 명작",
    "date": "11.05.08",
    "rating": "8",
    "author": "mais****",
    "review_id": "5415105",
    "movie_id": "10113"
  },
  {
    "review": "최고의 느와르 였다.",
    "date": "11.03.20",
    "rating": "10",
    "author": "pree****",
    "review_id": "5324684",
    "movie_id": "10113"
  },
  {
    "review": "이수현턱에 난 점에 길게 뻗은 털이 진짜 옥에 티네 계속 거슬려ㅠㅠ 왜 남긴건지.",
    "date": "11.02.23",
    "rating": "10",
    "author": "cafe****",
    "review_id": "5269943",
    "movie_id": "10113"
  }
]