[
  {
    "review": "적룡 따꺼 사랑해요 이 영화를 계속 보다보면 적룡이 진짜 남자임",
    "date": "15.08.27",
    "rating": "10",
    "author": "guch****",
    "review_id": "10277861",
    "movie_id": "10110"
  },
  {
    "review": "30년이 지난 지금 봐도 멋진 영화",
    "date": "15.08.26",
    "rating": "10",
    "author": "lsh5****",
    "review_id": "10275777",
    "movie_id": "10110"
  },
  {
    "review": "내일생최고의여운과여파가있었던영화는영웅본색과올드보이",
    "date": "15.08.21",
    "rating": "10",
    "author": "qkfo****",
    "review_id": "10257451",
    "movie_id": "10110"
  },
  {
    "review": "20년이지난 지금도 즬즬쩌면서 봤다",
    "date": "15.08.18",
    "rating": "10",
    "author": "cs79****",
    "review_id": "10247764",
    "movie_id": "10110"
  },
  {
    "review": "20대인 나도 이영화를보고 요즘 액션은 이거 발끝에도 못따라오는구나라는걸 느꼇다.",
    "date": "15.08.15",
    "rating": "10",
    "author": "lim1****",
    "review_id": "10234708",
    "movie_id": "10110"
  },
  {
    "review": "이제서야 봤네. 옛날영화라 좀 허접한 점이 많지만 당대 엄청난 시리즈물이었다.",
    "date": "15.08.14",
    "rating": "8",
    "author": "jere****",
    "review_id": "10226999",
    "movie_id": "10110"
  },
  {
    "review": "총 싸움에 관련된 또한 의리에 관련된 영화는 이영화가 처음이자 마지막이다",
    "date": "15.08.13",
    "rating": "9",
    "author": "kims****",
    "review_id": "10223432",
    "movie_id": "10110"
  },
  {
    "review": "으리이~가 아닌 진짜 의리영화. 홍콩을 동경하게 만든 바로 그 영화!",
    "date": "15.08.12",
    "rating": "9",
    "author": "pont****",
    "review_id": "10218434",
    "movie_id": "10110"
  },
  {
    "review": "[IMDB  7.6/10 ] 의리, 자존심에 관한 어른들의 동화",
    "date": "15.08.08",
    "rating": "8",
    "author": "feel****",
    "review_id": "10202175",
    "movie_id": "10110"
  },
  {
    "review": "홍콩 느와르의 본격적인 시작을 알린 영화.. 지금봐도 멋있는 사나이들의 액션..",
    "date": "15.08.08",
    "rating": "9",
    "author": "blue****",
    "review_id": "10200824",
    "movie_id": "10110"
  },
  {
    "review": "지존무상봐라 이건별로다",
    "date": "15.08.04",
    "rating": "1",
    "author": "zzzo****",
    "review_id": "10182606",
    "movie_id": "10110"
  },
  {
    "review": "지금도 설레인다. 주옥 같은 장면,음악들.. 갈수록 더 깊게 남는다.",
    "date": "15.08.01",
    "rating": "10",
    "author": "leon****",
    "review_id": "10170176",
    "movie_id": "10110"
  },
  {
    "review": "진정 이 영화는 할머니들 빤스 고무줄마냥 테이프 필름이 축~늘어지게 봐도 더 봐야하는 감히 평점을 매길수 없는 그런 영화다",
    "date": "15.07.30",
    "rating": "10",
    "author": "slsw****",
    "review_id": "10159734",
    "movie_id": "10110"
  },
  {
    "review": "지금껏 최고로 많이본 영화. 주윤발 정말 멋져",
    "date": "15.07.24",
    "rating": "10",
    "author": "sunt****",
    "review_id": "10138337",
    "movie_id": "10110"
  },
  {
    "review": "사나이들의 뜨거운 우정!!홍콩 느와르의 시작이자 최고의 명작~",
    "date": "15.07.11",
    "rating": "10",
    "author": "kknd****",
    "review_id": "10090528",
    "movie_id": "10110"
  },
  {
    "review": "뜻이 다른 형제, 피보다 진한 의리, 당시 홍콩 영화에서 유행하던 시놉시스를 뻔하게 썼지만 다른 영화들에 화려한 총격전이나 차별성 있는 이야기 구조등이 뛰어나다. 그럼에도 불구하고 홍콩영화 특유의 시대적 괴리감 때문에 지금 다시 보기에는 괴롭다.",
    "date": "15.07.09",
    "rating": "6",
    "author": "inos****",
    "review_id": "10085454",
    "movie_id": "10110"
  },
  {
    "review": "우정과 형제애... 주윤발의 쌍권총과 기관단총 연기는.... 나를 매료 시켰다.",
    "date": "15.07.07",
    "rating": "10",
    "author": "taeh****",
    "review_id": "10077808",
    "movie_id": "10110"
  },
  {
    "review": "홍콩영화는 영웅본색2편 천녀유혼 이 마지막이다",
    "date": "15.06.29",
    "rating": "10",
    "author": "dudl****",
    "review_id": "10052505",
    "movie_id": "10110"
  },
  {
    "review": "아카데미상을 탔던 영화던 말던 영화가 생긴이래 전세계영화역사상 넘버원은 영웅본색이다. 대단한스토리구성과 촬영기법 세대가 흘러도 여전히 세련된 영화음악과 독보적인 패션스타일. 진정한 영웅과 인생이 무엇인가를 보여주는 송자호(적룡) 와 소마(주윤발)",
    "date": "15.06.22",
    "rating": "10",
    "author": "jsis****",
    "review_id": "10022239",
    "movie_id": "10110"
  },
  {
    "review": "간지 작살 주윤발...",
    "date": "15.06.20",
    "rating": "8",
    "author": "adiv****",
    "review_id": "10016149",
    "movie_id": "10110"
  },
  {
    "review": "지금 보기에 특수효과는 유치해 보일지라도 투박하고 강렬한 사나이들만의 우정은 언제나 옳다",
    "date": "15.06.15",
    "rating": "8",
    "author": "sys9****",
    "review_id": "10002391",
    "movie_id": "10110"
  },
  {
    "review": "와.. 진짜 대박..ㅠㅠ",
    "date": "15.06.08",
    "rating": "10",
    "author": "hiph****",
    "review_id": "9984095",
    "movie_id": "10110"
  },
  {
    "review": "1이 그나마 제일 나은듯.. 요즘 보기엔 좀 그런거같다",
    "date": "15.06.04",
    "rating": "5",
    "author": "sjss****",
    "review_id": "9975743",
    "movie_id": "10110"
  },
  {
    "review": "주윤발 좋습니다 ㅎㅅㅎ",
    "date": "15.05.29",
    "rating": "8",
    "author": "hapo****",
    "review_id": "9958946",
    "movie_id": "10110"
  },
  {
    "review": "87년 고등학교 시절 사과궤짝 으로 만들어진 포스터판 에서 주윤발을 처음봤던 기억이 난다...그 시절 나의 우상이 되었던 주윤발..지금 중년이 된 내겐 그시절 만큼 소중한 추억이되는것이 얼마나 소중한 것인가...",
    "date": "15.05.24",
    "rating": "10",
    "author": "rati****",
    "review_id": "9943934",
    "movie_id": "10110"
  },
  {
    "review": "내가 생각하는 최고의 명장면, 송자호의 3년 감옥살이 후 소마를 다시 만날 때  주윤발의 서글픈 표정연기... 울먹이며 손을 내미는 장면.. 최고의 컷. 내 청춘의 한페이지를 장식한 최고의 영화",
    "date": "15.05.21",
    "rating": "10",
    "author": "mh38****",
    "review_id": "9935649",
    "movie_id": "10110"
  },
  {
    "review": "영웅본색... 나의 최고의 영화였다...",
    "date": "15.05.17",
    "rating": "10",
    "author": "take****",
    "review_id": "9925042",
    "movie_id": "10110"
  },
  {
    "review": "주윤발이 왜 인기많은지 알겠다",
    "date": "15.05.07",
    "rating": "10",
    "author": "toma****",
    "review_id": "9901070",
    "movie_id": "10110"
  },
  {
    "review": "이거 어디서보냐 토렌트찾기도 드럽게어렵다",
    "date": "15.04.20",
    "rating": "10",
    "author": "soob****",
    "review_id": "9854801",
    "movie_id": "10110"
  },
  {
    "review": "우리나라 잘 나가는 스타를 무시할 생각은 추호도 없다... 요즘 이민호?김수현?김우빈?이종석이 잘 나가는 한류스타라고 하지만 적룡은 감히 건드릴 수도 없고... 주윤발?장국영 역할을 4명이 한다... 힘들 거다...",
    "date": "15.04.07",
    "rating": "10",
    "author": "rkdh****",
    "review_id": "9832383",
    "movie_id": "10110"
  },
  {
    "review": "오늘따라 장국영이 더더욱 생각 나는 날이네요",
    "date": "15.04.01",
    "rating": "10",
    "author": "kilh****",
    "review_id": "9820789",
    "movie_id": "10110"
  },
  {
    "review": "어느 멍청한것이 이 영화를 싸구려 한국영화 따위랑 비교하는가??",
    "date": "15.03.31",
    "rating": "10",
    "author": "ske4****",
    "review_id": "9818121",
    "movie_id": "10110"
  },
  {
    "review": "남자들의 세계란 이런건가요? 정말 간지나네요",
    "date": "15.03.22",
    "rating": "10",
    "author": "nada****",
    "review_id": "9799237",
    "movie_id": "10110"
  },
  {
    "review": "봐도봐도 질리지가 않아.. 10대때 반했고 20대에 또보고30대에도 본다..",
    "date": "15.03.17",
    "rating": "10",
    "author": "terr****",
    "review_id": "9788946",
    "movie_id": "10110"
  },
  {
    "review": "이런게 간지!. 나도 저렇게 죽으면 소원이 없겠다...",
    "date": "15.03.15",
    "rating": "10",
    "author": "whdi****",
    "review_id": "9785744",
    "movie_id": "10110"
  },
  {
    "review": "남자, 남자, 남자를 위한 영화",
    "date": "15.03.14",
    "rating": "10",
    "author": "scv7****",
    "review_id": "9781538",
    "movie_id": "10110"
  },
  {
    "review": "다시 봤지만 최고의 영화~~!적룡, 장국영, 주윤발의 연기도 최고~~~!",
    "date": "15.03.14",
    "rating": "10",
    "author": "jose****",
    "review_id": "9781509",
    "movie_id": "10110"
  },
  {
    "review": "수십번 봐도 질리지 않는 전설의 영화.",
    "date": "15.03.12",
    "rating": "10",
    "author": "kap2****",
    "review_id": "9774481",
    "movie_id": "10110"
  },
  {
    "review": "1점 누구니!!! 답답하다..",
    "date": "15.03.12",
    "rating": "10",
    "author": "giny****",
    "review_id": "9774404",
    "movie_id": "10110"
  },
  {
    "review": "적룔이 출소해서 차를 닦고 있는 마크를 바라 보던 눈빛 그리고 마크의 외침..형은 새 삶을 살 용기가 있는데 넌 왜 형을 용서할 용기가 없는거야?..왜!!!.. 그 시대에 느끼고 볼수 있었서 그리고 이제 추억이 되어서 너무 기쁘다",
    "date": "15.03.10",
    "rating": "10",
    "author": "mone****",
    "review_id": "9770365",
    "movie_id": "10110"
  },
  {
    "review": "그 시절 추억으로 인한 평점 거품이 조금은 있는 영화.. 엉성한 스토리에 딱 7점 정도면 적당하지만 주윤발때문에 8점 드리네요.. 솔직히 9점대 영화는 아님..",
    "date": "15.03.10",
    "rating": "8",
    "author": "tkfr****",
    "review_id": "9770312",
    "movie_id": "10110"
  },
  {
    "review": "여기있는 이들의 영화평만봐도 장면들이 하나하나 떠올라서  울컥한다.. 정말 눈물이 맺힌다.  남자들의 영원한 명대사 \"형제란...!!\"",
    "date": "15.03.03",
    "rating": "10",
    "author": "andr****",
    "review_id": "9753966",
    "movie_id": "10110"
  },
  {
    "review": "이 영화를 보면  누구나 5만원 짜리를 말아서 담배를 피고 싶어진다. 그가 비흡연자라 할지라도",
    "date": "15.02.18",
    "rating": "10",
    "author": "kj88****",
    "review_id": "9710830",
    "movie_id": "10110"
  },
  {
    "review": "이영화 땜에 5만원짜리 태워서 담배피다 마누라한테 개쳐맞음 맞아도 이영화는 좋다 전설갑짱이다",
    "date": "15.02.13",
    "rating": "10",
    "author": "hide****",
    "review_id": "9691585",
    "movie_id": "10110"
  },
  {
    "review": "형제와의 우애~ 정말 소중한 가족애!!! 보고 싶은 우리형~ 인간으로서 기본적으로 지켜야할 약속입니다.",
    "date": "15.02.13",
    "rating": "10",
    "author": "selo****",
    "review_id": "9691241",
    "movie_id": "10110"
  },
  {
    "review": "명작이자  수많은  동양느와르들을  가려지게해  슬프게한 작품",
    "date": "15.02.04",
    "rating": "10",
    "author": "sira****",
    "review_id": "9666696",
    "movie_id": "10110"
  },
  {
    "review": "이 영화에 대해선 두말 필요없고... 충격적인건.. .오우삼 소시적 모습이 지금 김태호pd랑 너무 닮아서.. 쇼크 먹었엌ㅋㅋㅋ",
    "date": "15.02.03",
    "rating": "10",
    "author": "klei****",
    "review_id": "9662207",
    "movie_id": "10110"
  },
  {
    "review": "86년도에 만화방에서 불법비디오로 처음 봤을때 그 충격이란;; 30년 가까운 시간이 흘렀어도 한장면한장면 모두 새록새록하네",
    "date": "15.01.29",
    "rating": "10",
    "author": "dryo****",
    "review_id": "9647105",
    "movie_id": "10110"
  },
  {
    "review": "어렸을때 홍콩사람들은 잘 안죽는줄 알았다. 쏴도 쏴도 총알은 떨어지지 않는다",
    "date": "15.01.28",
    "rating": "10",
    "author": "dkss****",
    "review_id": "9644124",
    "movie_id": "10110"
  },
  {
    "review": "말이 필요해? 이건 레전드",
    "date": "15.01.27",
    "rating": "10",
    "author": "ding****",
    "review_id": "9641153",
    "movie_id": "10110"
  },
  {
    "review": "재밌네요 너무 옛날영화라 조금 아쉽.",
    "date": "15.01.25",
    "rating": "9",
    "author": "hkn2****",
    "review_id": "9634957",
    "movie_id": "10110"
  },
  {
    "review": "만점을 만번 주어도 모자란 영화",
    "date": "15.01.12",
    "rating": "10",
    "author": "xeno****",
    "review_id": "9588150",
    "movie_id": "10110"
  },
  {
    "review": "말이 필요한가? 지금도 영웅본색을 뛰어넘는 느와르는 손에 꼽는듯;;",
    "date": "15.01.12",
    "rating": "9",
    "author": "dndn****",
    "review_id": "9588104",
    "movie_id": "10110"
  },
  {
    "review": "깍두기들 미화 하는 영화,,,,",
    "date": "15.01.12",
    "rating": "1",
    "author": "devi****",
    "review_id": "9587377",
    "movie_id": "10110"
  },
  {
    "review": "진짜 잊지 못한다....",
    "date": "15.01.10",
    "rating": "10",
    "author": "ceci****",
    "review_id": "9582211",
    "movie_id": "10110"
  },
  {
    "review": "보는내내 전율이돋았다. 이 영화를 왜 지금봤을까 후회된다",
    "date": "15.01.06",
    "rating": "10",
    "author": "shwl****",
    "review_id": "9566657",
    "movie_id": "10110"
  },
  {
    "review": "캐릭터 스토리 연출 삼박자가 다 훌륭한 명작. 우리는 이런 걸 마스터피스라고 부릅니다.",
    "date": "14.12.24",
    "rating": "10",
    "author": "abys****",
    "review_id": "9505934",
    "movie_id": "10110"
  },
  {
    "review": "범죄는 따라하는게 아니다.",
    "date": "14.12.18",
    "rating": "1",
    "author": "heli****",
    "review_id": "9486353",
    "movie_id": "10110"
  },
  {
    "review": "이제서야 평점을 남겨서 죄송합니다  바바리 코트, 선글라스 ,권총 그리고 성냥개비...마스터피스...",
    "date": "14.12.17",
    "rating": "10",
    "author": "meta****",
    "review_id": "9479959",
    "movie_id": "10110"
  },
  {
    "review": "지금봐도 재미있는 최고의홍콩영화중하나.천장지구 영웅본색",
    "date": "14.12.14",
    "rating": "10",
    "author": "vers****",
    "review_id": "9472511",
    "movie_id": "10110"
  },
  {
    "review": "절대로,그 어떠한 경우에도,리메이크 하지 말야야 할,제일 첫번째 순위 영화 !",
    "date": "14.12.12",
    "rating": "10",
    "author": "nasu****",
    "review_id": "9466741",
    "movie_id": "10110"
  },
  {
    "review": "너무 멋진 윤발이 형. 감동적이고 OST도 너무 좋다",
    "date": "14.12.01",
    "rating": "10",
    "author": "spxk****",
    "review_id": "9437760",
    "movie_id": "10110"
  },
  {
    "review": "아무말이필요없는영화",
    "date": "14.11.16",
    "rating": "10",
    "author": "0102****",
    "review_id": "9391960",
    "movie_id": "10110"
  },
  {
    "review": "중3인데 일단 2까지봣다. 뭐 말할것도없다장국영 자살이 안타깝다",
    "date": "14.11.03",
    "rating": "10",
    "author": "wlgu****",
    "review_id": "9339372",
    "movie_id": "10110"
  },
  {
    "review": "유치함을 넘어서는 흡입력 있는 스토리와 남자도 반할듯한 멋드러짐이 가득한 영화이다.",
    "date": "14.11.03",
    "rating": "9",
    "author": "psyc****",
    "review_id": "9338069",
    "movie_id": "10110"
  },
  {
    "review": "엊그제 100번째 본듯..여친이 모르기래 다운받아서 보여줌..여친도 영화가 그냥 뮤직비디오라고 극찬",
    "date": "14.10.29",
    "rating": "10",
    "author": "masi****",
    "review_id": "9326261",
    "movie_id": "10110"
  },
  {
    "review": "주윤발 배 돌릴 때 넘 멋있있고, 메인 이야기인 형-아우의 갈등과 해결도 넘 재밌었다. 86년의 홍콩은 너무 깔끔하고 멋있었고.. 어쨌든 2005년에 본 이 영화는 나에게 충격이였고, 계속 생각나게 되어서 그 달에만 4번을 보았다.",
    "date": "14.10.28",
    "rating": "10",
    "author": "chba****",
    "review_id": "9324446",
    "movie_id": "10110"
  },
  {
    "review": "객관적으로 봐도 장국영 만한 미남은 홍콩이 망할때까지 절대 안나온다에 내 부달 두쪽건다..",
    "date": "14.10.27",
    "rating": "10",
    "author": "thef****",
    "review_id": "9321135",
    "movie_id": "10110"
  },
  {
    "review": "내 사춘기 머릿속을 으리로 체워준 영화!그 후로 한 100번은 본거 같다!",
    "date": "14.10.24",
    "rating": "10",
    "author": "fors****",
    "review_id": "9313931",
    "movie_id": "10110"
  },
  {
    "review": "아!  서대문 화양극장.... 야자 땡땡이 치고, 새우깡 하나들고 나나묵으믄서 같이 질질 짰던 친구들아.. 잘 살고들 있냐?  그 시절이 벌써 30년이 다 되가는구나...  70이 되서 다시 한 번 보믄  그때도  너들  생각이 날까?",
    "date": "14.09.29",
    "rating": "10",
    "author": "kaka****",
    "review_id": "9249631",
    "movie_id": "10110"
  },
  {
    "review": "홍콩 느와르를 느끼고 싶다면 이 영화를 봐라!",
    "date": "14.09.27",
    "rating": "9",
    "author": "psh_****",
    "review_id": "9244020",
    "movie_id": "10110"
  },
  {
    "review": "최고!최고!최고!최고!최고!최고!최고!최고!최고!최고!최고!최고!최고!",
    "date": "14.09.27",
    "rating": "1",
    "author": "dxfo****",
    "review_id": "9243804",
    "movie_id": "10110"
  },
  {
    "review": "봐도봐도 질리지않고 봐도봐도 새로운 느낌이있는 영화다 앞으로 24번만보면 100번본다",
    "date": "14.09.20",
    "rating": "10",
    "author": "wed2****",
    "review_id": "9229033",
    "movie_id": "10110"
  },
  {
    "review": "땅땅땅빵!!! 잼따 진짜로",
    "date": "14.09.09",
    "rating": "10",
    "author": "dw96****",
    "review_id": "9191358",
    "movie_id": "10110"
  },
  {
    "review": "남자의 감성과 로망을 불러일으키는 최고의 영화라 생각합니다. 남자라면 꼭 봐야할 영화 중 하나!",
    "date": "14.08.30",
    "rating": "10",
    "author": "qorb****",
    "review_id": "9144880",
    "movie_id": "10110"
  },
  {
    "review": "윤바리형님 그렇게까지 폼을 잡으면 보통 X폼같은데 윤바리형님이 잡으니 그냥 아우라네요 아우라",
    "date": "14.08.25",
    "rating": "10",
    "author": "kooh****",
    "review_id": "9131018",
    "movie_id": "10110"
  },
  {
    "review": "비중이나 분량으로 볼때 오우삼 감독이랑  제작진이 원랜 적룡,장국영에게 서포트라이트 집중했는데 뜻하지 않게 주윤발이 기대 이상으로 더 떠버렸다. 멋있었다 주윤발",
    "date": "14.08.24",
    "rating": "10",
    "author": "redl****",
    "review_id": "9128358",
    "movie_id": "10110"
  },
  {
    "review": "중3때 뭘 알까... 그냥 아무생각없이 본 영화인데 정말... 그때의 충격은 결코 잊을 수 없다. 갠적으로 적룡이 오토바이 타고 주윤발 구하러 하나탔을때 그 장면이 아직도 선하다... 주윤발의 마지막 대사 \"형제는!\" (탕~) 아.. 어찌 잊으리...",
    "date": "14.08.23",
    "rating": "10",
    "author": "min2****",
    "review_id": "9123417",
    "movie_id": "10110"
  },
  {
    "review": "느와르의 숙주같은 존재다.",
    "date": "14.08.21",
    "rating": "10",
    "author": "vldh****",
    "review_id": "9116687",
    "movie_id": "10110"
  },
  {
    "review": "열번을봐도 최고의 영화!!",
    "date": "14.08.20",
    "rating": "10",
    "author": "shed****",
    "review_id": "9115854",
    "movie_id": "10110"
  },
  {
    "review": "의리 영화 의 최고봉 , 80년대 홍콩느와르의 정점, 그리고 그들의 앙상블은 가히 최고였다.",
    "date": "14.08.19",
    "rating": "10",
    "author": "morp****",
    "review_id": "9111624",
    "movie_id": "10110"
  },
  {
    "review": "1010101010",
    "date": "14.08.11",
    "rating": "9",
    "author": "eaea****",
    "review_id": "9066673",
    "movie_id": "10110"
  },
  {
    "review": "으리으리 찐한 의리! 내 생애 손꼽히는 느와르.",
    "date": "14.08.03",
    "rating": "9",
    "author": "dpdj****",
    "review_id": "9015924",
    "movie_id": "10110"
  },
  {
    "review": "남자라면 10점을 줄 수 밖에 없는 영화 음악을 들을 때마다 소름과 전율이 돋는다...오우삼의 위엄",
    "date": "14.07.29",
    "rating": "10",
    "author": "pjw8****",
    "review_id": "8976169",
    "movie_id": "10110"
  },
  {
    "review": "감히 비교가 불가한 영화",
    "date": "14.07.23",
    "rating": "10",
    "author": "pand****",
    "review_id": "8943705",
    "movie_id": "10110"
  },
  {
    "review": "감동입니다. 정말 최고의 영화차음으로 평점 남기네요!!중국어 공부해서 자막없이 보니까 더 재밌는것 같아요 ^^",
    "date": "14.07.22",
    "rating": "10",
    "author": "jkrk****",
    "review_id": "8939494",
    "movie_id": "10110"
  },
  {
    "review": "나 태어나기 전에 개봉한 영화라서 웃길거 예상하고 봤는데 액션도 80년대 영화치고 괜찮고 배우들 연기도 잘하네. 적룡 주윤발 장국영 초호화 캐스팅이었던듯. 묘한 감동이 있다. 악역도 진짜 악랄하게 연기잘하네",
    "date": "14.07.05",
    "rating": "10",
    "author": "nerv****",
    "review_id": "8887771",
    "movie_id": "10110"
  },
  {
    "review": "이세기 최고의명작영화",
    "date": "14.07.04",
    "rating": "10",
    "author": "kss_****",
    "review_id": "8883551",
    "movie_id": "10110"
  },
  {
    "review": "천녀유혼따위랑 비교하지 마시길.",
    "date": "14.07.02",
    "rating": "7",
    "author": "soun****",
    "review_id": "8876106",
    "movie_id": "10110"
  },
  {
    "review": "이 정도 평가는 개 오바라서 1점준다 차라리 무간도가 낫지",
    "date": "14.06.23",
    "rating": "1",
    "author": "sala****",
    "review_id": "8848539",
    "movie_id": "10110"
  },
  {
    "review": "이 영화를 보고 내 암이 나았다~ 클레멘타인같이 비꼬는게 아니고 정말이다~ !",
    "date": "14.06.19",
    "rating": "10",
    "author": "revo****",
    "review_id": "8841596",
    "movie_id": "10110"
  },
  {
    "review": "모든게 복합이 되있는 남자의영화...주차장에서 재회하는 장면이나...마지막 보트에서 싸우는 장면은 아직도 눈물짓게 만드는...",
    "date": "14.06.18",
    "rating": "10",
    "author": "ass1****",
    "review_id": "8838131",
    "movie_id": "10110"
  },
  {
    "review": "영웅본색은 배우+음악+신파가 결합되어야 완성된다..",
    "date": "14.06.16",
    "rating": "10",
    "author": "hide****",
    "review_id": "8836135",
    "movie_id": "10110"
  },
  {
    "review": "남자라면 꼭 봐라. 음악부터 클라스가 다르다",
    "date": "14.06.16",
    "rating": "9",
    "author": "zxvt****",
    "review_id": "8834508",
    "movie_id": "10110"
  },
  {
    "review": "사실적인 액션과 장엄한 특수효과가 이제는 흔해져 버린 시대에도 이 영화를 찾게 되는건 그야말로 이 영화가 명작이기 때문이다",
    "date": "14.05.31",
    "rating": "9",
    "author": "supe****",
    "review_id": "8780364",
    "movie_id": "10110"
  },
  {
    "review": "이제는 홍콩 느와르의 전설이 된 영화.",
    "date": "14.05.27",
    "rating": "8",
    "author": "ogr5****",
    "review_id": "8770525",
    "movie_id": "10110"
  },
  {
    "review": "볼만함ㅎㅎ볼만함ㅎㅎ",
    "date": "14.05.27",
    "rating": "7",
    "author": "bigc****",
    "review_id": "8770071",
    "movie_id": "10110"
  },
  {
    "review": "극장에서 본지 20년이 넘어서야 평점 줄 기회가 생기다니...",
    "date": "14.05.27",
    "rating": "10",
    "author": "braa****",
    "review_id": "8769090",
    "movie_id": "10110"
  },
  {
    "review": "1편은 영웅담을 담았다면 2편은 만화같은 구성을 담았다고 오형님이 했던 기억이 나네여,3편은 서형님이 제작하고 망하고ㅋ하여간 오우삼감독에 의해 홍콩느와르가 탄생하고 장생긴그저그런배우 장국영을 스타로 만들고 적룡,주윤발에 의해서 의리형님을 먹여살린영화",
    "date": "14.05.27",
    "rating": "10",
    "author": "al2d****",
    "review_id": "8769056",
    "movie_id": "10110"
  },
  {
    "review": "이 영화는 액션영화가 아니죠 형제 친구에 관한 드라마죠..이 영화덕에 홍콩영화를 고딩때부터 봤는데..지금봐도..제게 이런 친구.이런 형이 있었으면 했습니다. 특히 주윤발은 잊을수 없네요. 한국영화..반만 따라갔으면 합니다.",
    "date": "14.05.27",
    "rating": "10",
    "author": "chop****",
    "review_id": "8769045",
    "movie_id": "10110"
  }
]