[
  {
    "review_id": "10050936",
    "movie_id": "101111",
    "author": "enfa****",
    "review": "진짜 꿀잼ㅋㅋ 다들 연기력 굿굿",
    "rating": "10",
    "date": "15.06.29"
  },
  {
    "review_id": "8327674",
    "movie_id": "101111",
    "author": "jih9****",
    "review": "방영자회장님 쩔었음ㅋㅋㅋ",
    "rating": "10",
    "date": "13.12.31"
  },
  {
    "review_id": "8286819",
    "movie_id": "101111",
    "author": "some****",
    "review": "칠푼이..! 반푼이!!",
    "rating": "10",
    "date": "13.12.24"
  },
  {
    "review_id": "8137155",
    "movie_id": "101111",
    "author": "west****",
    "review": "이게 최악의 막장드라마인줄 알았는데, 오로라공주가 한술더뜨는듯",
    "rating": "2",
    "date": "13.11.14"
  },
  {
    "review_id": "7888933",
    "movie_id": "101111",
    "author": "hwan****",
    "review": "이재밌는드라마를 왜본방사수를안햇는지ㅠ  웃다울다 정말재밌게잘봤어요^^  전인화씨 나이가무색할정도로 넘넘 이쁘셨다는~~~",
    "rating": "10",
    "date": "13.08.16"
  },
  {
    "review_id": "7855125",
    "movie_id": "101111",
    "author": "kkd1****",
    "review": "OOO기",
    "rating": "1",
    "date": "13.08.07"
  },
  {
    "review_id": "7722237",
    "movie_id": "101111",
    "author": "megi****",
    "review": "망한집이 에어컨이랑 냉장고봐라..헐~ㅋ",
    "rating": "1",
    "date": "13.07.10"
  },
  {
    "review_id": "7713817",
    "movie_id": "101111",
    "author": "nrgy****",
    "review": "재밌었어요.",
    "rating": "10",
    "date": "13.07.07"
  },
  {
    "review_id": "7701088",
    "movie_id": "101111",
    "author": "8484****",
    "review": "ㅋㅋㅋㅋㅋㅋㅋㅋㅋㅋㅋㅋ",
    "rating": "10",
    "date": "13.07.03"
  },
  {
    "review_id": "7697323",
    "movie_id": "101111",
    "author": "kant****",
    "review": "E채널에서 재방으로 마지막화보고왔는데화면아래쪽에 막장막장하면서도 다들 궁금해하던 그 최종회!라고 써있더라.너무 솔직해서 잔치국수 먹고싶어졌다 배고파",
    "rating": "7",
    "date": "13.07.02"
  },
  {
    "review_id": "7684832",
    "movie_id": "101111",
    "author": "mygr****",
    "review": "근래 들어 최강의 막장 스토리.. 하지만 배우들의 연기는 역시 프로.",
    "rating": "5",
    "date": "13.06.27"
  },
  {
    "review_id": "7674444",
    "movie_id": "101111",
    "author": "buch****",
    "review": "다들 막장 막장 하시는데 막장드라마 아닙니다. 우리사회에서 충분히 일어날수 있는 소재로서 시청자들에게 다가온 드라마 입니다.소재와 드라마 구성 전부 대만족 입니다. 작가님 수고하셨어요.앞으로 많이 그리울거 같습니다.",
    "rating": "10",
    "date": "13.06.24"
  },
  {
    "review_id": "7674373",
    "movie_id": "101111",
    "author": "jido****",
    "review": "완전 재밋는 드라마유진 정보석♥♥",
    "rating": "10",
    "date": "13.06.24"
  },
  {
    "review_id": "7674350",
    "movie_id": "101111",
    "author": "hyeo****",
    "review": "재미있게봤는데  막상 끝나니아쉽네요~~스페셜이나 뒷이야기  같은 내용도있었으면 좋겠네요♥♥",
    "rating": "10",
    "date": "13.06.24"
  },
  {
    "review_id": "7674291",
    "movie_id": "101111",
    "author": "xwin****",
    "review": "졸잼 이정진 전나 잘쌩김",
    "rating": "10",
    "date": "13.06.23"
  },
  {
    "review_id": "7674201",
    "movie_id": "101111",
    "author": "chgj****",
    "review": "한마디로 말해서 니들이 국수 맛을 알아?",
    "rating": "10",
    "date": "13.06.23"
  },
  {
    "review_id": "7674200",
    "movie_id": "101111",
    "author": "jjiw****",
    "review": "신구할아버지 니들이 국수맛을알아~!! ㅋㅋ하실때 완전 빵터짐. 웃다울다한 드라마 백년의유산 너무너무 재미지고 감동적이었어요~!!",
    "rating": "9",
    "date": "13.06.23"
  },
  {
    "review_id": "7674197",
    "movie_id": "101111",
    "author": "kore****",
    "review": "시청하는동안 즐거웠습니다 백년의유산팀 모두 고생많으셨습니다 끝나고나니 허전하네요~",
    "rating": "10",
    "date": "13.06.23"
  },
  {
    "review_id": "7674186",
    "movie_id": "101111",
    "author": "98ru****",
    "review": "너무 재미있었는데 끝나서 아쉽네요~배우들의 명품 연기와 작가님의 실력이 대단한 것 같네요ㅎ막장미면서도 슬프고 재미있어서 좋았어요!이제 무슨 낙으로 살죠?",
    "rating": "10",
    "date": "13.06.23"
  },
  {
    "review_id": "7674183",
    "movie_id": "101111",
    "author": "sest****",
    "review": "그동안 재밌었어요",
    "rating": "10",
    "date": "13.06.23"
  },
  {
    "review_id": "7674182",
    "movie_id": "101111",
    "author": "tjdw****",
    "review": "훈훈하게 끝나서 좋네요ㅎㅎ",
    "rating": "10",
    "date": "13.06.23"
  },
  {
    "review_id": "7674179",
    "movie_id": "101111",
    "author": "hhih****",
    "review": "주말마다 백유보는 재미로 살았는데ㅠㅠ너무너무 아쉽네요ㅠㅠ중독성 강했던 백유!백유짱!!!!ㅋㅋㅋㅋ이제 뭘 보지..ㅠㅠㅋㅋㅋ",
    "rating": "10",
    "date": "13.06.23"
  },
  {
    "review_id": "7674173",
    "movie_id": "101111",
    "author": "o___****",
    "review": "이제 무슨낙으로 사나 ㅠㅠㅠㅠ",
    "rating": "10",
    "date": "13.06.23"
  },
  {
    "review_id": "7674171",
    "movie_id": "101111",
    "author": "yjh8****",
    "review": "난 ses팬이라네 그리고 유진님결혼했는데 이정진이랑잘어울린다는막말머임ㅋㅋ",
    "rating": "10",
    "date": "13.06.23"
  },
  {
    "review_id": "7674167",
    "movie_id": "101111",
    "author": "jdh5****",
    "review": "이제 너의목소리가들려 밖에 볼게 없어졌다.. 주말은 뭐로 채우지..",
    "rating": "10",
    "date": "13.06.23"
  },
  {
    "review_id": "7674163",
    "movie_id": "101111",
    "author": "i_19****",
    "review": "끝나서 너무 아쉬워요ㅜㅜ매일 본방사수 하던 드라마였는데 배우들 명품연기도 잘봤어요 별점 10점이요~",
    "rating": "10",
    "date": "13.06.23"
  },
  {
    "review_id": "7674156",
    "movie_id": "101111",
    "author": "rlae****",
    "review": "간혹 막장드라마적인 요소들이 있었지만 배우들의 훌륭한 연기력과 전체적으로 재밌었어요 ~~ 배우들수고많으셨어요 !",
    "rating": "10",
    "date": "13.06.23"
  },
  {
    "review_id": "7674153",
    "movie_id": "101111",
    "author": "hob0****",
    "review": "많은 분들이 추억속에 좋은 드라마로 간직하셨으면 좋겠습니다 ㅎㅎ",
    "rating": "10",
    "date": "13.06.23"
  },
  {
    "review_id": "7674150",
    "movie_id": "101111",
    "author": "zofh****",
    "review": "막장이었지만 재밌고 국수의소중함(?)을 알수잇는드라마였습니다",
    "rating": "10",
    "date": "13.06.23"
  },
  {
    "review_id": "7674141",
    "movie_id": "101111",
    "author": "youj****",
    "review": "정말재밌게봤어용~이제 백년의유산끝나고 무슨 낙으로사나ㅠ 유진올리비아핫세닮음 진짜이뻐요!!이정진이랑잘어울려용ㅎ 글고마지막에 니들이국수맛을알아~진짜짱짱♥♥♥♥♥♥",
    "rating": "10",
    "date": "13.06.23"
  },
  {
    "review_id": "7674139",
    "movie_id": "101111",
    "author": "yycc****",
    "review": "엄마가4월에돌아가시기전에웃음면서같이보던그장면국수집에찾아가밀가루맞고싸움던장면..오늘마지막회보면서눈물이납니다",
    "rating": "10",
    "date": "13.06.23"
  },
  {
    "review_id": "7653301",
    "movie_id": "101111",
    "author": "1379****",
    "review": "솔직히요번에도기억상실좀아닌듯",
    "rating": "10",
    "date": "13.06.17"
  },
  {
    "review_id": "7650303",
    "movie_id": "101111",
    "author": "suji****",
    "review": "ㅋㅋㅋㅋㅎㅎㅎㅌㅋ",
    "rating": "10",
    "date": "13.06.17"
  },
  {
    "review_id": "7649935",
    "movie_id": "101111",
    "author": "sej8****",
    "review": "이정진왜죽임..",
    "rating": "1",
    "date": "13.06.16"
  },
  {
    "review_id": "7649891",
    "movie_id": "101111",
    "author": "taji****",
    "review": "첨엔 잼있었늣데..우짜다가 이리개막장이 되버렸는지..안타까움;;;",
    "rating": "1",
    "date": "13.06.16"
  },
  {
    "review_id": "7649800",
    "movie_id": "101111",
    "author": "dbgm****",
    "review": "헐....설마...세윤죽음?? 에이~아니겠지;;;;;;",
    "rating": "4",
    "date": "13.06.16"
  },
  {
    "review_id": "7638559",
    "movie_id": "101111",
    "author": "dlwj****",
    "review": "욕 할거면 보지를 말던가 너희들이 더 찌질이 같음  그냥 안보면 되지 욕은 왜 하고 난리임 ? 그리 못마땅우면 너희들이 작가 하던가 ~ 속도 좁은 인간아 ~",
    "rating": "10",
    "date": "13.06.14"
  },
  {
    "review_id": "7629968",
    "movie_id": "101111",
    "author": "tets****",
    "review": "박원순하고 철규랑 그 나머지 조연 커풀들 웃겨서 본다 메인커플나올때가 젤재미없음 그리고 세윤 캐릭 너무 별로야.. 로봇같음..",
    "rating": "8",
    "date": "13.06.12"
  },
  {
    "review_id": "7622133",
    "movie_id": "101111",
    "author": "whtj****",
    "review": "이유야 어찌되었던 30년 길은부모와낳은 부모입니다. 새윤과 채원의 결혼식은.그대로 진행하면되는데 왜 4회 남겨두고 이렇게꼬시나요. 세윤 의모가 약먹고 채원의 모가 가출 이혼 이라. 왜. 막장. 세윤의 출생은 춘희이지만 법적으로 남남 인데. 채원과",
    "rating": "8",
    "date": "13.06.10"
  },
  {
    "review_id": "7621914",
    "movie_id": "101111",
    "author": "kimy****",
    "review": "저희 어머니께서 항상 보시던 드라마였는데 이젠 제가 팬이되어 같이 보게 되네요~^^매 주말이 기다려 집니다요!!",
    "rating": "10",
    "date": "13.06.10"
  },
  {
    "review_id": "7621609",
    "movie_id": "101111",
    "author": "dmsg****",
    "review": "세윤이 철규 못지안케 개찌질임 결혼식 깼다고 사적으로 연락하지말해 미친 ㅋㅋㅋㅋㅋㅋ",
    "rating": "1",
    "date": "13.06.10"
  },
  {
    "review_id": "7621328",
    "movie_id": "101111",
    "author": "kim1****",
    "review": "욕할꺼면보지말든갘ㅋㅋㅋㅋㅋ그리보기역겨우면서왜봄막장이든말든뭔상관걍보면되지막장은드라마하지말란법잇낰ㅋㅋㅋㅋ",
    "rating": "10",
    "date": "13.06.09"
  },
  {
    "review_id": "7620848",
    "movie_id": "101111",
    "author": "kimk****",
    "review": "박영규와 그 젊은 여자는 진자 오바!!! 아무리 막장이라고 해도..나중에 할아버지와 여중생도 막 사랑하겠네...에구..막장..",
    "rating": "1",
    "date": "13.06.09"
  },
  {
    "review_id": "7620786",
    "movie_id": "101111",
    "author": "shm1****",
    "review": "박영규랑선우선 볼때마다 역겨움ㅡㅡ드라마가 완전막장이얔ㅋㅋ  작가수준하고는ㅉㅉ엠비씨도 참 드라마 못고르넼ㅋㅋ거지같은드라마ㅡㅡ",
    "rating": "1",
    "date": "13.06.09"
  },
  {
    "review_id": "7613594",
    "movie_id": "101111",
    "author": "sun0****",
    "review": "우아.나 태어나서 이렇게 재미있는 드라마는 처음봐요.세윤채원커플 완전 잘 어울려요. 잘되게 해주세요.",
    "rating": "10",
    "date": "13.06.08"
  },
  {
    "review_id": "7607118",
    "movie_id": "101111",
    "author": "anfr****",
    "review": "너무  재미   있게 보고있어요세윤이하고   채원이랑  이루어지게  해주세요",
    "rating": "10",
    "date": "13.06.07"
  },
  {
    "review_id": "7593503",
    "movie_id": "101111",
    "author": "djsw****",
    "review": "진심 재미없음.",
    "rating": "2",
    "date": "13.06.06"
  },
  {
    "review_id": "7581339",
    "movie_id": "101111",
    "author": "kcuf****",
    "review": "욕하면서 보는 재미말곤 없음....그 재미를 넘어선 무서움만이 존재..--;TV는 바보상자라고 했더니...그 이상을 넘어섰다걸 이 드라마를 통해서 배우게 된다. 1,2화를 몇번 봤는데 정말 헐 그 자체임...차라리 \"백년의 막장\"이라는 이름이 낫다.",
    "rating": "2",
    "date": "13.06.05"
  },
  {
    "review_id": "7562364",
    "movie_id": "101111",
    "author": "yeaj****",
    "review": "재미있어요!!",
    "rating": "10",
    "date": "13.05.30"
  },
  {
    "review_id": "7560791",
    "movie_id": "101111",
    "author": "dnwn****",
    "review": "막장 개재밌음;;ㅋㅋ",
    "rating": "10",
    "date": "13.05.29"
  },
  {
    "review_id": "7559722",
    "movie_id": "101111",
    "author": "woog****",
    "review": "모든 막장드라마,,,, 짜집기의 집합 드라마..",
    "rating": "1",
    "date": "13.05.28"
  },
  {
    "review_id": "7557915",
    "movie_id": "101111",
    "author": "wlgn****",
    "review": "외숙모입개쌈",
    "rating": "10",
    "date": "13.05.27"
  },
  {
    "review_id": "7557085",
    "movie_id": "101111",
    "author": "piao****",
    "review": "외숙모가 어떻게 그걸얘기할수있지? 작가가 정신이 좀...이게 가족드라마인가?  재밌다고 봤는데 이젠 안봐야지ㅜㅜ",
    "rating": "1",
    "date": "13.05.26"
  },
  {
    "review_id": "7557078",
    "movie_id": "101111",
    "author": "so_a****",
    "review": "그걸왜그렇게알리는이야기스토리로나오나요??말도안되는전개를도대체어떻게보라는건지.....",
    "rating": "1",
    "date": "13.05.26"
  },
  {
    "review_id": "7557060",
    "movie_id": "101111",
    "author": "ttyu****",
    "review": "외숙모ㅡㅡ 그걸말하다니..... 작가에게 치가떨리네요 뭐야이게 ㅋㅋㅋㅋㅋㅋ 참나 ㅋㅋㅋㅋㅋㅋㅋㅋ",
    "rating": "1",
    "date": "13.05.26"
  },
  {
    "review_id": "7555525",
    "movie_id": "101111",
    "author": "kgk0****",
    "review": "요즘 보는드라마중 연기력 내용 ㅋㅋ둘다짱",
    "rating": "10",
    "date": "13.05.26"
  },
  {
    "review_id": "7551845",
    "movie_id": "101111",
    "author": "ru71****",
    "review": "잼있는데 김철규 김주리  정신차리게좀해줬음좋겠다 둘땜에  짱난다",
    "rating": "8",
    "date": "13.05.24"
  },
  {
    "review_id": "7543160",
    "movie_id": "101111",
    "author": "skym****",
    "review": "잼이있습니다 ~ ^^",
    "rating": "10",
    "date": "13.05.19"
  },
  {
    "review_id": "7542968",
    "movie_id": "101111",
    "author": "isbe****",
    "review": "재밌어~!!!!!!! ><",
    "rating": "10",
    "date": "13.05.19"
  },
  {
    "review_id": "7541124",
    "movie_id": "101111",
    "author": "thdw****",
    "review": "^^",
    "rating": "10",
    "date": "13.05.19"
  },
  {
    "review_id": "7540300",
    "movie_id": "101111",
    "author": "dndu****",
    "review": "10점 전 주말이 빨리오기를 기다리는 여인임",
    "rating": "10",
    "date": "13.05.19"
  },
  {
    "review_id": "7540115",
    "movie_id": "101111",
    "author": "sinp****",
    "review": "완전재밋어욧!!!",
    "rating": "10",
    "date": "13.05.18"
  },
  {
    "review_id": "7534265",
    "movie_id": "101111",
    "author": "pria****",
    "review": "각본에 비해 연기자들이 제 몫을 해 버리다.",
    "rating": "4",
    "date": "13.05.17"
  },
  {
    "review_id": "7527021",
    "movie_id": "101111",
    "author": "wjs1****",
    "review": "재미나네",
    "rating": "10",
    "date": "13.05.13"
  },
  {
    "review_id": "7525213",
    "movie_id": "101111",
    "author": "drea****",
    "review": "따뜻한 홈드라마는 개뿔ㅋㅋㅋㅋ처음봤을때부터 개막장ㅋㅋㅋㅋㅋ",
    "rating": "1",
    "date": "13.05.12"
  },
  {
    "review_id": "7525121",
    "movie_id": "101111",
    "author": "ygs4****",
    "review": "재밌당!!!!)!!",
    "rating": "10",
    "date": "13.05.12"
  },
  {
    "review_id": "7525063",
    "movie_id": "101111",
    "author": "binn****",
    "review": "굳",
    "rating": "10",
    "date": "13.05.12"
  },
  {
    "review_id": "7522639",
    "movie_id": "101111",
    "author": "kgh6****",
    "review": "진짜재밌덩",
    "rating": "10",
    "date": "13.05.11"
  },
  {
    "review_id": "7520789",
    "movie_id": "101111",
    "author": "wjwn****",
    "review": "주말마다 이거보는재미로 삼 ㅋㅋ너무 재밌어요 역 한명한명이 깨알같음",
    "rating": "10",
    "date": "13.05.11"
  },
  {
    "review_id": "7514355",
    "movie_id": "101111",
    "author": "up92****",
    "review": "재밌게보구있쪄용~",
    "rating": "10",
    "date": "13.05.07"
  },
  {
    "review_id": "7513009",
    "movie_id": "101111",
    "author": "namu****",
    "review": "시청률 30퍼 넘었네 ㅋㅋㅋ 너무 재밌게 보고있음",
    "rating": "10",
    "date": "13.05.06"
  },
  {
    "review_id": "7513002",
    "movie_id": "101111",
    "author": "gheh****",
    "review": "완전 재밌음. 재방까지 챙겨보는 드라마는 처음ㅋㅋㅋㅋ",
    "rating": "10",
    "date": "13.05.06"
  },
  {
    "review_id": "7512654",
    "movie_id": "101111",
    "author": "mint****",
    "review": "정말 재미있어요~~~~~ 항상 신나게 보고 있습니다!! ^^",
    "rating": "10",
    "date": "13.05.06"
  },
  {
    "review_id": "7507822",
    "movie_id": "101111",
    "author": "thfk****",
    "review": "아 최원영너무좋아 철규찡♥마성의찌질남",
    "rating": "10",
    "date": "13.05.05"
  },
  {
    "review_id": "7507548",
    "movie_id": "101111",
    "author": "a0z0****",
    "review": "진짜 재미짱입니다^^",
    "rating": "10",
    "date": "13.05.04"
  },
  {
    "review_id": "7507356",
    "movie_id": "101111",
    "author": "styr****",
    "review": "쟈우지 쟝장 주구 쟝쟝 ~ㅋㅋㅋ 중독되요",
    "rating": "10",
    "date": "13.05.04"
  },
  {
    "review_id": "7504481",
    "movie_id": "101111",
    "author": "khyu****",
    "review": "대사가 좋아 ㅎ",
    "rating": "10",
    "date": "13.05.04"
  },
  {
    "review_id": "7497547",
    "movie_id": "101111",
    "author": "lchp****",
    "review": "유일하게 보는 주말드라마,너무 재밌어요.기대할께요.^^",
    "rating": "10",
    "date": "13.05.01"
  },
  {
    "review_id": "7492108",
    "movie_id": "101111",
    "author": "3pea****",
    "review": "유진 너무 이쁘다. 글구 박원숙씨,  연기 갑입니다. 너무 연기 잘하시네요.",
    "rating": "10",
    "date": "13.04.28"
  },
  {
    "review_id": "7491775",
    "movie_id": "101111",
    "author": "lcy8****",
    "review": "드라마는 재밌는데 유진 연기력 너무 떨어져서 감점되는거 같애요",
    "rating": "7",
    "date": "13.04.28"
  },
  {
    "review_id": "7491324",
    "movie_id": "101111",
    "author": "skan****",
    "review": "유진5 이정진5 합이10",
    "rating": "10",
    "date": "13.04.28"
  },
  {
    "review_id": "7491300",
    "movie_id": "101111",
    "author": "hans****",
    "review": "ㅋㅋ 백년의유산 너무재밌어요 근데평점이왜 5점밖에안되는지궁금해서 평점써놓으신것첨부터다봣는데요 ㅋ 1점이랑 10점이딱반반 섞여서 5점이내요 ㅋㅋ 근데저는 너무재밌어서 10점 아이제 2달조금지나면 끝난다는게 너무 슬퍼요 ㅠㅠ 글고 유진넘 예쁨짱;;",
    "rating": "10",
    "date": "13.04.28"
  },
  {
    "review_id": "7490415",
    "movie_id": "101111",
    "author": "zbzj****",
    "review": "점점더재밋어지는것같아요ㅎㅎ이야기구성도흥미진진하구요!ㅎ작가님짱♥♥♥",
    "rating": "10",
    "date": "13.04.28"
  },
  {
    "review_id": "7489013",
    "movie_id": "101111",
    "author": "didh****",
    "review": "1회부터 쭉 본방사수중. 백년의 유산 덕분에 1주일이 즐거워요 작가님. 50부작이 짧다고 느껴질 정도..이제 세윤이와 채원이 힘들지않게해주세요ㅜㅜ둘이 언제쯤 행복해지나요ㅜㅜ백년의유산 짱!♥",
    "rating": "10",
    "date": "13.04.27"
  },
  {
    "review_id": "7488979",
    "movie_id": "101111",
    "author": "kcy0****",
    "review": "세윤이엄마랑 주리엄마는 왜 채원이를 싫어하는이유가 가난해서인지 왜 싫어하시고 그리고 왜 세윤이엄마는 비밀이 많은걸까",
    "rating": "8",
    "date": "13.04.27"
  },
  {
    "review_id": "7488869",
    "movie_id": "101111",
    "author": "bisa****",
    "review": "완전 재밌어요^^",
    "rating": "10",
    "date": "13.04.27"
  },
  {
    "review_id": "7475917",
    "movie_id": "101111",
    "author": "31qj****",
    "review": "ㅎㅎ good",
    "rating": "10",
    "date": "13.04.22"
  },
  {
    "review_id": "7475237",
    "movie_id": "101111",
    "author": "akdr****",
    "review": "요즘 젤 즐겨보는 드라마^^배우분들 너무 연기잘하세요 백년의유산 파이팅!!!이정진 너무 멋져ㅠㅠㅠㅠㅠㅠㅠ",
    "rating": "10",
    "date": "13.04.22"
  },
  {
    "review_id": "7474758",
    "movie_id": "101111",
    "author": "tprt****",
    "review": "존잼 꿀잼!!",
    "rating": "10",
    "date": "13.04.22"
  },
  {
    "review_id": "7473948",
    "movie_id": "101111",
    "author": "juli****",
    "review": "드라마 아주 잘 보고있어요! 유진님이랑 이정진님 정말 선남선녀같아요! ♥ 앞으로도 본방사수!!!",
    "rating": "10",
    "date": "13.04.21"
  },
  {
    "review_id": "7473943",
    "movie_id": "101111",
    "author": "thdq****",
    "review": "1화~32화까지 빠짐없이 재밌게 봤습니다. 채원이 정말 매력적이군요! 앞으로도 열심히 시청하겠습니다. 배우,스태프등 백년의유산 관계자분들 모두 흥하세요!",
    "rating": "10",
    "date": "13.04.21"
  },
  {
    "review_id": "7473890",
    "movie_id": "101111",
    "author": "yons****",
    "review": "와진짜반햇다...♥♥♥",
    "rating": "10",
    "date": "13.04.21"
  },
  {
    "review_id": "7473884",
    "movie_id": "101111",
    "author": "wlsr****",
    "review": "재미있어요~ 드라마 하나도 안보지만 백년의 유산만 보고 있어요ㅎ!! 백년의 유산 화이팅~^^!!!!",
    "rating": "10",
    "date": "13.04.21"
  },
  {
    "review_id": "7473862",
    "movie_id": "101111",
    "author": "mrfg****",
    "review": "난 이거 막장의 끝이 어딜까 너무 궁금해서 보는 걸 그만둘수 없음 ㅋㅋㅋ",
    "rating": "10",
    "date": "13.04.21"
  },
  {
    "review_id": "7473855",
    "movie_id": "101111",
    "author": "4039****",
    "review": "백년의 유산 완전재밌음!!!! 화이팅!!",
    "rating": "10",
    "date": "13.04.21"
  },
  {
    "review_id": "7473852",
    "movie_id": "101111",
    "author": "3938****",
    "review": "유진 진짜 너무이쁨!! 기태영이 부러울 따름",
    "rating": "10",
    "date": "13.04.21"
  },
  {
    "review_id": "7473821",
    "movie_id": "101111",
    "author": "hila****",
    "review": "난이거볼때마다 무슨 시트콤 보는거같은데ㅋㅋㅋㅋ 넘잼씀ㅋㅋ 그나저나 돈의화신보는애들은 거기꺼 평점이나줄것이지 왜여기와서 남의드라마 평점깎고 ㅈ ㅣ랄들인지..ㅉㅉ 할짓이 그리없나",
    "rating": "10",
    "date": "13.04.21"
  },
  {
    "review_id": "7473799",
    "movie_id": "101111",
    "author": "hoyo****",
    "review": "재미만 있구만 뭔 불만들이시래그리 불만이면 채널 돌려서 보시던지요들",
    "rating": "10",
    "date": "13.04.21"
  },
  {
    "review_id": "7473786",
    "movie_id": "101111",
    "author": "spee****",
    "review": "이런 막장중에 막장 드라마는 종영시켜야 합니다. 작가의 사생활이 의심스러울정도... 국민 정서를 흐트러뜨리는 저질 드라마.",
    "rating": "1",
    "date": "13.04.21"
  },
  {
    "review_id": "7473687",
    "movie_id": "101111",
    "author": "jeon****",
    "review": "주인공이 언제까지 당하기만 할꺼야?그리구 이혼녀는 쓰레기라고 하냐?작가가 이혼녀들을 쓰레기 취급 하네~물건 이라고 하질 않나~~~ㅉㅉ",
    "rating": "1",
    "date": "13.04.21"
  }
]