[
  {
    "review_id": "9771024",
    "movie_id": "101242",
    "author": "clea****",
    "review": "짱 재밌음.보면서 눈이 깜빡이지 도 않았음",
    "rating": "10",
    "date": "15.03.10"
  },
  {
    "review_id": "9762366",
    "movie_id": "101242",
    "author": "atoz****",
    "review": "40년전 태권브이가 돈벌려고 짧은기간동안 마구 찍어내다가 퀄리티를 놓쳐서 그대로 망해버리고 망했던걸 기억하세요.. 슈퍼썰매는 기승전결도 확실하고 OST도 좋았는디 이후의 뽀로로 극장판은 슈퍼썰매  반의 반도 못 따라가네요..",
    "rating": "10",
    "date": "15.03.07"
  },
  {
    "review_id": "9726220",
    "movie_id": "101242",
    "author": "paju****",
    "review": "내 아들의 손에 땀을 쥐게 만드는^^",
    "rating": "8",
    "date": "15.02.22"
  },
  {
    "review_id": "9686795",
    "movie_id": "101242",
    "author": "chae****",
    "review": "뽀로로 극장판 슈퍼썰매 대모험 재밌어요",
    "rating": "9",
    "date": "15.02.11"
  },
  {
    "review_id": "9662607",
    "movie_id": "101242",
    "author": "cell****",
    "review": "딸이 좋아해서 같이 보다보니 오오 이건 그냥 애니가아님 구성도 좋고 그래픽도 좋음 어른이 봐도 재미있음",
    "rating": "10",
    "date": "15.02.03"
  },
  {
    "review_id": "9538680",
    "movie_id": "101242",
    "author": "kang****",
    "review": "썰매타는 장면 재밌어요ㅋㅋ 성인이 보기엔 좀 유치할수있는 뻔한 스토리이긴한데 뽀로로하고 친구들 엄청 귀엽",
    "rating": "8",
    "date": "14.12.30"
  },
  {
    "review_id": "9529851",
    "movie_id": "101242",
    "author": "juho****",
    "review": "?ccccxccx ccc v",
    "rating": "10",
    "date": "14.12.28"
  },
  {
    "review_id": "9476993",
    "movie_id": "101242",
    "author": "geti****",
    "review": "이렇게 재밌는 영화가 이렇게나 평점이 낮냐?참나.이거보고 재미 없다고 하는사람들 이상하다...",
    "rating": "10",
    "date": "14.12.15"
  },
  {
    "review_id": "9330991",
    "movie_id": "101242",
    "author": "ske4****",
    "review": "유치해서 정말소름돋네",
    "rating": "1",
    "date": "14.10.31"
  },
  {
    "review_id": "9190050",
    "movie_id": "101242",
    "author": "jw02****",
    "review": "뽀롱뽀롱 뽀통령의 완벽한 귀환",
    "rating": "10",
    "date": "14.09.09"
  },
  {
    "review_id": "9176213",
    "movie_id": "101242",
    "author": "koga****",
    "review": "몰입감 최고. 회귀동심 최고.",
    "rating": "10",
    "date": "14.09.06"
  },
  {
    "review_id": "9152969",
    "movie_id": "101242",
    "author": "give****",
    "review": "내아이가 좋아하는 뽀로로~ 내용도 좋고 잼있다 어느새 나도 끌려서 보고있는 내아기 최고의 애니메이션",
    "rating": "10",
    "date": "14.09.01"
  },
  {
    "review_id": "9084540",
    "movie_id": "101242",
    "author": "khek****",
    "review": "뽀로로가 나쁜 녀석한테이겼어요. 그리고 망고 짜증나@",
    "rating": "10",
    "date": "14.08.14"
  },
  {
    "review_id": "9008426",
    "movie_id": "101242",
    "author": "4dng****",
    "review": "....잼당ㅇㅇㅇㅇ",
    "rating": "10",
    "date": "14.08.02"
  },
  {
    "review_id": "8931579",
    "movie_id": "101242",
    "author": "pico****",
    "review": "뽀로로라는게 유치하다고만 생각하시는분들있는데이거 꽤 잼나요",
    "rating": "10",
    "date": "14.07.19"
  },
  {
    "review_id": "8799189",
    "movie_id": "101242",
    "author": "tmdd****",
    "review": "정말 재미있었어요. 처음엔 투니버스에서 우연으로 봤다가 지금도 계속보는중이네요 ㅎ",
    "rating": "10",
    "date": "14.06.05"
  },
  {
    "review_id": "8794884",
    "movie_id": "101242",
    "author": "dhkj****",
    "review": "오글거린다;; 왜 우리는 애니기술도 좋으면서 늑대아이같이 못만듬? 아오차라리 늑대아이나 겨울왕국을봐라",
    "rating": "1",
    "date": "14.06.04"
  },
  {
    "review_id": "8563413",
    "movie_id": "101242",
    "author": "dbwo****",
    "review": "뽀로로 극장판으로 봤는네 넣무재밌 다시보임",
    "rating": "10",
    "date": "14.03.08"
  },
  {
    "review_id": "8434627",
    "movie_id": "101242",
    "author": "wjsw****",
    "review": "어휴 참 왜 이러냐? ..",
    "rating": "1",
    "date": "14.01.27"
  },
  {
    "review_id": "8401087",
    "movie_id": "101242",
    "author": "tnwj****",
    "review": "보진 못했지만 뽀통령 최고!!",
    "rating": "10",
    "date": "14.01.19"
  },
  {
    "review_id": "8326448",
    "movie_id": "101242",
    "author": "luno****",
    "review": "어른들이 보기에도 재미있고 눈을 뗄수가 없는데 애들은 오죽할까.",
    "rating": "10",
    "date": "13.12.30"
  },
  {
    "review_id": "8162320",
    "movie_id": "101242",
    "author": "jsh7****",
    "review": "역시 극장판은 다르구만 껄껄",
    "rating": "10",
    "date": "13.11.23"
  },
  {
    "review_id": "8097304",
    "movie_id": "101242",
    "author": "jire****",
    "review": "제미 있어요~(저10살인데 제미있더라고요)",
    "rating": "10",
    "date": "13.10.28"
  },
  {
    "review_id": "8087057",
    "movie_id": "101242",
    "author": "nala****",
    "review": "지난번 극장판과 비교할수 없을정도로 많은 발전을 이루었다",
    "rating": "7",
    "date": "13.10.25"
  },
  {
    "review_id": "8023279",
    "movie_id": "101242",
    "author": "rlag****",
    "review": "모든 사람의 마음을 사로잡을 뽀로로",
    "rating": "7",
    "date": "13.09.30"
  },
  {
    "review_id": "8022224",
    "movie_id": "101242",
    "author": "ms09****",
    "review": "역시 뽀통령은 최고다!!!",
    "rating": "10",
    "date": "13.09.29"
  },
  {
    "review_id": "7997571",
    "movie_id": "101242",
    "author": "tmdc****",
    "review": "스릴만점~~~~~",
    "rating": "10",
    "date": "13.09.19"
  },
  {
    "review_id": "7995770",
    "movie_id": "101242",
    "author": "mink****",
    "review": "뽀로로 옷좀벗겨",
    "rating": "10",
    "date": "13.09.19"
  },
  {
    "review_id": "7986095",
    "movie_id": "101242",
    "author": "forw****",
    "review": "어른이 보기에도 잼남...",
    "rating": "10",
    "date": "13.09.16"
  },
  {
    "review_id": "7931934",
    "movie_id": "101242",
    "author": "moon****",
    "review": "아이가 dvd로 매일 한번씩 봐서 수십번을 같이 봤지만 봐도봐도 지루함을 모르겠음 스토리 비주얼 등 모든게 완벽함 드림윅스와 픽사도 부럽지 않음",
    "rating": "10",
    "date": "13.08.29"
  },
  {
    "review_id": "7759087",
    "movie_id": "101242",
    "author": "zx36****",
    "review": "문화를 전공으로 하는 대학생입니다. 간단히 보았는데....ㅋㅋㅋㅋㅋㅋㅋ 미치겠음ㅋㅋㅋㅋ 졸잼, 꿀잼... 어찌되었던 간에 미취학 아동들이 보기에는 교훈적이고 스토리텔링도 완벽하였지만, 액션면에서는 다소 과하다 싶었다. 근데 내가보기엔 넘 잼있음ㅋㅋㅋ",
    "rating": "10",
    "date": "13.07.18"
  },
  {
    "review_id": "7723302",
    "movie_id": "101242",
    "author": "khgo****",
    "review": "보고싶어요",
    "rating": "10",
    "date": "13.07.10"
  },
  {
    "review_id": "7696997",
    "movie_id": "101242",
    "author": "hoon****",
    "review": "뽀로로주제에 박진감이 있엌",
    "rating": "5",
    "date": "13.07.02"
  },
  {
    "review_id": "7590454",
    "movie_id": "101242",
    "author": "04pi****",
    "review": "뽀통령 님은 짱~",
    "rating": "10",
    "date": "13.06.06"
  },
  {
    "review_id": "7513747",
    "movie_id": "101242",
    "author": "fflo****",
    "review": "극장판은 짧은 시간내에 많은 걸 보여줘야하기 때문에, 스토리보다는 액션이 더 적합하다. TV와 같은 기대를 가지고 극장에 가면 곤란하죠.. 사이버 포뮬러같은 액션이었음.",
    "rating": "10",
    "date": "13.05.07"
  },
  {
    "review_id": "7506763",
    "movie_id": "101242",
    "author": "kjy0****",
    "review": "수많은 캐릭터들을 내보냈지만 그들의 개성을 뚜렷히 내민건 거북이 하나 뿐이었다. 스토리도 딱히 남는게 없었다. 차라리 TV 애니메이션 판이 500배는 재미있다고 진지하게 생각했다. 결론은 실망이었습니다.",
    "rating": "3",
    "date": "13.05.04"
  },
  {
    "review_id": "7501441",
    "movie_id": "101242",
    "author": "eunl****",
    "review": "재미짱",
    "rating": "10",
    "date": "13.05.02"
  },
  {
    "review_id": "7496057",
    "movie_id": "101242",
    "author": "365e****",
    "review": "점말재밌어요",
    "rating": "10",
    "date": "13.04.30"
  },
  {
    "review_id": "7470431",
    "movie_id": "101242",
    "author": "811w****",
    "review": "참재미있내요",
    "rating": "1",
    "date": "13.04.20"
  },
  {
    "review_id": "7470135",
    "movie_id": "101242",
    "author": "kngd****",
    "review": "등록",
    "rating": "10",
    "date": "13.04.20"
  },
  {
    "review_id": "7468896",
    "movie_id": "101242",
    "author": "wood****",
    "review": "좋아",
    "rating": "10",
    "date": "13.04.19"
  },
  {
    "review_id": "7464070",
    "movie_id": "101242",
    "author": "ilop****",
    "review": "너무너무 애들이 잼잇어해요~  2기도 나왓음 해요",
    "rating": "10",
    "date": "13.04.16"
  },
  {
    "review_id": "7463741",
    "movie_id": "101242",
    "author": "qkqk****",
    "review": "캐릭터도 너무 귀엽고 스토리도  꽤괜찮고 너무 좋네요...절실망시키지안내요. 정말 최고입니다.",
    "rating": "10",
    "date": "13.04.16"
  },
  {
    "review_id": "7458834",
    "movie_id": "101242",
    "author": "chum****",
    "review": "재밌을거  같아요~~~",
    "rating": "10",
    "date": "13.04.14"
  },
  {
    "review_id": "7454540",
    "movie_id": "101242",
    "author": "done****",
    "review": "좋아요",
    "rating": "10",
    "date": "13.04.12"
  },
  {
    "review_id": "7449505",
    "movie_id": "101242",
    "author": "jgra****",
    "review": "재미있다",
    "rating": "10",
    "date": "13.04.11"
  },
  {
    "review_id": "7446164",
    "movie_id": "101242",
    "author": "pria****",
    "review": "유아들과의 괴리를 만끽하다.",
    "rating": "2",
    "date": "13.04.09"
  },
  {
    "review_id": "7442105",
    "movie_id": "101242",
    "author": "seyo****",
    "review": "재밌어요~",
    "rating": "10",
    "date": "13.04.07"
  },
  {
    "review_id": "7425694",
    "movie_id": "101242",
    "author": "sooj****",
    "review": "뽀로뽀로뽀로뽀로 뽀로롱♥♥",
    "rating": "10",
    "date": "13.03.31"
  },
  {
    "review_id": "7414474",
    "movie_id": "101242",
    "author": "aktt****",
    "review": "최고 !!! ㅋㅋ 신난다",
    "rating": "10",
    "date": "13.03.27"
  },
  {
    "review_id": "7406059",
    "movie_id": "101242",
    "author": "kej8****",
    "review": "아진짜 내용은 둘째치고  애들 만화영화에 광고 드럽게 많네1시영환데 12시 47분부터  1시 10분까지 끊이지않고 나오는 광고때매 애가 하기전에 지침.. 나 지금 아직도 뽀로로 보지도 못했다 짜증나",
    "rating": "7",
    "date": "13.03.24"
  },
  {
    "review_id": "7399270",
    "movie_id": "101242",
    "author": "ucro****",
    "review": "아이들과 함께 보면 너무도 좋을 영화,, 엄마아빠와 함께,, 어린동생과 조카들과 함께 해보세요... / 식식이네 아빠",
    "rating": "9",
    "date": "13.03.23"
  },
  {
    "review_id": "7369472",
    "movie_id": "101242",
    "author": "lbh2****",
    "review": "으리가 없잖아 ㅉㅉ",
    "rating": "1",
    "date": "13.03.19"
  },
  {
    "review_id": "7357228",
    "movie_id": "101242",
    "author": "thun****",
    "review": "ㅅㅂㅈㄱㅅㅈㄱㅊ",
    "rating": "10",
    "date": "13.03.17"
  },
  {
    "review_id": "7353035",
    "movie_id": "101242",
    "author": "song****",
    "review": "봉묨ㅂ모몽모뭄ㅇㄷ",
    "rating": "10",
    "date": "13.03.16"
  },
  {
    "review_id": "7343145",
    "movie_id": "101242",
    "author": "ksa7****",
    "review": "ㅎㅎㅎㅎ",
    "rating": "10",
    "date": "13.03.12"
  },
  {
    "review_id": "7329949",
    "movie_id": "101242",
    "author": "zoot****",
    "review": "ㄱ닠ㅂㄱㄱㄱㅅㄱㅂㄲ",
    "rating": "10",
    "date": "13.03.07"
  },
  {
    "review_id": "7326677",
    "movie_id": "101242",
    "author": "toyo****",
    "review": "가라",
    "rating": "10",
    "date": "13.03.05"
  },
  {
    "review_id": "7326095",
    "movie_id": "101242",
    "author": "dh54****",
    "review": "오늘 뽀로로 잘 봤습니다. 어른이 봐도 재밌습니다.",
    "rating": "10",
    "date": "13.03.05"
  },
  {
    "review_id": "7324654",
    "movie_id": "101242",
    "author": "715s****",
    "review": "재 동생이  보면서  너무너무  좋아하더라구요~^^ 근데  그림이 달라진거 같아용!",
    "rating": "8",
    "date": "13.03.04"
  },
  {
    "review_id": "7322885",
    "movie_id": "101242",
    "author": "hade****",
    "review": "재미있어요",
    "rating": "10",
    "date": "13.03.04"
  },
  {
    "review_id": "7321935",
    "movie_id": "101242",
    "author": "amgo****",
    "review": "너~무재밌어요 캐릭터들두너무예쁘고 스토리도좋아요^^ 다음에또뽀로로극장판나오면 꼭볼게여",
    "rating": "10",
    "date": "13.03.03"
  },
  {
    "review_id": "7321584",
    "movie_id": "101242",
    "author": "skar****",
    "review": "안녕하세요",
    "rating": "10",
    "date": "13.03.03"
  },
  {
    "review_id": "7321548",
    "movie_id": "101242",
    "author": "hobi****",
    "review": "엄청 재밌어요",
    "rating": "10",
    "date": "13.03.03"
  },
  {
    "review_id": "7320866",
    "movie_id": "101242",
    "author": "khj4****",
    "review": "ㅇ렇ㄹㄹㄹㅇㄹㄹㄹㄹ",
    "rating": "9",
    "date": "13.03.03"
  },
  {
    "review_id": "7319516",
    "movie_id": "101242",
    "author": "cha6****",
    "review": "뽀로로 존나 잼없다",
    "rating": "1",
    "date": "13.03.02"
  },
  {
    "review_id": "7318319",
    "movie_id": "101242",
    "author": "gil0****",
    "review": "울동생잼있어함",
    "rating": "10",
    "date": "13.03.02"
  },
  {
    "review_id": "7318286",
    "movie_id": "101242",
    "author": "jusb****",
    "review": "하긴...뽀로로가좋아서보는사람들한테는최고의선물이겟다만난...뽀로로는걍딱히좋지도않고..싫지도않고",
    "rating": "3",
    "date": "13.03.02"
  },
  {
    "review_id": "7317455",
    "movie_id": "101242",
    "author": "korp****",
    "review": "짱재미있어요ㅣ",
    "rating": "10",
    "date": "13.03.02"
  },
  {
    "review_id": "7313336",
    "movie_id": "101242",
    "author": "youn****",
    "review": "재미없지만 뽀통령 덕분에 5점이라도.... 하로로 생각이 나네요.....",
    "rating": "5",
    "date": "13.03.01"
  },
  {
    "review_id": "7310780",
    "movie_id": "101242",
    "author": "tech****",
    "review": "zzzzzzzzzzzz",
    "rating": "10",
    "date": "13.02.28"
  },
  {
    "review_id": "7310074",
    "movie_id": "101242",
    "author": "ktx0****",
    "review": "안봤어욬ㅋㅋ",
    "rating": "10",
    "date": "13.02.28"
  },
  {
    "review_id": "7308971",
    "movie_id": "101242",
    "author": "ysh0****",
    "review": "너무재미잇ㅅ어요",
    "rating": "10",
    "date": "13.02.28"
  },
  {
    "review_id": "7307327",
    "movie_id": "101242",
    "author": "ddak****",
    "review": "저는 2D로 봐서 좀 아쉽지만  4D로 본다면 존나재미있을것 같네요!!!!!!!!정말 재밌었어요",
    "rating": "10",
    "date": "13.02.27"
  },
  {
    "review_id": "7304828",
    "movie_id": "101242",
    "author": "aube****",
    "review": "짱 재밌는뎁ㅎ",
    "rating": "10",
    "date": "13.02.26"
  },
  {
    "review_id": "7303811",
    "movie_id": "101242",
    "author": "mhy9****",
    "review": "6살짜리 동생이랑같이봤는데 눈물날뻔함...너무감동적이임.....참고로저중3ㅋㅋㅋㅋㅋㅋㅋㅋㅋ",
    "rating": "10",
    "date": "13.02.26"
  },
  {
    "review_id": "7303660",
    "movie_id": "101242",
    "author": "kho7****",
    "review": "내용은별로구4D여서좋아요 재미있을거같아요",
    "rating": "7",
    "date": "13.02.26"
  },
  {
    "review_id": "7302783",
    "movie_id": "101242",
    "author": "girl****",
    "review": "박윤지",
    "rating": "10",
    "date": "13.02.26"
  },
  {
    "review_id": "7301710",
    "movie_id": "101242",
    "author": "aky0****",
    "review": "무슨 극장판이야ㅡ 되도않게",
    "rating": "1",
    "date": "13.02.25"
  },
  {
    "review_id": "7301370",
    "movie_id": "101242",
    "author": "shad****",
    "review": "3살짜리 동생이 보자고 해서 보여줬는데 저도 몰입하게 되네요^^",
    "rating": "10",
    "date": "13.02.25"
  },
  {
    "review_id": "7300688",
    "movie_id": "101242",
    "author": "zeng****",
    "review": "아이들입장에서는 최고의 영화인듯...ㅋ",
    "rating": "10",
    "date": "13.02.25"
  },
  {
    "review_id": "7297590",
    "movie_id": "101242",
    "author": "wldh****",
    "review": "제가  이제5학년인데  뽀로로거질리지않고정말재밌어요  그리고  유치원애들하고  뽀로로도같이보고  동생이 없어  사운해요  동생이있으면  뽀로로도같이볼텐데ㅠㅠ",
    "rating": "10",
    "date": "13.02.24"
  },
  {
    "review_id": "7293408",
    "movie_id": "101242",
    "author": "blob****",
    "review": "어린이 보라고 만든거겠지만 기대이하입니다.. 뽀로로라는 일종의 '브랜드' 믿고 봤는데 실망",
    "rating": "5",
    "date": "13.02.23"
  },
  {
    "review_id": "7292422",
    "movie_id": "101242",
    "author": "dlae****",
    "review": "기대이하ㅠㅠ아이도 좀 실망한듯...그냥 뽀로로가 좋앗지 잼나게 보진 못햇어요...",
    "rating": "5",
    "date": "13.02.23"
  },
  {
    "review_id": "7290918",
    "movie_id": "101242",
    "author": "laps****",
    "review": "안봤는데 기대 이빠이 됩니다 아이들의 대통령 뽀뽀로!! 화이팅입니다",
    "rating": "3",
    "date": "13.02.22"
  },
  {
    "review_id": "7289786",
    "movie_id": "101242",
    "author": "dlda****",
    "review": "재미있음.",
    "rating": "10",
    "date": "13.02.22"
  },
  {
    "review_id": "7289757",
    "movie_id": "101242",
    "author": "wldm****",
    "review": "ㅎㅎ재밌을거같아요",
    "rating": "8",
    "date": "13.02.22"
  },
  {
    "review_id": "7288421",
    "movie_id": "101242",
    "author": "milk****",
    "review": "어린이전용 비디오",
    "rating": "1",
    "date": "13.02.21"
  },
  {
    "review_id": "7287578",
    "movie_id": "101242",
    "author": "hji1****",
    "review": "동생이본다고해서봤는데 재밌네요^^",
    "rating": "10",
    "date": "13.02.21"
  },
  {
    "review_id": "7285584",
    "movie_id": "101242",
    "author": "drwo****",
    "review": "유아만화라고 평점 깍는 애들은 뭐냐.. 내가 고딩인데 니들볼때가 참 한심하다.. 어린애들 동심파괴시키는게 취미냐",
    "rating": "10",
    "date": "13.02.21"
  },
  {
    "review_id": "7284864",
    "movie_id": "101242",
    "author": "hope****",
    "review": "볼꺼야",
    "rating": "10",
    "date": "13.02.20"
  },
  {
    "review_id": "7284202",
    "movie_id": "101242",
    "author": "isaa****",
    "review": "우리딸과 같이 영화보고 딸이 한말  아빠! 또 보고 싶어 ,그래서 별 5개임.",
    "rating": "9",
    "date": "13.02.20"
  },
  {
    "review_id": "7283692",
    "movie_id": "101242",
    "author": "tmdg****",
    "review": "아주 재미있어요.",
    "rating": "10",
    "date": "13.02.20"
  },
  {
    "review_id": "7282146",
    "movie_id": "101242",
    "author": "pjsk****",
    "review": "핑구 표절만화 내시선에서 OUT",
    "rating": "1",
    "date": "13.02.19"
  },
  {
    "review_id": "7282131",
    "movie_id": "101242",
    "author": "lee5****",
    "review": "평점1점 주는사람들 영화 보기는하고 주는걸까?",
    "rating": "10",
    "date": "13.02.19"
  },
  {
    "review_id": "7281624",
    "movie_id": "101242",
    "author": "pci0****",
    "review": "진짜재밋슴ㅋㅋ꼭보셈",
    "rating": "10",
    "date": "13.02.19"
  },
  {
    "review_id": "7281562",
    "movie_id": "101242",
    "author": "hdch****",
    "review": "사랑해요",
    "rating": "10",
    "date": "13.02.19"
  },
  {
    "review_id": "7281307",
    "movie_id": "101242",
    "author": "slp7****",
    "review": "자기네들 입으로 뽀통령이라 말하네 ;;",
    "rating": "5",
    "date": "13.02.19"
  },
  {
    "review_id": "7281250",
    "movie_id": "101242",
    "author": "s018****",
    "review": "...",
    "rating": "1",
    "date": "13.02.19"
  },
  {
    "review_id": "7280332",
    "movie_id": "101242",
    "author": "kand****",
    "review": "...",
    "rating": "1",
    "date": "13.02.18"
  }
]