[
  {
    "review_id": "9751687",
    "movie_id": "101237",
    "author": "pale****",
    "review": "여주인공 성격이 제대로 취향이네요. 미즈타니 시즈쿠는 인생 최고의 여주인 듯.",
    "rating": "10",
    "date": "15.03.02"
  },
  {
    "review_id": "9731750",
    "movie_id": "101237",
    "author": "6526****",
    "review": "다됬고 그냥 옆자리 괴물군은 사랑임",
    "rating": "10",
    "date": "15.02.23"
  },
  {
    "review_id": "9097850",
    "movie_id": "101237",
    "author": "993a****",
    "review": "애니로 보면 제대로된 엔딩이없음..시작할때 짱좋았는데 그의이야기 그녀의이야기 그리고그의이야기..하 시즈쿠도 좋았다고..",
    "rating": "10",
    "date": "14.08.16"
  },
  {
    "review_id": "8927849",
    "movie_id": "101237",
    "author": "nelb****",
    "review": "진심 개꿀잼  근데 엔딩이 좀...",
    "rating": "10",
    "date": "14.07.18"
  },
  {
    "review_id": "8416209",
    "movie_id": "101237",
    "author": "tjsd****",
    "review": "너~~~~무 재미있어요~",
    "rating": "10",
    "date": "14.01.23"
  },
  {
    "review_id": "7492566",
    "movie_id": "101237",
    "author": "allm****",
    "review": "야마켄",
    "rating": "10",
    "date": "13.04.29"
  },
  {
    "review_id": "7067796",
    "movie_id": "101237",
    "author": "haru****",
    "review": "요시다♥",
    "rating": "10",
    "date": "12.12.31"
  },
  {
    "review_id": "7059302",
    "movie_id": "101237",
    "author": "oes1****",
    "review": "너무  재미있었어요~",
    "rating": "10",
    "date": "12.12.29"
  },
  {
    "review_id": "7055546",
    "movie_id": "101237",
    "author": "qjtj****",
    "review": "별5개 10점만점~!!!! 하루찡 시즈쿠찡 둘다 너무 귀여웡 ♥♥♥♥♥♥",
    "rating": "10",
    "date": "12.12.28"
  },
  {
    "review_id": "7055542",
    "movie_id": "101237",
    "author": "ahnj****",
    "review": "옆괴 진심 너무 재밋써용~!!!> <♥♥♥♥♥♥♥♥이거 진심 한번봐야할애니임 ㅎㅎ 별 5개 만점~!!때리고감~ㅎㅎ!♥♥♥♥ 그런데 벌써 완결이라서 너무 아쉽고 슬픔 ㅠㅠ2기도 몇년걸려서나올텐디 ;;에휴 ㅠㅠ;;  그래도 옆자리괴물군 화이팅~!!!♥♥♥",
    "rating": "10",
    "date": "12.12.28"
  },
  {
    "review_id": "6969925",
    "movie_id": "101237",
    "author": "mom0****",
    "review": "HD 영상도 볼만하고 원작인 책에 내용을 잘 살린 애니라서 반가웠던 작품이에요^-^",
    "rating": "10",
    "date": "12.12.04"
  },
  {
    "review_id": "6952063",
    "movie_id": "101237",
    "author": "jack****",
    "review": "시즈쿠 츤데레~",
    "rating": "10",
    "date": "12.12.01"
  },
  {
    "review_id": "6928344",
    "movie_id": "101237",
    "author": "dmst****",
    "review": "하루 너무 귀여웡♥",
    "rating": "10",
    "date": "12.11.26"
  }
]