[
  {
    "review_id": "9585893",
    "movie_id": "101253",
    "author": "1231****",
    "review": "역시 교토 애니메이션은 최고라고 다시한번 감탄했다. 소녀 일상캐릭터를 만드는 건 타의 추종을 불허하는 듯. 과장되지 않은 일상의 청춘과 담담한 감동을 묘사하는 것 역시 최고다. 타마코에 감정이입이 되어 떡이 좋아질 정도로 푹 빠져서 봤다.",
    "rating": "10",
    "date": "15.01.11"
  },
  {
    "review_id": "9275281",
    "movie_id": "101253",
    "author": "4_19****",
    "review": "극장판 보고 봤는데 TV판도 무시할 작품이 아닙니다. 2번이나 돌아돌만큼 인상깊게 봤습니다. 케이온보다 사람들이나 이야기가 여러가지라서 훨씬 뛰어난 작품이 나왔다고 생각합니다.",
    "rating": "9",
    "date": "14.10.08"
  },
  {
    "review_id": "9252786",
    "movie_id": "101253",
    "author": "jihu****",
    "review": "이게왜 우리나라에서 안흥한거야 이유가먼데",
    "rating": "10",
    "date": "14.10.01"
  },
  {
    "review_id": "9215564",
    "movie_id": "101253",
    "author": "heli****",
    "review": "케이온닮음 작화팀이 케이온?",
    "rating": "10",
    "date": "14.09.14"
  },
  {
    "review_id": "9202720",
    "movie_id": "101253",
    "author": "1355****",
    "review": "그냥 재미있다....",
    "rating": "10",
    "date": "14.09.11"
  },
  {
    "review_id": "8938591",
    "movie_id": "101253",
    "author": "kaki****",
    "review": "이거보고 극장판을 보는겁니다 여러분",
    "rating": "10",
    "date": "14.07.21"
  },
  {
    "review_id": "8719602",
    "movie_id": "101253",
    "author": "noho****",
    "review": "2기도 나왔으면 좋겠어요",
    "rating": "10",
    "date": "14.05.10"
  },
  {
    "review_id": "8668079",
    "movie_id": "101253",
    "author": "ghkd****",
    "review": "완전 재밌어요 흑흑..",
    "rating": "10",
    "date": "14.04.23"
  },
  {
    "review_id": "8636897",
    "movie_id": "101253",
    "author": "dlfr****",
    "review": "케이온이 더 그리워지는 그림체이다",
    "rating": "8",
    "date": "14.04.08"
  },
  {
    "review_id": "7981027",
    "movie_id": "101253",
    "author": "baks****",
    "review": "이쁘네...사랑스럽다...(웃음)",
    "rating": "10",
    "date": "13.09.15"
  },
  {
    "review_id": "7721637",
    "movie_id": "101253",
    "author": "tita****",
    "review": "우사기야마 상점가에 어서오세요",
    "rating": "8",
    "date": "13.07.10"
  },
  {
    "review_id": "7547740",
    "movie_id": "101253",
    "author": "34mh****",
    "review": "오랜만에 맘에 드는 애니네요    제발 업 좀 빨리 해주세요 ㅜㅜ",
    "rating": "10",
    "date": "13.05.22"
  },
  {
    "review_id": "7463027",
    "movie_id": "101253",
    "author": "matt****",
    "review": "그림체 굿스토리 똥중2병 도 사랑이 하고싶어 반도못따라온 작품",
    "rating": "5",
    "date": "13.04.16"
  },
  {
    "review_id": "7270791",
    "movie_id": "101253",
    "author": "didg****",
    "review": "ㅇㅇ",
    "rating": "10",
    "date": "13.02.16"
  },
  {
    "review_id": "7193962",
    "movie_id": "101253",
    "author": "wlgh****",
    "review": "꽤볼만하네ㅋㅋ",
    "rating": "10",
    "date": "13.01.29"
  }
]