[
  {
    "review": "전편의 포스 다 잃고 굴욕적인 모습으로 돌아온 악어",
    "date": "14.08.13",
    "rating": "2",
    "author": "goms****",
    "review_id": "9077378",
    "movie_id": "10120"
  },
  {
    "review": "전편 보단 못하다고  평점을 다 깍아놨구만 ㅉㅉ",
    "date": "14.06.16",
    "rating": "10",
    "author": "ske4****",
    "review_id": "8834935",
    "movie_id": "10120"
  },
  {
    "review": "10년만에 나왔는데 모든점에서 전편보다 못하다",
    "date": "11.04.27",
    "rating": "2",
    "author": "si2p****",
    "review_id": "5394597",
    "movie_id": "10120"
  },
  {
    "review": "그래도 어렸을땐 무섭고 재밌었음",
    "date": "09.08.12",
    "rating": "10",
    "author": "jkh0****",
    "review_id": "3738587",
    "movie_id": "10120"
  },
  {
    "review": "1탄은 진지하게 만들어 B급을 넘어섰는데 이거는 장난으로 만들었다.",
    "date": "08.11.11",
    "rating": "2",
    "author": "bepl****",
    "review_id": "3044488",
    "movie_id": "10120"
  },
  {
    "review": "전작을 망치지마 ..ㅠㅠ",
    "date": "08.07.27",
    "rating": "5",
    "author": "shee****",
    "review_id": "2807583",
    "movie_id": "10120"
  },
  {
    "review": "1편의 명성이",
    "date": "07.07.26",
    "rating": "4",
    "author": "xxss****",
    "review_id": "1810517",
    "movie_id": "10120"
  },
  {
    "review": "B급 장르의 목적/ 정신 마저 잃어버린 쓰레기.",
    "date": "06.11.27",
    "rating": "3",
    "author": "movi****",
    "review_id": "1255115",
    "movie_id": "10120"
  },
  {
    "review": "만들고 난뒤에는 전편과 비교 안해볼까라는 생각까지 들었다.",
    "date": "06.11.18",
    "rating": "3",
    "author": "rlwj****",
    "review_id": "1238996",
    "movie_id": "10120"
  },
  {
    "review": "영화 볼 줄 모르시나? 그래픽티는 나도 소재는 훨 괜찮은데",
    "date": "06.06.03",
    "rating": "10",
    "author": "ajtw****",
    "review_id": "829547",
    "movie_id": "10120"
  },
  {
    "review": "1편보다 떨어지지만 나름대로 볼만하다...",
    "date": "06.06.03",
    "rating": "5",
    "author": "alft****",
    "review_id": "829395",
    "movie_id": "10120"
  },
  {
    "review": "소름 끼치는 악어와의 한판 승부를 펼치는 짐승 블록버스터",
    "date": "06.05.19",
    "rating": "1",
    "author": "dimm****",
    "review_id": "806101",
    "movie_id": "10120"
  }
]