[
  {
    "review_id": "9964412",
    "movie_id": "101249",
    "author": "jung****",
    "review": "1편도 보고 혹시나해서 2편도 봤지만 둘다 쓰레기...킬링타임용도 안된다",
    "rating": "4",
    "date": "15.05.31"
  },
  {
    "review_id": "9604123",
    "movie_id": "101249",
    "author": "dosa****",
    "review": "기승전까진 되는데 결이 힘빠지네?",
    "rating": "6",
    "date": "15.01.17"
  },
  {
    "review_id": "9501735",
    "movie_id": "101249",
    "author": "2328****",
    "review": "평점을 높게줘야 평점이 안 없어진다",
    "rating": "7",
    "date": "14.12.22"
  },
  {
    "review_id": "9291586",
    "movie_id": "101249",
    "author": "tank****",
    "review": "흠...테이큰보다 이거보니 드럽게 재미없네.",
    "rating": "2",
    "date": "14.10.14"
  },
  {
    "review_id": "8721800",
    "movie_id": "101249",
    "author": "th01****",
    "review": "역시 미국한테 안되는건가..좀 발라주길 바랬건만..",
    "rating": "1",
    "date": "14.05.11"
  },
  {
    "review_id": "8690541",
    "movie_id": "101249",
    "author": "do11****",
    "review": "통쾌함도 없고 지루하고 마지막엔 허무...",
    "rating": "5",
    "date": "14.05.01"
  },
  {
    "review_id": "8585055",
    "movie_id": "101249",
    "author": "ohmy****",
    "review": "해밀턴1은 꽤 신선했는데 해밀턴2는 진부하다",
    "rating": "6",
    "date": "14.03.17"
  },
  {
    "review_id": "8557689",
    "movie_id": "101249",
    "author": "mert****",
    "review": "이정도면 재밌지 뭘더바래",
    "rating": "10",
    "date": "14.03.05"
  },
  {
    "review_id": "8331672",
    "movie_id": "101249",
    "author": "jun0****",
    "review": "140자 내로 욕하기에는 터무니없이 모자란 영화...내용 전개가  버퍼링도 아니고...엉성하기 그지없고... 북유럽을 강타하기는 ....유일한 살인면허...광고만 작살이네...ㅋㅋ평점 0점이 입력이 안되서 1점이라도 줘야되는게 아쉽네...",
    "rating": "1",
    "date": "14.01.01"
  },
  {
    "review_id": "8212438",
    "movie_id": "101249",
    "author": "gall****",
    "review": "해밀턴이라는 캐릭터와 그 역을 맡은 미카엘이라는 배우만 눈에 띌 뿐~ 원작이 소설 시리즈라는데 영화로서는 1편이나 2편이나 낙제점.",
    "rating": "2",
    "date": "13.12.13"
  },
  {
    "review_id": "8201301",
    "movie_id": "101249",
    "author": "01aj****",
    "review": "혹평을 내릴 정도는 아니다. 배우들도 괜찮고, 재미있었다.",
    "rating": "8",
    "date": "13.12.09"
  },
  {
    "review_id": "8187894",
    "movie_id": "101249",
    "author": "534k****",
    "review": "1편은 그럭저럭 봤는데 2편은 너무하는듯",
    "rating": "6",
    "date": "13.12.03"
  },
  {
    "review_id": "8106426",
    "movie_id": "101249",
    "author": "snai****",
    "review": "너무 지루하다..1234567",
    "rating": "5",
    "date": "13.11.01"
  },
  {
    "review_id": "8017678",
    "movie_id": "101249",
    "author": "sama****",
    "review": "알옹촞어르처녀유아아터",
    "rating": "10",
    "date": "13.09.27"
  },
  {
    "review_id": "7839694",
    "movie_id": "101249",
    "author": "pass****",
    "review": "유치 그자체로군. 삼성 윈도폰과 삼성벨소리만 기억남",
    "rating": "1",
    "date": "13.08.04"
  },
  {
    "review_id": "7779441",
    "movie_id": "101249",
    "author": "wein****",
    "review": "옛다! 8점  과묵한 분위기와  사실적인 액션이 좋다.",
    "rating": "8",
    "date": "13.07.24"
  },
  {
    "review_id": "7733197",
    "movie_id": "101249",
    "author": "2519****",
    "review": ".......",
    "rating": "6",
    "date": "13.07.13"
  },
  {
    "review_id": "7671192",
    "movie_id": "101249",
    "author": "dlwo****",
    "review": "재미가 없음.",
    "rating": "4",
    "date": "13.06.23"
  },
  {
    "review_id": "7656608",
    "movie_id": "101249",
    "author": "tenc****",
    "review": "액션은 맞는데,,, 기존 액션에 익숙한 분들은... 별로...",
    "rating": "5",
    "date": "13.06.19"
  },
  {
    "review_id": "7654772",
    "movie_id": "101249",
    "author": "ture****",
    "review": "헐리우드영화가 질렸다면 이 영화가 갑이다. 리액션이 없는 실제상황 같은 연출이 좋았다.해밀턴1편이 훨 재미나지~",
    "rating": "8",
    "date": "13.06.18"
  },
  {
    "review_id": "7639130",
    "movie_id": "101249",
    "author": "dkwk****",
    "review": "굿잡",
    "rating": "10",
    "date": "13.06.14"
  },
  {
    "review_id": "7638517",
    "movie_id": "101249",
    "author": "qoal****",
    "review": "왓더",
    "rating": "1",
    "date": "13.06.14"
  },
  {
    "review_id": "7555296",
    "movie_id": "101249",
    "author": "audr****",
    "review": "흥미가 가지 않았다.",
    "rating": "3",
    "date": "13.05.26"
  },
  {
    "review_id": "7512075",
    "movie_id": "101249",
    "author": "hose****",
    "review": "그럭저럭 적은인원투입형",
    "rating": "7",
    "date": "13.05.06"
  },
  {
    "review_id": "7509909",
    "movie_id": "101249",
    "author": "qlen****",
    "review": "구성은 좋았으나 내용이 산만하다.",
    "rating": "7",
    "date": "13.05.05"
  },
  {
    "review_id": "7479178",
    "movie_id": "101249",
    "author": "kusa****",
    "review": "싱가폴 출장중 비행기에세 해밀턴 1 을 보게 되었는데 넘 잼있고 2편도 짜임새있게 영화가 완성 되었어요",
    "rating": "10",
    "date": "13.04.24"
  }
]