[
  {
    "review_id": "9709797",
    "movie_id": "101276",
    "author": "q_ho****",
    "review": "슬픔을 짊어진 상남자 켄시로 ㅠㅠ",
    "rating": "9",
    "date": "15.02.18"
  },
  {
    "review_id": "9602233",
    "movie_id": "101276",
    "author": "pass****",
    "review": "정주행 완료.. 아 감동",
    "rating": "8",
    "date": "15.01.16"
  },
  {
    "review_id": "9315250",
    "movie_id": "101276",
    "author": "saca****",
    "review": "결말이...  조금 ㅠㅠ슬퍼",
    "rating": "10",
    "date": "14.10.25"
  },
  {
    "review_id": "9314712",
    "movie_id": "101276",
    "author": "heod****",
    "review": "와다다다다~~ 아뵤~",
    "rating": "9",
    "date": "14.10.25"
  },
  {
    "review_id": "8634924",
    "movie_id": "101276",
    "author": "pree****",
    "review": "켄시로 전설의 시작. 스탭롤이 올라간 후 추가 영상은 향수를 불러 일으키기에 최고였다.",
    "rating": "8",
    "date": "14.04.07"
  },
  {
    "review_id": "8199349",
    "movie_id": "101276",
    "author": "dkfn****",
    "review": "세기말권왕이라... 추억인데 ㅎㅎ",
    "rating": "10",
    "date": "13.12.08"
  },
  {
    "review_id": "8182309",
    "movie_id": "101276",
    "author": "love****",
    "review": "켄시로전이 재미는 재일 잼있는듯",
    "rating": "8",
    "date": "13.12.01"
  },
  {
    "review_id": "8081488",
    "movie_id": "101276",
    "author": "ghye****",
    "review": "눈물과 웃음, 감동이 북두백열권처럼 작렬하는 작품.",
    "rating": "8",
    "date": "13.10.23"
  },
  {
    "review_id": "8072995",
    "movie_id": "101276",
    "author": "gjy1****",
    "review": "재밌었어요 따뜻한 상남자 켄시로♥근데 안타까운결말ㅠㅡㅠ 1점뺌",
    "rating": "9",
    "date": "13.10.19"
  },
  {
    "review_id": "8070582",
    "movie_id": "101276",
    "author": "tf3d****",
    "review": "이런건 당연히10줘야지 명작인데",
    "rating": "10",
    "date": "13.10.19"
  },
  {
    "review_id": "8067119",
    "movie_id": "101276",
    "author": "gall****",
    "review": "진구세주전설 5부작중 마지막 편. 1부가 젤 낫고 4부 토키전 (네이버 검색엔 안나옴) 과 5부 켄시로전이 젤 약한 편. 지금 개봉하기엔 너무 고전작 아닌가? 이미 볼 사람들 다 봤을 작품인데~",
    "rating": "6",
    "date": "13.10.18"
  },
  {
    "review_id": "8062999",
    "movie_id": "101276",
    "author": "kens****",
    "review": "다시 볼수없는 한국 개봉작. 북두를 큰 사이즈로 볼수있는 기회^^",
    "rating": "10",
    "date": "13.10.16"
  },
  {
    "review_id": "8062392",
    "movie_id": "101276",
    "author": "nirv****",
    "review": "오마에와 모우 신데이루!...나..나니??...아라..아라..으헝 이따이...으헝~~퍼펑!~",
    "rating": "10",
    "date": "13.10.15"
  },
  {
    "review_id": "8060077",
    "movie_id": "101276",
    "author": "mcin****",
    "review": "명대사..넌 이미 죽어있다...",
    "rating": "8",
    "date": "13.10.14"
  },
  {
    "review_id": "8059714",
    "movie_id": "101276",
    "author": "syb7****",
    "review": "옛날생각하고 봤는데..눈버렸음",
    "rating": "2",
    "date": "13.10.14"
  },
  {
    "review_id": "8059591",
    "movie_id": "101276",
    "author": "peac****",
    "review": "너는 이미 죽어있다...",
    "rating": "8",
    "date": "13.10.14"
  },
  {
    "review_id": "8058973",
    "movie_id": "101276",
    "author": "nbin****",
    "review": "너는 내가 보내는 메시지다",
    "rating": "9",
    "date": "13.10.13"
  },
  {
    "review_id": "8053110",
    "movie_id": "101276",
    "author": "kagi****",
    "review": "옛날 생각 많이 나네요.~",
    "rating": "9",
    "date": "13.10.11"
  },
  {
    "review_id": "8053085",
    "movie_id": "101276",
    "author": "miss****",
    "review": "여자인데도 중독되는 영화... 만화책으로 엄청 잼있게 봤는데~ 영화로 보니까 더 잼있네~ ㅋㅋ 흐흐흐",
    "rating": "10",
    "date": "13.10.11"
  },
  {
    "review_id": "8053084",
    "movie_id": "101276",
    "author": "park****",
    "review": "마지막 폭파씬은 안타깝다 ㅠㅠ 켄시로의 울부짖음으로 인해 한단계 성장해 나가지만...",
    "rating": "10",
    "date": "13.10.11"
  },
  {
    "review_id": "8053076",
    "movie_id": "101276",
    "author": "jins****",
    "review": "아..추억돋는다~~~ ㅋㅋ",
    "rating": "10",
    "date": "13.10.11"
  },
  {
    "review_id": "8052023",
    "movie_id": "101276",
    "author": "woos****",
    "review": "비공을 찔렀다. 넌 이제 5초 후에 죽는다.",
    "rating": "8",
    "date": "13.10.11"
  },
  {
    "review_id": "8051384",
    "movie_id": "101276",
    "author": "ugil****",
    "review": "졸 재미없음 보지마세요",
    "rating": "1",
    "date": "13.10.10"
  },
  {
    "review_id": "8050542",
    "movie_id": "101276",
    "author": "bear****",
    "review": "남자를 위한, 남자에 의한, 남자의 애니....네 피는 무슨색이냐!!!",
    "rating": "10",
    "date": "13.10.10"
  },
  {
    "review_id": "8050502",
    "movie_id": "101276",
    "author": "nchc****",
    "review": "넌 이미  예매를 하고 있다",
    "rating": "10",
    "date": "13.10.10"
  },
  {
    "review_id": "8050265",
    "movie_id": "101276",
    "author": "cand****",
    "review": "이미 비공감 ....ㄱ­",
    "rating": "1",
    "date": "13.10.10"
  },
  {
    "review_id": "8049821",
    "movie_id": "101276",
    "author": "xcv8****",
    "review": "2빠, 너희들은 이미 공감을 누루고 있다. 단지 그것을 깨닫지 못했을 뿐.",
    "rating": "10",
    "date": "13.10.10"
  },
  {
    "review_id": "8049424",
    "movie_id": "101276",
    "author": "baks****",
    "review": "1빠다...남자라면,관람은,선택이,아니라,필수야...(웃음)(웃음)(웃음)",
    "rating": "10",
    "date": "13.10.10"
  }
]