[
  {
    "review": "김수철씨 요즘 뭐하나춘자가 이미숙씨 이었군요 아 이대근씨도 머하지",
    "date": "15.06.02",
    "rating": "9",
    "author": "biny****",
    "review_id": "9969795",
    "movie_id": "10133"
  },
  {
    "review": "인생 영화로 남을듯..",
    "date": "15.05.29",
    "rating": "10",
    "author": "qowl****",
    "review_id": "9959535",
    "movie_id": "10133"
  },
  {
    "review": "시대에 만맞게 영화 포스터가 트렌디하다...",
    "date": "15.05.13",
    "rating": "10",
    "author": "rkdg****",
    "review_id": "9913925",
    "movie_id": "10133"
  },
  {
    "review": "지구끝까지 쫓아간 이대근  기억난다 아직도 ㅎ",
    "date": "14.11.21",
    "rating": "10",
    "author": "acro****",
    "review_id": "9408110",
    "movie_id": "10133"
  },
  {
    "review": "최고조 특히 벙어리처녀를 말을 티게 한다는 주문이라며 각설이노래였나요? 진짜 말문이 트인... 정말 뭐랄까 작은 이 땅에서 모험과여행 순수함과 도전이라는 희망적 작품의 명작이라 생각합니다.",
    "date": "14.11.11",
    "rating": "10",
    "author": "rlaw****",
    "review_id": "9371874",
    "movie_id": "10133"
  },
  {
    "review": "어려서 봤어도 재밌었다.",
    "date": "14.11.05",
    "rating": "10",
    "author": "kem1****",
    "review_id": "9342023",
    "movie_id": "10133"
  },
  {
    "review": "지금봐도 정말 재밌고 좋은영화다.",
    "date": "14.03.15",
    "rating": "10",
    "author": "cjfg****",
    "review_id": "8578333",
    "movie_id": "10133"
  },
  {
    "review": "아주 어릴때 TV에서 방영한걸보고   세상이 되게 넓은줄알았다...모험을 하는듯한 그들의 에피소드가 마냥  재밌었던 기억이 나네요...지금보면  바다를 발견했을때 그런 연출들은 되게 클래식할지언정 그때 느낌에 주인공들이 해냈다는 기분을 받았었다 ㅎㅎㅎ",
    "date": "14.02.13",
    "rating": "10",
    "author": "ing3****",
    "review_id": "8504460",
    "movie_id": "10133"
  },
  {
    "review": "어렸을때봤지만 아직까지도여운이남아요.끝이없는것을향해가는,결과인지과정인지모를 그냥지금의상황의연속 희망인지절망인지도모르는곳으로우리는춤을추며걸어간다.",
    "date": "14.02.11",
    "rating": "9",
    "author": "play****",
    "review_id": "8497083",
    "movie_id": "10133"
  },
  {
    "review": "따뜻하고 인간미 넘치는 작품...",
    "date": "13.10.22",
    "rating": "10",
    "author": "iviw****",
    "review_id": "8081014",
    "movie_id": "10133"
  },
  {
    "review": "좋음... 추천...",
    "date": "13.10.03",
    "rating": "10",
    "author": "cokr****",
    "review_id": "8031153",
    "movie_id": "10133"
  },
  {
    "review": "정말 따뜻해지는 영화...민우같은 오빠 하나 있었음 좋겠다. 잘 곳이 없어 동물원에서 잔 사람을 도와주진 못할 망정 유치장에 가두는 어이없는 공권력에는 침을 뱉여주고 싶지만.",
    "date": "13.07.20",
    "rating": "10",
    "author": "1ere****",
    "review_id": "7766505",
    "movie_id": "10133"
  },
  {
    "review": "재밌고 좋은 영화다",
    "date": "13.04.05",
    "rating": "10",
    "author": "thsd****",
    "review_id": "7435857",
    "movie_id": "10133"
  },
  {
    "review": "정말 따뜻하다",
    "date": "13.02.03",
    "rating": "10",
    "author": "ysw3****",
    "review_id": "7220657",
    "movie_id": "10133"
  },
  {
    "review": "재미와 감동 그리고 애잔한 추억까지 느낄수 있는 영화~ 빨리 DVD로 복원되길....",
    "date": "13.01.09",
    "rating": "10",
    "author": "flux****",
    "review_id": "7093757",
    "movie_id": "10133"
  },
  {
    "review": "지금봐도 재밌어",
    "date": "12.09.17",
    "rating": "10",
    "author": "kara****",
    "review_id": "6706193",
    "movie_id": "10133"
  },
  {
    "review": "정말 즐거운 와중에도 감동을 주는 다시 보고싶은 영화 1위",
    "date": "12.07.03",
    "rating": "10",
    "author": "itsm****",
    "review_id": "6442807",
    "movie_id": "10133"
  },
  {
    "review": "한국영화는 배창호 이전과 이후로 나누면 되나?",
    "date": "12.04.22",
    "rating": "10",
    "author": "khmj****",
    "review_id": "6239342",
    "movie_id": "10133"
  },
  {
    "review": "학교 수업시간에 틀어줫서 봤음. 옛날영화라 실망했는데 진짜 명작임. 강추함!!!",
    "date": "12.04.09",
    "rating": "10",
    "author": "siah****",
    "review_id": "6205413",
    "movie_id": "10133"
  },
  {
    "review": "노래만큼 성과가 있었더라면...",
    "date": "12.03.20",
    "rating": "4",
    "author": "pria****",
    "review_id": "6157383",
    "movie_id": "10133"
  },
  {
    "review": "흥미진진했다",
    "date": "12.03.09",
    "rating": "9",
    "author": "ccpp****",
    "review_id": "6132591",
    "movie_id": "10133"
  },
  {
    "review": "안성기 이대근 명품연기..",
    "date": "12.03.09",
    "rating": "9",
    "author": "rame****",
    "review_id": "6132590",
    "movie_id": "10133"
  },
  {
    "review": "\"고래사냥은 재미있읍니다\" 광고문구가 재밌네",
    "date": "12.03.09",
    "rating": "9",
    "author": "kpcc****",
    "review_id": "6132589",
    "movie_id": "10133"
  },
  {
    "review": "내 인생의 명작",
    "date": "12.02.16",
    "rating": "9",
    "author": "nike****",
    "review_id": "6079643",
    "movie_id": "10133"
  },
  {
    "review": "안성기 이대근 명품연기..",
    "date": "11.12.31",
    "rating": "10",
    "author": "hcsh****",
    "review_id": "5950724",
    "movie_id": "10133"
  },
  {
    "review": "요즘 영화인들이 봐야 될 명작",
    "date": "11.09.10",
    "rating": "10",
    "author": "fbsr****",
    "review_id": "5719647",
    "movie_id": "10133"
  },
  {
    "review": "아주어렸을때봤지만 아직까지도 기억에남는 정말 재미있는 영화",
    "date": "11.04.12",
    "rating": "10",
    "author": "sach****",
    "review_id": "5369519",
    "movie_id": "10133"
  },
  {
    "review": "이제는 나오지 못할, 그 시대만의 감수성이 느껴지는 영화. 항상 그리운 로드무비.",
    "date": "11.04.07",
    "rating": "10",
    "author": "anti****",
    "review_id": "5359261",
    "movie_id": "10133"
  },
  {
    "review": "후반부 달리는 기차에 매달리는씬이야말로 정말 아슬아슬해 보이더군요.",
    "date": "11.03.28",
    "rating": "10",
    "author": "hopy****",
    "review_id": "5339062",
    "movie_id": "10133"
  },
  {
    "review": "재미있으면서 착한 영화",
    "date": "11.03.26",
    "rating": "8",
    "author": "hing****",
    "review_id": "5336363",
    "movie_id": "10133"
  },
  {
    "review": "오래전영화지만어설프다이대근의어이없는반전",
    "date": "11.03.11",
    "rating": "1",
    "author": "zzzo****",
    "review_id": "5306509",
    "movie_id": "10133"
  },
  {
    "review": "80년도 초반에 이런영화를 만들었다니.. 대단하다~ 결론은 재밌었다 ^~^",
    "date": "11.02.05",
    "rating": "10",
    "author": "good****",
    "review_id": "5215540",
    "movie_id": "10133"
  },
  {
    "review": "이들의 순수한 연기가 풋풋하다. 안성기 몸 던짐.",
    "date": "11.02.04",
    "rating": "7",
    "author": "sykm****",
    "review_id": "5212096",
    "movie_id": "10133"
  },
  {
    "review": "재미있읍니다. 시절에 제작되었지만 재미있습니다 시절 그후까지 회자될 명작",
    "date": "11.01.27",
    "rating": "10",
    "author": "coco****",
    "review_id": "5186926",
    "movie_id": "10133"
  },
  {
    "review": "영화를 보면 그시절의 추억이 떠오른다.. 80년대 최고의 영화",
    "date": "11.01.01",
    "rating": "10",
    "author": "roma****",
    "review_id": "5110818",
    "movie_id": "10133"
  },
  {
    "review": "수작. 거지 안성기의 마구 먹는 모습이 아직도 생생한 영화",
    "date": "10.09.22",
    "rating": "10",
    "author": "kuma****",
    "review_id": "4856289",
    "movie_id": "10133"
  },
  {
    "review": "개인적으로는 최고의 영화라고 생각합니다..",
    "date": "10.08.16",
    "rating": "10",
    "author": "dada****",
    "review_id": "4752957",
    "movie_id": "10133"
  },
  {
    "review": "최고다!!! 이런영화가 DVD로 복원되어야...",
    "date": "10.06.15",
    "rating": "10",
    "author": "ksks****",
    "review_id": "4567849",
    "movie_id": "10133"
  },
  {
    "review": "정말 재미있게 본 한국 영화의 수작이다..",
    "date": "10.06.14",
    "rating": "10",
    "author": "lk02****",
    "review_id": "4563996",
    "movie_id": "10133"
  },
  {
    "review": "고3때 비 내리던 어느날 단성사에서 보았던 잊지못할 추억의 명화!",
    "date": "10.04.10",
    "rating": "10",
    "author": "leaf****",
    "review_id": "4424622",
    "movie_id": "10133"
  },
  {
    "review": "85년도 꼬맹이때 엄마보던거 따라봤는데..서른셋이 되서야 이제 제대로 보네..",
    "date": "10.02.26",
    "rating": "10",
    "author": "fire****",
    "review_id": "4320541",
    "movie_id": "10133"
  },
  {
    "review": "의외의 캐스팅 김수철이 묘하게도 병태 캐릭터와 잘 어울린다",
    "date": "10.02.25",
    "rating": "8",
    "author": "mygr****",
    "review_id": "4316765",
    "movie_id": "10133"
  },
  {
    "review": "80년대의 서울시내, 눈 쌓인 시골풍경, 겨울 바람소리... 정말 좋군요.",
    "date": "10.02.03",
    "rating": "9",
    "author": "urus****",
    "review_id": "4239941",
    "movie_id": "10133"
  },
  {
    "review": "한국영화중에서 감동있는 오락영화로는 올타임 베스트!!! 참 좋았음",
    "date": "09.11.19",
    "rating": "9",
    "author": "mist****",
    "review_id": "3976358",
    "movie_id": "10133"
  },
  {
    "review": "실험정신이 돋보였던 영화였다 정말 수작이다 좋은영화!",
    "date": "09.11.16",
    "rating": "6",
    "author": "thra****",
    "review_id": "3967134",
    "movie_id": "10133"
  },
  {
    "review": "어릴적 80년대와  초미녀 이미숙",
    "date": "09.10.26",
    "rating": "8",
    "author": "hand****",
    "review_id": "3916265",
    "movie_id": "10133"
  },
  {
    "review": "이 당시의 시대상을 알아야 어느 정도 공감을 할수 있는 영화 노래도 전설이 되었다",
    "date": "09.10.01",
    "rating": "6",
    "author": "deff****",
    "review_id": "3864121",
    "movie_id": "10133"
  },
  {
    "review": "세상은 정말 많이 변했다 ... 다시 보니 정겹다...",
    "date": "09.09.16",
    "rating": "10",
    "author": "ezha****",
    "review_id": "3834553",
    "movie_id": "10133"
  },
  {
    "review": "80년대의 낭만수작! 지금의 개같은 세상에서는 다시 그 낭만은 찾아오지 않는다.",
    "date": "09.05.16",
    "rating": "10",
    "author": "deka****",
    "review_id": "3498134",
    "movie_id": "10133"
  },
  {
    "review": "어렸을때 재밌게 본 영화.",
    "date": "09.04.08",
    "rating": "10",
    "author": "jkh0****",
    "review_id": "3410211",
    "movie_id": "10133"
  },
  {
    "review": "good",
    "date": "09.04.05",
    "rating": "10",
    "author": "mins****",
    "review_id": "3405370",
    "movie_id": "10133"
  },
  {
    "review": "갈곳을 잃고 표류하는 젊은 영혼들에게 감독이 전해주는 동화같은 이야기",
    "date": "09.01.23",
    "rating": "9",
    "author": "wash****",
    "review_id": "3240612",
    "movie_id": "10133"
  },
  {
    "review": "어렸을 적에 아무 것도 모르고 멍하게 끝까지 봤던 영화. 흡입력이 엄청났음^^",
    "date": "08.09.08",
    "rating": "10",
    "author": "ldj0****",
    "review_id": "2931102",
    "movie_id": "10133"
  },
  {
    "review": "그래서 그들은 바다로 갔다.",
    "date": "08.08.30",
    "rating": "7",
    "author": "baks****",
    "review_id": "2910803",
    "movie_id": "10133"
  },
  {
    "review": "80년대 한국의 산 증인",
    "date": "08.08.27",
    "rating": "9",
    "author": "good****",
    "review_id": "2905898",
    "movie_id": "10133"
  },
  {
    "review": "최고다!!!",
    "date": "08.08.25",
    "rating": "10",
    "author": "ljsh****",
    "review_id": "2902114",
    "movie_id": "10133"
  },
  {
    "review": "레전드지.요즘엔 통 tv에서 안해주네.필름을 잊어버렸나? ㅋ",
    "date": "08.06.23",
    "rating": "10",
    "author": "dma9****",
    "review_id": "2715339",
    "movie_id": "10133"
  },
  {
    "review": "날보고 한국 최고의 영화를 뽑아라면 올드보이와 고래사냥이다.",
    "date": "08.06.14",
    "rating": "10",
    "author": "gjdn****",
    "review_id": "2697213",
    "movie_id": "10133"
  },
  {
    "review": "대한민국 최고의 영화",
    "date": "08.06.01",
    "rating": "10",
    "author": "sbsk****",
    "review_id": "2674766",
    "movie_id": "10133"
  },
  {
    "review": "가슴 후련한 영화.",
    "date": "08.05.17",
    "rating": "8",
    "author": "biga****",
    "review_id": "2647266",
    "movie_id": "10133"
  },
  {
    "review": "자! 떠나자 고래잡으러~",
    "date": "08.04.05",
    "rating": "7",
    "author": "meth****",
    "review_id": "2559191",
    "movie_id": "10133"
  },
  {
    "review": "고등학교때 영화.. 대학생활의 동경. 거인 김수철.. 동해바다로~",
    "date": "08.01.28",
    "rating": "7",
    "author": "acin****",
    "review_id": "2381912",
    "movie_id": "10133"
  },
  {
    "review": "젊은 시절 이미숙을 볼 수 있다. 안성기의 꾸밈없는 매력은 덤 ...",
    "date": "08.01.27",
    "rating": "7",
    "author": "1stl****",
    "review_id": "2374478",
    "movie_id": "10133"
  },
  {
    "review": "왜 안성기인지 느낄수있는 영화. 2탄도 꼭 보시길..",
    "date": "08.01.17",
    "rating": "10",
    "author": "mani****",
    "review_id": "2339471",
    "movie_id": "10133"
  },
  {
    "review": "옛추억이 새록새록~",
    "date": "07.12.27",
    "rating": "10",
    "author": "jame****",
    "review_id": "2271489",
    "movie_id": "10133"
  },
  {
    "review": "어렸을때 진짜 재밌게본영화중하나지",
    "date": "07.11.11",
    "rating": "7",
    "author": "pksj****",
    "review_id": "2145090",
    "movie_id": "10133"
  },
  {
    "review": "빨리 DVD 출시하라!!!",
    "date": "07.10.02",
    "rating": "9",
    "author": "toma****",
    "review_id": "2065471",
    "movie_id": "10133"
  },
  {
    "review": "나 태어나기도 전에 나온 영화를 이제 봤는데 재밌다..",
    "date": "07.09.19",
    "rating": "10",
    "author": "llii****",
    "review_id": "2030990",
    "movie_id": "10133"
  },
  {
    "review": "나의 이상향,,,,어디로 떠나야 하는걸까,,,,",
    "date": "07.08.31",
    "rating": "9",
    "author": "seag****",
    "review_id": "1992750",
    "movie_id": "10133"
  },
  {
    "review": "한국형 시리즈물의 탄생",
    "date": "07.08.11",
    "rating": "6",
    "author": "lsh1****",
    "review_id": "1922465",
    "movie_id": "10133"
  },
  {
    "review": "어리디 어린 내 가슴에 먼가를 심어주었던..",
    "date": "07.08.09",
    "rating": "10",
    "author": "typo****",
    "review_id": "1908310",
    "movie_id": "10133"
  },
  {
    "review": "굿",
    "date": "07.06.24",
    "rating": "10",
    "author": "pung****",
    "review_id": "1717508",
    "movie_id": "10133"
  },
  {
    "review": "어렸을때 봤는데 충격적이였다..",
    "date": "07.06.19",
    "rating": "10",
    "author": "ukhk****",
    "review_id": "1709115",
    "movie_id": "10133"
  },
  {
    "review": "어릴 적 기차화장실씬은 충격 이였다 ㅋㅋ",
    "date": "07.06.17",
    "rating": "10",
    "author": "buls****",
    "review_id": "1705430",
    "movie_id": "10133"
  },
  {
    "review": "진짜 주인공은 80년 한국의 겨울빛. 젊고 시린날 방황은 좋기도 하구나.",
    "date": "07.06.15",
    "rating": "8",
    "author": "rott****",
    "review_id": "1701467",
    "movie_id": "10133"
  },
  {
    "review": "젊은 날의 방황.. 왕초는 정말 뭐하는 사람일까? ㅋ",
    "date": "07.06.06",
    "rating": "9",
    "author": "urim****",
    "review_id": "1685430",
    "movie_id": "10133"
  },
  {
    "review": "감동과 재미가 작렬하는 걸작 한국영화. 김수철의 놀라운 연기를 감상합세!",
    "date": "07.05.18",
    "rating": "10",
    "author": "bepl****",
    "review_id": "1644462",
    "movie_id": "10133"
  },
  {
    "review": "80년대의 대표적인영화중하나",
    "date": "07.05.17",
    "rating": "10",
    "author": "moon****",
    "review_id": "1642869",
    "movie_id": "10133"
  },
  {
    "review": "이 작품이 어째서 100위 안에도 없단말이냐...그것도 한국영화인데",
    "date": "07.03.23",
    "rating": "10",
    "author": "burn****",
    "review_id": "1549624",
    "movie_id": "10133"
  },
  {
    "review": "좋은 영화였었다",
    "date": "07.03.11",
    "rating": "9",
    "author": "nala****",
    "review_id": "1530128",
    "movie_id": "10133"
  },
  {
    "review": "일단 봐라 많이 느낄거다",
    "date": "07.01.09",
    "rating": "4",
    "author": "ppp0****",
    "review_id": "1369793",
    "movie_id": "10133"
  },
  {
    "review": "정말 어렸을때 봤던 영화 새록새록 기억나는데 오늘찾았다",
    "date": "06.11.18",
    "rating": "10",
    "author": "meni****",
    "review_id": "1238915",
    "movie_id": "10133"
  },
  {
    "review": "어렸을때 넘 재밌게 봤다 ㅋㅋ",
    "date": "06.11.11",
    "rating": "9",
    "author": "luvs****",
    "review_id": "1226364",
    "movie_id": "10133"
  },
  {
    "review": "이영화로 한국영화도 재밋단 사실을 알게되었다",
    "date": "06.11.11",
    "rating": "10",
    "author": "evrc****",
    "review_id": "1226358",
    "movie_id": "10133"
  },
  {
    "review": "80년대 40만... 지금이라면 최소 400만은 보았다는 이야기",
    "date": "06.09.24",
    "rating": "10",
    "author": "gkst****",
    "review_id": "1140411",
    "movie_id": "10133"
  },
  {
    "review": "지금봐도 빠지는 게 없는 참 잘만든 영화.",
    "date": "06.09.17",
    "rating": "10",
    "author": "xgo7****",
    "review_id": "1129143",
    "movie_id": "10133"
  },
  {
    "review": "대단한 영화",
    "date": "06.05.27",
    "rating": "10",
    "author": "zeed****",
    "review_id": "817783",
    "movie_id": "10133"
  },
  {
    "review": "이때만 해도 한국영화엔 정신이 담겨있었다",
    "date": "06.03.05",
    "rating": "7",
    "author": "varg****",
    "review_id": "704627",
    "movie_id": "10133"
  },
  {
    "review": "지금 개봉해도 300만은 들어올 듯.",
    "date": "06.01.03",
    "rating": "9",
    "author": "pmod****",
    "review_id": "557607",
    "movie_id": "10133"
  },
  {
    "review": "배창호 최고걸작",
    "date": "05.12.25",
    "rating": "10",
    "author": "kws7****",
    "review_id": "527201",
    "movie_id": "10133"
  },
  {
    "review": "떠나자..동해바다로.. 지금도 그렇다..",
    "date": "05.12.24",
    "rating": "10",
    "author": "blue****",
    "review_id": "523863",
    "movie_id": "10133"
  },
  {
    "review": "잡을 수는 있는건가? 김수철의 노래만큼이나 어렵다.",
    "date": "05.12.14",
    "rating": "6",
    "author": "tara****",
    "review_id": "504997",
    "movie_id": "10133"
  },
  {
    "review": "어딘가에 있을 내 고래를 찾고싶다.",
    "date": "05.12.09",
    "rating": "9",
    "author": "khjm****",
    "review_id": "498920",
    "movie_id": "10133"
  },
  {
    "review": "어렷을때 보앗던것이 기억나네요...",
    "date": "05.11.01",
    "rating": "10",
    "author": "kimw****",
    "review_id": "461730",
    "movie_id": "10133"
  },
  {
    "review": "가려운 곳을 확실히 긁어주었던...",
    "date": "05.08.20",
    "rating": "8",
    "author": "cat1****",
    "review_id": "376058",
    "movie_id": "10133"
  },
  {
    "review": "이것이로드무비다,긍데왜고래가우리마음에있는걸까?",
    "date": "05.07.24",
    "rating": "8",
    "author": "izzo****",
    "review_id": "332292",
    "movie_id": "10133"
  },
  {
    "review": "80년대의 걸작이다. 왕초가 그립다.",
    "date": "05.07.01",
    "rating": "10",
    "author": "pb06****",
    "review_id": "310242",
    "movie_id": "10133"
  },
  {
    "review": "우리나라 몇안되는 최고의 로드무비 지금봐도 재미만땅",
    "date": "05.05.13",
    "rating": "7",
    "author": "si2p****",
    "review_id": "277076",
    "movie_id": "10133"
  },
  {
    "review": "어디서 봤었는데.. 재밌었음",
    "date": "05.04.02",
    "rating": "7",
    "author": "like****",
    "review_id": "251773",
    "movie_id": "10133"
  },
  {
    "review": "무척이나 재미있다. 음악도 좋다",
    "date": "05.03.07",
    "rating": "10",
    "author": "town****",
    "review_id": "236783",
    "movie_id": "10133"
  }
]