[
  {
    "review_id": "10263063",
    "movie_id": "101301",
    "author": "ekff****",
    "review": "저렇게 힘들게 영화를 만드는데, 왜 한국영화는 다 쓰레기냐?",
    "rating": "1",
    "date": "15.08.22"
  },
  {
    "review_id": "10255449",
    "movie_id": "101301",
    "author": "faml****",
    "review": "어설프지만, 참 재밌다. 진짜 재밌다.",
    "rating": "7",
    "date": "15.08.20"
  },
  {
    "review_id": "10254576",
    "movie_id": "101301",
    "author": "cube****",
    "review": "나의 가까운 미래를 보고 있는 건 아닐까 하는 서늘함과 웃음이 공존.",
    "rating": "7",
    "date": "15.08.20"
  },
  {
    "review_id": "10205783",
    "movie_id": "101301",
    "author": "hydr****",
    "review": "gggbbbbaaaa....",
    "rating": "1",
    "date": "15.08.09"
  },
  {
    "review_id": "10039713",
    "movie_id": "101301",
    "author": "rd72****",
    "review": "시덥잖은 말장난. 스물에서도 그러더니.",
    "rating": "4",
    "date": "15.06.26"
  },
  {
    "review_id": "9873150",
    "movie_id": "101301",
    "author": "mong****",
    "review": "반짝반짝 빛나는 영화!! 병헌씨와 친구들은 우울하지만 웃기고 슬픈데 즐겁습니다! 앞으로의 길도 반짝반짝 빛나길!",
    "rating": "10",
    "date": "15.04.27"
  },
  {
    "review_id": "9850881",
    "movie_id": "101301",
    "author": "a197****",
    "review": "노래가종ㅇ어/서민호",
    "rating": "10",
    "date": "15.04.18"
  },
  {
    "review_id": "9849196",
    "movie_id": "101301",
    "author": "butt****",
    "review": "샹각했던것보다 재미있엇습니다. ㅎ",
    "rating": "10",
    "date": "15.04.17"
  },
  {
    "review_id": "9845350",
    "movie_id": "101301",
    "author": "soos****",
    "review": "양현민이라는 배우~ 상업영화에서 보길 기원합니다",
    "rating": "10",
    "date": "15.04.14"
  },
  {
    "review_id": "9845349",
    "movie_id": "101301",
    "author": "gold****",
    "review": "모든 배우들 연기가 굿이네요!!! 양현민 배우 정말 연기ㅇ찰지시내요~^^",
    "rating": "10",
    "date": "15.04.14"
  },
  {
    "review_id": "9842533",
    "movie_id": "101301",
    "author": "dino****",
    "review": "청춘병에 허덕이는 모든 청춘들이여 보라",
    "rating": "7",
    "date": "15.04.12"
  },
  {
    "review_id": "9833439",
    "movie_id": "101301",
    "author": "chot****",
    "review": "스물안봤지만 이건 꼭 보고싶었어요 현실웃음터짐",
    "rating": "9",
    "date": "15.04.07"
  },
  {
    "review_id": "9822692",
    "movie_id": "101301",
    "author": "in_a****",
    "review": "돈 아깝지 않은 독립영화. 감독의 유머코드 짱짱",
    "rating": "9",
    "date": "15.04.02"
  },
  {
    "review_id": "9822168",
    "movie_id": "101301",
    "author": "klj2****",
    "review": "대체로 기자.평론가 별점을 선택 기준으로 삼는데 여기선 존중할수없네요",
    "rating": "10",
    "date": "15.04.02"
  },
  {
    "review_id": "9757131",
    "movie_id": "101301",
    "author": "feel****",
    "review": "보는  내내 빵빵 터지면서도 어느 순간 가슴이 싸....함. 남일 같지 않아서...?! ㅋㅋ",
    "rating": "10",
    "date": "15.03.05"
  },
  {
    "review_id": "9725325",
    "movie_id": "101301",
    "author": "sinh****",
    "review": "자신들의 고단함을 억지로 관객들에게  주입시키지않고 유쾌함과 섞어가며 정말 조리있게 의미전달을 잘한거같다. 곧  이병헌감독님이  제작한 영화'스물' 나오던데 기대합니다 꼭보러가겠습니다~!",
    "rating": "10",
    "date": "15.02.21"
  },
  {
    "review_id": "9703443",
    "movie_id": "101301",
    "author": "rkdd****",
    "review": "조오온나아 재밌다!!",
    "rating": "10",
    "date": "15.02.16"
  },
  {
    "review_id": "9691895",
    "movie_id": "101301",
    "author": "jhs2****",
    "review": "죤니웃픈영화.. 씁쓸",
    "rating": "10",
    "date": "15.02.13"
  },
  {
    "review_id": "9669922",
    "movie_id": "101301",
    "author": "ozsu****",
    "review": "짱재밌다. 짱재밌음.",
    "rating": "10",
    "date": "15.02.05"
  },
  {
    "review_id": "9246982",
    "movie_id": "101301",
    "author": "kmog****",
    "review": "똥에 대한 일관된 감독의 집착은 작품내에서도 여러 모습으로 변용되어 보여지는데 이는 가히 편집증적 수준이라 말할 수 있다. 하지만 중요한 것은, 그게 귀엽다는 것이다 데헷",
    "rating": "9",
    "date": "14.09.28"
  },
  {
    "review_id": "9222705",
    "movie_id": "101301",
    "author": "ruri****",
    "review": "힘내세요 이병헌씨인 줄 알았네 개변태 이병헌",
    "rating": "10",
    "date": "14.09.18"
  },
  {
    "review_id": "8976311",
    "movie_id": "101301",
    "author": "okid****",
    "review": "재밌고  리얼하고 짠하기까지 하네요",
    "rating": "9",
    "date": "14.07.29"
  },
  {
    "review_id": "8894323",
    "movie_id": "101301",
    "author": "popy****",
    "review": "처음 본 페이크다큐! 굿~!( + 양현민 감초연기도 굿~~~!!!)",
    "rating": "8",
    "date": "14.07.07"
  },
  {
    "review_id": "8888551",
    "movie_id": "101301",
    "author": "0or8****",
    "review": "독립영화치고 유쾌하며 우울함도 찌질함도 담담하고 정감있게 표현해서저는 재밋게봤어요~",
    "rating": "10",
    "date": "14.07.06"
  },
  {
    "review_id": "8881622",
    "movie_id": "101301",
    "author": "sbrl****",
    "review": "감사합니다. 잘봤습니다.",
    "rating": "10",
    "date": "14.07.04"
  },
  {
    "review_id": "8879243",
    "movie_id": "101301",
    "author": "lees****",
    "review": "놀랍도록 신선하고 재밌다.",
    "rating": "10",
    "date": "14.07.03"
  },
  {
    "review_id": "8743620",
    "movie_id": "101301",
    "author": "euro****",
    "review": "깨알같은 내용으로 뜻하지 않은 웃음을 머금고 갑니다 우리의 삶과 너무 가까이 있는것 같아서 더 정감이 가는 영화네요~ 잘봤습니다~",
    "rating": "9",
    "date": "14.05.18"
  },
  {
    "review_id": "8556305",
    "movie_id": "101301",
    "author": "ekin****",
    "review": "추천받아서 봤는데 이걸 왜 이제서야 봤나 싶을정도로 재밌네요. 상업적인 영화일까? 예술적인 영화일까? 고개를 갸웃거리게 만든 진짜 위트넘치고, 맛깔나는 대사가 많은 영화였습니다.",
    "rating": "9",
    "date": "14.03.04"
  },
  {
    "review_id": "8527153",
    "movie_id": "101301",
    "author": "534k****",
    "review": "이병헌이 감독인줄 알았더니 다른 이병헌이구만",
    "rating": "7",
    "date": "14.02.22"
  },
  {
    "review_id": "8496909",
    "movie_id": "101301",
    "author": "ryns****",
    "review": "재기발랄하고 상큼합니다 재미있네요",
    "rating": "9",
    "date": "14.02.11"
  },
  {
    "review_id": "8338112",
    "movie_id": "101301",
    "author": "hank****",
    "review": "이런것두영화야  돈아깝다 ㅈㅈ",
    "rating": "1",
    "date": "14.01.02"
  },
  {
    "review_id": "8219242",
    "movie_id": "101301",
    "author": "srki****",
    "review": "최고였습니다! 힘내세요, 병헌 감독님!!!!",
    "rating": "10",
    "date": "13.12.16"
  },
  {
    "review_id": "8214414",
    "movie_id": "101301",
    "author": "zaqq****",
    "review": "평점 주는게 너무 늦었네요 정말 재밌게 잘 봤습니다",
    "rating": "10",
    "date": "13.12.14"
  },
  {
    "review_id": "8213431",
    "movie_id": "101301",
    "author": "qual****",
    "review": "총체적난국.. 삼류 상업영화랑 다른게 뭔지..  홍완표하나건졌다",
    "rating": "5",
    "date": "13.12.14"
  },
  {
    "review_id": "8152191",
    "movie_id": "101301",
    "author": "thfl****",
    "review": "좋아요!! 시간때우기용으로 틀었는데 진짜재밌게잘봤어요 요즘유머코드를제대로아는듯",
    "rating": "10",
    "date": "13.11.19"
  },
  {
    "review_id": "8117626",
    "movie_id": "101301",
    "author": "anot****",
    "review": "인생이란 멀리서보면 희극, 가까이서 보면 비극이라는 명언이 생각나는 대한민국 청춘 보고서! 친구가 있고, 꿈이 있기에 루저에 머무르지 않을 거라는 희망이 숨쉬는 영화.. 슬프지만 멋지다!",
    "rating": "10",
    "date": "13.11.06"
  },
  {
    "review_id": "8111552",
    "movie_id": "101301",
    "author": "yooj****",
    "review": "감동적이고 생각을 많이하게하는 영화",
    "rating": "10",
    "date": "13.11.03"
  },
  {
    "review_id": "8095561",
    "movie_id": "101301",
    "author": "char****",
    "review": "잘 봤습니다. 저도 보면서 힘을 얻는 영화라 생각이 드네요",
    "rating": "10",
    "date": "13.10.27"
  },
  {
    "review_id": "8094763",
    "movie_id": "101301",
    "author": "msji****",
    "review": "재밌게 봤습니다^^~~ 힘내세요 병헌씨!",
    "rating": "10",
    "date": "13.10.27"
  },
  {
    "review_id": "8076532",
    "movie_id": "101301",
    "author": "rrdd****",
    "review": "냉혹한 현실 속에서 좌절하지 않고 끊임없이 도전하는 청춘들, 힘내세요!",
    "rating": "10",
    "date": "13.10.21"
  },
  {
    "review_id": "8038105",
    "movie_id": "101301",
    "author": "jamj****",
    "review": "왜?? 왜?? 난 별로인거지?? 같은패턴 같은시나리오..왜??시나리오 너무 지저분하고 연기는 너 별로인데.. 왜??별점이좋지??",
    "rating": "5",
    "date": "13.10.05"
  },
  {
    "review_id": "8022545",
    "movie_id": "101301",
    "author": "jodi****",
    "review": "난 이런 영화가 좋다...사람냄새나면서 그리고 소소하게 웃기는것도 좋은 영화단편 냄새라는 영화도 괜찮네요...",
    "rating": "7",
    "date": "13.09.29"
  },
  {
    "review_id": "8004956",
    "movie_id": "101301",
    "author": "bara****",
    "review": "이병헌의 코미디영화를 기대하며. 10점만점에 10점.",
    "rating": "10",
    "date": "13.09.21"
  },
  {
    "review_id": "7993935",
    "movie_id": "101301",
    "author": "mctr****",
    "review": "우리에겐 이런 영화가 필요하다.",
    "rating": "8",
    "date": "13.09.18"
  },
  {
    "review_id": "7993173",
    "movie_id": "101301",
    "author": "bono****",
    "review": "힘든 영화지만 힘나게 하는 영화. 유쾌하게 깔깔댔다가. 우울해 했다가. 스리슬쩍 미소지었다.",
    "rating": "10",
    "date": "13.09.18"
  },
  {
    "review_id": "7992009",
    "movie_id": "101301",
    "author": "guev****",
    "review": "스피디한 전개가 흥미를 줄곧 유지하는군",
    "rating": "7",
    "date": "13.09.18"
  },
  {
    "review_id": "7986808",
    "movie_id": "101301",
    "author": "hmns****",
    "review": "47세 미혼 남자가 본 이 영화!좋았어요 아자!",
    "rating": "10",
    "date": "13.09.16"
  },
  {
    "review_id": "7975685",
    "movie_id": "101301",
    "author": "eorn****",
    "review": "평범한 영화.",
    "rating": "6",
    "date": "13.09.14"
  },
  {
    "review_id": "7972100",
    "movie_id": "101301",
    "author": "sono****",
    "review": "최고에요 마음을 적셔준 올해 유일한 한국영화",
    "rating": "9",
    "date": "13.09.13"
  },
  {
    "review_id": "7964221",
    "movie_id": "101301",
    "author": "gyew****",
    "review": "재미보다 훈훈한 웃음을 주는 영화",
    "rating": "10",
    "date": "13.09.10"
  },
  {
    "review_id": "7957883",
    "movie_id": "101301",
    "author": "jy43****",
    "review": "아 진짜 좋다",
    "rating": "10",
    "date": "13.09.08"
  },
  {
    "review_id": "7947644",
    "movie_id": "101301",
    "author": "mimi****",
    "review": "최고.  추천영화.",
    "rating": "10",
    "date": "13.09.04"
  },
  {
    "review_id": "7933978",
    "movie_id": "101301",
    "author": "han3****",
    "review": "짠하다...꽃다주는 장면보고 울컥ㅋㅋ신선하게 다가왔고 소소한 웃음도 있었다. 다수 연기는 좋았지만 카메라감독은 쫌 거슬렸다",
    "rating": "8",
    "date": "13.08.30"
  },
  {
    "review_id": "7930086",
    "movie_id": "101301",
    "author": "forg****",
    "review": "넘재미있게보고 연기가 아주최고였습니다",
    "rating": "10",
    "date": "13.08.28"
  },
  {
    "review_id": "7923498",
    "movie_id": "101301",
    "author": "jihy****",
    "review": "유쾌한 영화 잘 봤습니다. 감독님 파이팅!!!",
    "rating": "9",
    "date": "13.08.26"
  },
  {
    "review_id": "7918117",
    "movie_id": "101301",
    "author": "swam****",
    "review": "이전에 감독님 시나리오 모니터 한 적이 있었어요.. 죄송해요. ㅡㅡ...감독님, 친구랑 너무 지쳐있다가 이 영화를 보고나서 벅차게 행복해졌습니다. -투자 심사를 기다리는 어느 무명작가-",
    "rating": "9",
    "date": "13.08.24"
  },
  {
    "review_id": "7917878",
    "movie_id": "101301",
    "author": "lgee****",
    "review": "영화 포스터가 재밌다. 영화도 재밌다.신인감독의 데뷔과정을 그린 점에서 너무 좋다.",
    "rating": "9",
    "date": "13.08.24"
  },
  {
    "review_id": "7914591",
    "movie_id": "101301",
    "author": "b744****",
    "review": "20대후반 30대 초반 비슷한 또래의 우리들이라면 심하게 공감할만한 그런내용~ 힘들냅시다~",
    "rating": "8",
    "date": "13.08.23"
  },
  {
    "review_id": "7913616",
    "movie_id": "101301",
    "author": "z3wa****",
    "review": "와 재미없네 알바쩐다",
    "rating": "1",
    "date": "13.08.23"
  },
  {
    "review_id": "7913140",
    "movie_id": "101301",
    "author": "nand****",
    "review": "나름 신선한 소재라 생각되지만 어설픈연기와 썰렁함에.....",
    "rating": "4",
    "date": "13.08.22"
  },
  {
    "review_id": "7904675",
    "movie_id": "101301",
    "author": "gofy****",
    "review": "아 짱웃겨요..",
    "rating": "10",
    "date": "13.08.19"
  },
  {
    "review_id": "7851014",
    "movie_id": "101301",
    "author": "zz01****",
    "review": "사실 기대안했었는데 보고나니까 상큼한 웃음과 함께 뒤끝이 깔끔했다. 후련했다 그리고 앞으로가 기대됐다",
    "rating": "9",
    "date": "13.08.06"
  },
  {
    "review_id": "7824342",
    "movie_id": "101301",
    "author": "kij1****",
    "review": "쵝오!!",
    "rating": "10",
    "date": "13.08.02"
  },
  {
    "review_id": "7810876",
    "movie_id": "101301",
    "author": "hmi1****",
    "review": "재밌게 잘 봤습니다.",
    "rating": "10",
    "date": "13.08.01"
  },
  {
    "review_id": "7809829",
    "movie_id": "101301",
    "author": "nice****",
    "review": "비단 병헌씨만이 그리 살고 있는건 아닐꺼에요. 그래서 더욱 공감하며 병헌씨랑 같이 웃고 자존심 상하고 짠해지고 그랬던 것 같아요~ 늘 그렇듯 앞으로 걸어나가는 길만이 정답이겠죠? 병헌씨, 힘내세요! 화이팅! 저도 같이 화이팅!! ^^",
    "rating": "8",
    "date": "13.08.01"
  },
  {
    "review_id": "7807698",
    "movie_id": "101301",
    "author": "ryo1****",
    "review": "정말 힘이되는 영화, 2번 봐도 후회없는 영화에요 모두 힘내세요!",
    "rating": "9",
    "date": "13.08.01"
  },
  {
    "review_id": "7802538",
    "movie_id": "101301",
    "author": "mast****",
    "review": "단언컨데 이병헌 감독은 충무로 기대주중 단연 최고입니디!!!",
    "rating": "10",
    "date": "13.07.31"
  },
  {
    "review_id": "7801010",
    "movie_id": "101301",
    "author": "arth****",
    "review": "첫번째 볼때 미친듯이 웃으면서 봤고두번째 볼땐 한켠으로 아련해지는 느낌을 받았고세번째 볼땐 그래도 살아 나가야지!!하고 기운을 얻은 영화♥",
    "rating": "10",
    "date": "13.07.30"
  },
  {
    "review_id": "7782870",
    "movie_id": "101301",
    "author": "howp****",
    "review": "수많은 환상과 기대, 착각에도 불구하고,, 그럼에도 냄새는 난다..좋은 영화!",
    "rating": "10",
    "date": "13.07.25"
  },
  {
    "review_id": "7780425",
    "movie_id": "101301",
    "author": "jjhu****",
    "review": "대사가진짜주옥같다.. 바다를바라볼때병헌대사랑 엔딩때 누워서가로등바라볼때 흐르던자막대사등..진짜 힘내세요 미래의깐느주인공들이여!",
    "rating": "10",
    "date": "13.07.24"
  },
  {
    "review_id": "7774926",
    "movie_id": "101301",
    "author": "cecc****",
    "review": "완전 재밌었어요ㅜㅜㅜㅜㅜㅜㅜㅜㅜㅜㅜㅜ 사람들 인지도가 낮은게 너무 아쉬워요.",
    "rating": "10",
    "date": "13.07.22"
  },
  {
    "review_id": "7767400",
    "movie_id": "101301",
    "author": "6827****",
    "review": "우리가 영화를 찍는 이유",
    "rating": "10",
    "date": "13.07.20"
  },
  {
    "review_id": "7760203",
    "movie_id": "101301",
    "author": "saku****",
    "review": "우리가 영화를 보는 이유는 아마도 이런 유쾌한 영화를 끊임없이 보고 싶어서일 거다.",
    "rating": "10",
    "date": "13.07.19"
  },
  {
    "review_id": "7758869",
    "movie_id": "101301",
    "author": "yypc****",
    "review": "극중  병헌씨가 실제 이 영화의 감독님인 줄로 보았고, 양현민 배우님을 비롯한 친구들의 캐릭터 자체가 실제 인물인줄 알고 봤습니다. 그만큼 등장인물들의 연기가 리얼했습니다. 엔딩크레딧 올라갈때야 모두 캐릭터 였다는 사실에 멘붕..!!ㅋ",
    "rating": "10",
    "date": "13.07.18"
  },
  {
    "review_id": "7758600",
    "movie_id": "101301",
    "author": "flyt****",
    "review": "상영시간 내내 턱 아프게 광대 아프게 깔깔대며 웃었어요! 변명도 자기 위로도 없는 찌질함이 그대로 드러나서 정말정말 좋았어요 :) 근데 GV에서 만난 감독님은 배우님만큼 훈훈하셨.. 하나도 안 찌질하셨.. 올해본영화중에 최고였어요! 진심임! b",
    "rating": "10",
    "date": "13.07.18"
  },
  {
    "review_id": "7756278",
    "movie_id": "101301",
    "author": "dory****",
    "review": "재미있게 잘 보았습니다. 상업영화와는 다른 풋풋하고 진솔한 내용이 좋았네요. 배우들의 대사와 연기에 깨알같은 웃음이 터지지만 배경의 내면에는 치열하면서도 홀로서기 힘든 젊은이들의 현실을 그리고 있어 웃지만 마냥 웃을 수 없더군요. 모두들 힘내세요~",
    "rating": "9",
    "date": "13.07.18"
  },
  {
    "review_id": "7753469",
    "movie_id": "101301",
    "author": "hunn****",
    "review": "기대안하고 봤던 영화중 이처럼 실망하기도 처음",
    "rating": "1",
    "date": "13.07.17"
  },
  {
    "review_id": "7749380",
    "movie_id": "101301",
    "author": "kkh0****",
    "review": "다큐형식의 신선한 코메디 CF계의 다크호스 홍완표 형님 잘봤어요 ㅋ 조지아커피만먹어야겠네 ㅋㅋㅋ 감독님이름도 멋지네요^^",
    "rating": "9",
    "date": "13.07.16"
  },
  {
    "review_id": "7739193",
    "movie_id": "101301",
    "author": "akdr****",
    "review": "나쁘지 않앗던거같아요 냄세가난다 감동적이엿어요",
    "rating": "8",
    "date": "13.07.14"
  },
  {
    "review_id": "7737043",
    "movie_id": "101301",
    "author": "je21****",
    "review": "정말기대하고 봤는데 너무 실망. 웃기긴했지만 정말 뻔하고 지루한 스토리...다큐형식은 신선하기보단 식상하게 느껴졌습니다ㅜ제 취향과는 정말... 한마디로 웃기지만 저에게는 재미없는 영화였습니다. 웃긴것과 재밌는것은 정말 별개라는 것을 느끼게해준..",
    "rating": "1",
    "date": "13.07.13"
  },
  {
    "review_id": "7732215",
    "movie_id": "101301",
    "author": "shia****",
    "review": "유쾌하고 가볍지만 깊이 있다. 이 시대의 청년들이라면 공감할 이야기.",
    "rating": "9",
    "date": "13.07.13"
  },
  {
    "review_id": "7731269",
    "movie_id": "101301",
    "author": "peti****",
    "review": "언제나 응원할게요  :)",
    "rating": "8",
    "date": "13.07.12"
  },
  {
    "review_id": "7727453",
    "movie_id": "101301",
    "author": "di33****",
    "review": "이래서 독립영화를 볼 수밖에 없다 (비중에 상관없이) 배우 개개인 모두의 색깔이 잘 드러났고, 스크린에 비춰지지 않은 스태프 모든 분들!! 박수 받아 마땅하다.",
    "rating": "9",
    "date": "13.07.11"
  },
  {
    "review_id": "7726655",
    "movie_id": "101301",
    "author": "4570****",
    "review": "실생활 대사, 리얼한 배우들!기억에 남는 장면 - 강남 영화부에서 회의장면 (시나리오 돌직구),  2011 부산국제영화제에 가서 해운대에서 '자유'를 외치는 장면, 배우 허준석(찰영감독)은 부인한테 전화 받는 장면, 잘 만들었다 영화!",
    "rating": "8",
    "date": "13.07.11"
  },
  {
    "review_id": "7726595",
    "movie_id": "101301",
    "author": "tmal****",
    "review": "진짜대박.",
    "rating": "10",
    "date": "13.07.11"
  },
  {
    "review_id": "7726005",
    "movie_id": "101301",
    "author": "cmlo****",
    "review": "별로...",
    "rating": "1",
    "date": "13.07.11"
  },
  {
    "review_id": "7722208",
    "movie_id": "101301",
    "author": "ssoz****",
    "review": "병헌씨! 힘내세요 ㅎ.ㅎ",
    "rating": "10",
    "date": "13.07.10"
  },
  {
    "review_id": "7721925",
    "movie_id": "101301",
    "author": "shal****",
    "review": "친구생각나서 울적한거말곤 ㅠ 괜찮음",
    "rating": "9",
    "date": "13.07.10"
  },
  {
    "review_id": "7720700",
    "movie_id": "101301",
    "author": "js11****",
    "review": "정말  재미있게  잘봤습니다!",
    "rating": "10",
    "date": "13.07.09"
  },
  {
    "review_id": "7720636",
    "movie_id": "101301",
    "author": "chli****",
    "review": "전형적인 공식을 따르지 않는다! 구질구질하지 않고 재미있다!",
    "rating": "10",
    "date": "13.07.09"
  },
  {
    "review_id": "7720213",
    "movie_id": "101301",
    "author": "mist****",
    "review": "ㅋ",
    "rating": "10",
    "date": "13.07.09"
  },
  {
    "review_id": "7719888",
    "movie_id": "101301",
    "author": "cere****",
    "review": "아무생각없이선택했으나평생못잊을재미와애환 영화학도로써진짜공감되고좋았습니다",
    "rating": "10",
    "date": "13.07.09"
  },
  {
    "review_id": "7718435",
    "movie_id": "101301",
    "author": "mari****",
    "review": "리얼리티가 살아있어요!",
    "rating": "9",
    "date": "13.07.08"
  },
  {
    "review_id": "7716865",
    "movie_id": "101301",
    "author": "chld****",
    "review": "재미있게 잘 봤습니다.^^",
    "rating": "10",
    "date": "13.07.08"
  },
  {
    "review_id": "7716379",
    "movie_id": "101301",
    "author": "sjsj****",
    "review": "아티스트들의 헝그리정신이 묻어나는 본격 리얼리즘 휴머니티 영화... 현실은 각박하지만, 힘내세요 ! 병헌씨 !",
    "rating": "9",
    "date": "13.07.08"
  },
  {
    "review_id": "7715439",
    "movie_id": "101301",
    "author": "iapp****",
    "review": "예기치 않은 선물같은 영화",
    "rating": "7",
    "date": "13.07.07"
  },
  {
    "review_id": "7714551",
    "movie_id": "101301",
    "author": "hifi****",
    "review": "평점을 읽을 때만해도 올해 수작을 찾았다며, 바로 극장으로 향했습니다... 도대체 어느 부분을 눈여겨 봐야 하는 건가요... 저만 이 영화의 가치를 못 찾는 건가요... ㅠㅠ",
    "rating": "3",
    "date": "13.07.07"
  },
  {
    "review_id": "7712564",
    "movie_id": "101301",
    "author": "sun1****",
    "review": "'힘내세요,병헌씨'는 보자마자 너무 마음에 들어서 두번이나 보았습니다! 여러사람한테 알리며 함께 보러가고있네요! 그래서 한번 더 보러갈 예정이에요!! 배우분들 연기도 너무 잘하시고, 공감도되고 즐겁게 볼 수 있었습니다! 좋은영화감사합니다♥",
    "rating": "10",
    "date": "13.07.07"
  },
  {
    "review_id": "7708225",
    "movie_id": "101301",
    "author": "cd19****",
    "review": "기대안하고 봤는데 재미있네요. 웃기고요~ 이런 영화는 보고 판단하심이~ㅎㅎ^^",
    "rating": "10",
    "date": "13.07.05"
  },
  {
    "review_id": "7706686",
    "movie_id": "101301",
    "author": "emic****",
    "review": "별기대없이 보았던 영화인데 정말 굿이었습니다 !",
    "rating": "10",
    "date": "13.07.05"
  }
]