[
  {
    "review_id": "7080575",
    "movie_id": "101318",
    "author": "yang****",
    "review": "볼만하다.1점 한국영화는 죄다 9점이네 매미OO",
    "rating": "9",
    "date": "13.01.04"
  },
  {
    "review_id": "6928166",
    "movie_id": "101318",
    "author": "orch****",
    "review": "세계 3대오페라극장이라고 해서 봤어요. 지휘자님 표정 짱! 이제 멀리 가지 않아도 가까이에서 좋은작품 봅니다.",
    "rating": "10",
    "date": "12.11.26"
  },
  {
    "review_id": "6925728",
    "movie_id": "101318",
    "author": "oky5****",
    "review": "오페라를 사랑하는 분들만 보세요. 보는내내 잠만;;;;",
    "rating": "1",
    "date": "12.11.25"
  },
  {
    "review_id": "6909159",
    "movie_id": "101318",
    "author": "shki****",
    "review": "여름에 메가박스에서 짤츠부르크 페스티발 생중계 봤는데 넘 좋았던 기억이있어요  이번 카르멘도 꼭 보려구요  완전 기대만땅이에요  자막도있다고하니 더욱 즐감할수있을듯!!",
    "rating": "10",
    "date": "12.11.20"
  },
  {
    "review_id": "6906050",
    "movie_id": "101318",
    "author": "ands****",
    "review": "잘봤는데 댓글이 별로 없는듯해 남김, 빈필하모닉 연주는  뭘모르는 내게 도 감동, 빈국립극장 외관만 본적있는데, 영상으로나마 이렇게 접하니 만족스럽다",
    "rating": "9",
    "date": "12.11.19"
  },
  {
    "review_id": "6903433",
    "movie_id": "101318",
    "author": "clie****",
    "review": "너무나 친숙하고, 고전적으로 해석하고",
    "rating": "9",
    "date": "12.11.18"
  },
  {
    "review_id": "6899679",
    "movie_id": "101318",
    "author": "ferm****",
    "review": "메가박스에서 의외로 많은 사람들이 봐서 놀랐다 영화이지만 큰화면으로 봐서 망원경으로 본득 생생한 느낌이었다 하지만 세시간을 쉬는시간이 보려니 가끔 졸립고 피곤하기도;;: 그래도 보기 잘했다는 생각이 드는 영화?오페라 였다",
    "rating": "9",
    "date": "12.11.17"
  },
  {
    "review_id": "6886721",
    "movie_id": "101318",
    "author": "w137****",
    "review": "킁",
    "rating": "7",
    "date": "12.11.14"
  },
  {
    "review_id": "6885190",
    "movie_id": "101318",
    "author": "ppar****",
    "review": "주말에 센트럴에서 봤었는데 큰화면과 분위기 덕분인지 몰입이 정말 잘되더라구요. 각 배역들의 표정과 몸짓까지 세세하게 볼수있어 좋았습니다.",
    "rating": "9",
    "date": "12.11.13"
  },
  {
    "review_id": "6884854",
    "movie_id": "101318",
    "author": "tkdr****",
    "review": "ㅊ",
    "rating": "5",
    "date": "12.11.13"
  },
  {
    "review_id": "6884828",
    "movie_id": "101318",
    "author": "kimr****",
    "review": "이..일..일등이라늬~~~~",
    "rating": "10",
    "date": "12.11.13"
  }
]