[
  {
    "review": "요즘 다시 70년대 영화에 빠져 있네요 중딩때 이후로 10년만이군 골디혼은 딸보다 이뻣네요",
    "date": "15.08.12",
    "rating": "10",
    "author": "jsga****",
    "review_id": "10219080",
    "movie_id": "10139"
  },
  {
    "review": "국내에선 꽤 흥행했는데 그때나 지금이나 왜 인기있었는지는 모르겠다.",
    "date": "14.01.02",
    "rating": "7",
    "author": "hack****",
    "review_id": "8337735",
    "movie_id": "10139"
  },
  {
    "review": "태어나 처음 극장에서 본 영화. 당시엔 감동. 다시 제대로 보니 허접.",
    "date": "10.01.28",
    "rating": "3",
    "author": "pria****",
    "review_id": "4218108",
    "movie_id": "10139"
  },
  {
    "review": "골디혼의 엉뚱한 매력이 넘치는 작품이다 뭐라고 정의하기가 그렇다",
    "date": "08.10.27",
    "rating": "7",
    "author": "deff****",
    "review_id": "3022241",
    "movie_id": "10139"
  },
  {
    "review": "오프닝 드라이브 장면 강추 .. 샌프란시스코 배경 영화.. 추억만큼 소중한 영화",
    "date": "08.04.11",
    "rating": "10",
    "author": "tiny****",
    "review_id": "2573449",
    "movie_id": "10139"
  },
  {
    "review": "Barry Manilow의 음악을 죽여버리는 웃기지않은 코미디",
    "date": "06.03.23",
    "rating": "6",
    "author": "goma****",
    "review_id": "728902",
    "movie_id": "10139"
  },
  {
    "review": "조악함의 쾌감.",
    "date": "05.09.06",
    "rating": "7",
    "author": "m60d****",
    "review_id": "395294",
    "movie_id": "10139"
  }
]