[
  {
    "review": "지금 보면 평범한 스토리에 평범한 스릴러지만 그래도 재밌음",
    "date": "15.05.14",
    "rating": "6",
    "author": "ckgh****",
    "review_id": "9915957",
    "movie_id": "10137"
  },
  {
    "review": "평점 높이려고 왔어요 후",
    "date": "15.01.20",
    "rating": "10",
    "author": "cap1****",
    "review_id": "9616109",
    "movie_id": "10137"
  },
  {
    "review": "넘잼있어. 그리고 내가 1등이야.",
    "date": "15.01.12",
    "rating": "10",
    "author": "code****",
    "review_id": "9588452",
    "movie_id": "10137"
  }
]