[
  {
    "review_id": "8162288",
    "movie_id": "101438",
    "author": "ehsc****",
    "review": "일상물 허허 꿀잼  추천합니다",
    "rating": "10",
    "date": "13.11.23"
  },
  {
    "review_id": "8158853",
    "movie_id": "101438",
    "author": "is02****",
    "review": "잼납니다. 안보신분들은 한번 보시는거도 좋을거라고 생각합니다.^^",
    "rating": "10",
    "date": "13.11.22"
  },
  {
    "review_id": "7421232",
    "movie_id": "101438",
    "author": "gusw****",
    "review": "..",
    "rating": "8",
    "date": "13.03.29"
  }
]