[
  {
    "review_id": "10209334",
    "movie_id": "101446",
    "author": "didt****",
    "review": "개꿀잼 인정각이다 인정해라 애들아",
    "rating": "10",
    "date": "15.08.09"
  },
  {
    "review_id": "9165507",
    "movie_id": "101446",
    "author": "0755****",
    "review": "10점 일수밖에 없는 것이다",
    "rating": "10",
    "date": "14.09.04"
  },
  {
    "review_id": "9027940",
    "movie_id": "101446",
    "author": "kimd****",
    "review": "완전 재밌음!! 2기도 빨리 나왔으면",
    "rating": "10",
    "date": "14.08.04"
  },
  {
    "review_id": "8597307",
    "movie_id": "101446",
    "author": "dprw****",
    "review": "마땅히10저받아마땅합니다.",
    "rating": "10",
    "date": "14.03.22"
  },
  {
    "review_id": "8025461",
    "movie_id": "101446",
    "author": "qhan****",
    "review": "1점 테러범은 어디에도 있고 어디에도 없다.. 다만 이건 만화가 아니라는게 함정이다..",
    "rating": "10",
    "date": "13.10.01"
  },
  {
    "review_id": "7917551",
    "movie_id": "101446",
    "author": "ikgm****",
    "review": "ㅇ",
    "rating": "10",
    "date": "13.08.24"
  },
  {
    "review_id": "7260409",
    "movie_id": "101446",
    "author": "sss1****",
    "review": "난 이만화 본적이없다... 단지 10점을 내리고싶어서 낮은점수를 줄뿐....",
    "rating": "1",
    "date": "13.02.13"
  },
  {
    "review_id": "7083280",
    "movie_id": "101446",
    "author": "jss6****",
    "review": "10점 드리겠습니다.",
    "rating": "10",
    "date": "13.01.05"
  },
  {
    "review_id": "7041984",
    "movie_id": "101446",
    "author": "omat****",
    "review": "00000000000000000000000000000000000000000",
    "rating": "10",
    "date": "12.12.25"
  }
]