[
  {
    "review_id": "9211679",
    "movie_id": "101440",
    "author": "dizz****",
    "review": "오토코토코가 아니라니?!",
    "rating": "6",
    "date": "14.09.13"
  },
  {
    "review_id": "8780524",
    "movie_id": "101440",
    "author": "iiii****",
    "review": "코다카와 작가 OOO 외치고 싶다",
    "rating": "1",
    "date": "14.05.31"
  },
  {
    "review_id": "8018495",
    "movie_id": "101440",
    "author": "7014****",
    "review": "청소년관람불가인 이유? 망할 여성부 망할 아청법",
    "rating": "9",
    "date": "13.09.27"
  },
  {
    "review_id": "7463026",
    "movie_id": "101440",
    "author": "matt****",
    "review": "그림체 짱짱",
    "rating": "10",
    "date": "13.04.16"
  },
  {
    "review_id": "7430001",
    "movie_id": "101440",
    "author": "ko19****",
    "review": "세나쨩 다이스키 ><",
    "rating": "10",
    "date": "13.04.02"
  },
  {
    "review_id": "7221212",
    "movie_id": "101440",
    "author": "1123****",
    "review": "오랜만에 본 애니인데 꽤 재미있네요",
    "rating": "10",
    "date": "13.02.03"
  }
]