[
  {
    "review_id": "9604699",
    "movie_id": "101430",
    "author": "care****",
    "review": "정말 재미있어요^^다음에  기회가 되면  또보고 싶어요~",
    "rating": "10",
    "date": "15.01.17"
  },
  {
    "review_id": "9580300",
    "movie_id": "101430",
    "author": "dbst****",
    "review": "해양경찰 마르코♡제목부터 저에게 관심을 끌리게 했던해양경찰마르코♡원래 런닝맨에서 송지효,이광수가 좋아서 그런지 런닝맨도 재밌었고, 키 큰 이광수,월요커플 송지효~참 재밌고 내 동생한테 추천해주고 싶은 영화 입니다♡♡♡♡",
    "rating": "10",
    "date": "15.01.10"
  },
  {
    "review_id": "9519608",
    "movie_id": "101430",
    "author": "qkrt****",
    "review": "지효  광수 짱짱 완전 재미있어요",
    "rating": "10",
    "date": "14.12.26"
  },
  {
    "review_id": "9463679",
    "movie_id": "101430",
    "author": "demi****",
    "review": "와우!굉장히 재미있네요!~오늘부터 이광수,송지효 광팬될 듯^^",
    "rating": "10",
    "date": "14.12.10"
  },
  {
    "review_id": "9279682",
    "movie_id": "101430",
    "author": "rlaa****",
    "review": "재밌네요 ㅎㅎ10자10자",
    "rating": "10",
    "date": "14.10.09"
  },
  {
    "review_id": "9081529",
    "movie_id": "101430",
    "author": "nest****",
    "review": "송지효때문에 1점준다",
    "rating": "1",
    "date": "14.08.14"
  },
  {
    "review_id": "8925231",
    "movie_id": "101430",
    "author": "kci1****",
    "review": "짱 재밌구요... 제가 송지효,이광수 팬인ㄷ0너무 좋고 재미있네요..!!!!~~",
    "rating": "10",
    "date": "14.07.17"
  },
  {
    "review_id": "8620924",
    "movie_id": "101430",
    "author": "vvv2****",
    "review": "쟤미 있을 것 같아서 보고 싶은 데.. 아무리 찾아봐도 안 나오네요ㅠㅠ",
    "rating": "10",
    "date": "14.03.31"
  },
  {
    "review_id": "8552538",
    "movie_id": "101430",
    "author": "syj2****",
    "review": "재밋엇어요ㅎㅋ헷훗킄",
    "rating": "8",
    "date": "14.03.02"
  },
  {
    "review_id": "8370397",
    "movie_id": "101430",
    "author": "sfor****",
    "review": "무극에서 느꼈던 감정 오랜만에 느끼네요...",
    "rating": "1",
    "date": "14.01.11"
  },
  {
    "review_id": "8094534",
    "movie_id": "101430",
    "author": "fun3****",
    "review": "이게 --뭬야!!!!",
    "rating": "1",
    "date": "13.10.27"
  },
  {
    "review_id": "8019758",
    "movie_id": "101430",
    "author": "love****",
    "review": "광수오빠는 짱 멋있고 지효언니는 짱 예쁘다. 목소리도..♥♥(≥∀≤)/ 이 영화 재밌다.♥ ㅋㅋ",
    "rating": "10",
    "date": "13.09.28"
  },
  {
    "review_id": "7880362",
    "movie_id": "101430",
    "author": "kmin****",
    "review": "재미있는데 송지효랑 룰루목소리랑 조금 안어울려요",
    "rating": "9",
    "date": "13.08.14"
  },
  {
    "review_id": "7496448",
    "movie_id": "101430",
    "author": "gun0****",
    "review": "굿굿",
    "rating": "10",
    "date": "13.04.30"
  },
  {
    "review_id": "7484677",
    "movie_id": "101430",
    "author": "hone****",
    "review": "이광수 송지효 잼잇네요 ^^",
    "rating": "10",
    "date": "13.04.26"
  },
  {
    "review_id": "7467364",
    "movie_id": "101430",
    "author": "wodn****",
    "review": "^^",
    "rating": "10",
    "date": "13.04.18"
  },
  {
    "review_id": "7413956",
    "movie_id": "101430",
    "author": "pria****",
    "review": "이걸 개봉했다고라?",
    "rating": "1",
    "date": "13.03.27"
  },
  {
    "review_id": "7412341",
    "movie_id": "101430",
    "author": "noon****",
    "review": "공산주의 냄새가 나는데..",
    "rating": "1",
    "date": "13.03.26"
  },
  {
    "review_id": "7392670",
    "movie_id": "101430",
    "author": "devo****",
    "review": "송지효씨 목소리가 안 이쁘네요. 근데 내용은 그냥저냥 볼만 하구요. 아동을 겨냥한 애니라는거 알았으니까..이런건 그냥 TV만화로....영화관에 비싼돈 주고 보기에는 아까울 듯...",
    "rating": "7",
    "date": "13.03.22"
  },
  {
    "review_id": "7365320",
    "movie_id": "101430",
    "author": "dark****",
    "review": "미취학 아동 이하만 보세요,....뽀로로 수준...",
    "rating": "4",
    "date": "13.03.19"
  },
  {
    "review_id": "7354625",
    "movie_id": "101430",
    "author": "rlag****",
    "review": "완전재미",
    "rating": "10",
    "date": "13.03.16"
  },
  {
    "review_id": "7354544",
    "movie_id": "101430",
    "author": "khgw****",
    "review": "집에서 봤는데 너무 심하군요..스토리 전개가 진짜 재미없어요..애들은 좋아해요..왜냐..런닝맨..광고를 해대니까요..그러나 어른들은 보면 짜증납니다.  저학년 이하 어린이들이 볼만한 영화구요.. 드림웍스, 픽사 애니 기대하셨다면 후회합니다.",
    "rating": "1",
    "date": "13.03.16"
  },
  {
    "review_id": "7337494",
    "movie_id": "101430",
    "author": "rbdu****",
    "review": "제미있을 것 같아요. 엄청!!!!",
    "rating": "10",
    "date": "13.03.10"
  },
  {
    "review_id": "7334021",
    "movie_id": "101430",
    "author": "hyei****",
    "review": "애들이 보긴 재밌었어요! 근데, 약간 더빙이 어색한건 맞는듯! 그래두 제 동생은 진짜 잼있게 밨다궁!",
    "rating": "9",
    "date": "13.03.09"
  },
  {
    "review_id": "7330430",
    "movie_id": "101430",
    "author": "song****",
    "review": "좋음><",
    "rating": "10",
    "date": "13.03.07"
  },
  {
    "review_id": "7324775",
    "movie_id": "101430",
    "author": "3sil****",
    "review": "재미 별로 없었음",
    "rating": "5",
    "date": "13.03.04"
  },
  {
    "review_id": "7324677",
    "movie_id": "101430",
    "author": "gksq****",
    "review": "재미있었음나다..",
    "rating": "10",
    "date": "13.03.04"
  },
  {
    "review_id": "7324162",
    "movie_id": "101430",
    "author": "han8****",
    "review": "아이들의 눈으로 보기에 괜찮은 영화!내용 자체는 아이들에게 교훈을 주려는 내용이긴 했지만송지효와 광수의 더빙이 뭔가 어색함이 있었던듯...ㅠㅠ",
    "rating": "7",
    "date": "13.03.04"
  },
  {
    "review_id": "7324000",
    "movie_id": "101430",
    "author": "kjs7****",
    "review": "제발 연예인 성우좀 쓰지마 어설프고 오그라든다",
    "rating": "1",
    "date": "13.03.04"
  },
  {
    "review_id": "7321401",
    "movie_id": "101430",
    "author": "khss****",
    "review": "전문성우를 넣었으면 좋았을텐데애들보는데 적합하지않은 장면도 있고 한마디로 재밌없음",
    "rating": "1",
    "date": "13.03.03"
  },
  {
    "review_id": "7319523",
    "movie_id": "101430",
    "author": "cha6****",
    "review": "난  원래  기린(이광수)    싫어한다 크크크....    능력자가 좋다",
    "rating": "1",
    "date": "13.03.02"
  },
  {
    "review_id": "7319063",
    "movie_id": "101430",
    "author": "aaa3****",
    "review": "성우도그렇고 내용도유치하네",
    "rating": "1",
    "date": "13.03.02"
  },
  {
    "review_id": "7318607",
    "movie_id": "101430",
    "author": "keng****",
    "review": "말하는원숭이",
    "rating": "10",
    "date": "13.03.02"
  },
  {
    "review_id": "7317388",
    "movie_id": "101430",
    "author": "wlzh****",
    "review": "재미있다",
    "rating": "10",
    "date": "13.03.02"
  },
  {
    "review_id": "7317336",
    "movie_id": "101430",
    "author": "gaia****",
    "review": "완전 잼없어요ㅜㅡ 이광수목소리는 좋지만 송지효 안어울려요",
    "rating": "1",
    "date": "13.03.02"
  },
  {
    "review_id": "7315701",
    "movie_id": "101430",
    "author": "0309****",
    "review": "걍 1점ㅋ",
    "rating": "1",
    "date": "13.03.01"
  },
  {
    "review_id": "7315063",
    "movie_id": "101430",
    "author": "eial****",
    "review": "짱",
    "rating": "10",
    "date": "13.03.01"
  },
  {
    "review_id": "7314636",
    "movie_id": "101430",
    "author": "ksso****",
    "review": "짱점었어",
    "rating": "1",
    "date": "13.03.01"
  },
  {
    "review_id": "7313377",
    "movie_id": "101430",
    "author": "nn62****",
    "review": "송지효 짱ㅋ",
    "rating": "10",
    "date": "13.03.01"
  },
  {
    "review_id": "7311493",
    "movie_id": "101430",
    "author": "mjk2****",
    "review": "아무리 광고효과가 있어 전문성우가 아닌 연예인을 쓸거면 좀 성우로서 기질이 있고 목소리도 성우로서 괜찮은 사람을 써야지.. 차라리 광고가 아니라 영화 완성도에 신경좀 써줬으면 더 좋았을 텐데...",
    "rating": "3",
    "date": "13.02.28"
  },
  {
    "review_id": "7310964",
    "movie_id": "101430",
    "author": "dbdy****",
    "review": "애랑 보는데 막 전기충격기에 칼 싸움에 제국주의 그런 것도 보이고 완전 어이없었음  애랑 재미있게 보려고 노력하는데 애울음 무섭다고 퀄리티 저조에 돈아깝다 인간적으로 다른 영화볼걸 후회 하다 못해 짜증이 나는 영화",
    "rating": "1",
    "date": "13.02.28"
  },
  {
    "review_id": "7309539",
    "movie_id": "101430",
    "author": "ansh****",
    "review": "bb",
    "rating": "1",
    "date": "13.02.28"
  },
  {
    "review_id": "7309305",
    "movie_id": "101430",
    "author": "dntj****",
    "review": "더빙",
    "rating": "1",
    "date": "13.02.28"
  },
  {
    "review_id": "7309183",
    "movie_id": "101430",
    "author": "aakk****",
    "review": "ㅋ",
    "rating": "10",
    "date": "13.02.28"
  },
  {
    "review_id": "7308018",
    "movie_id": "101430",
    "author": "mybe****",
    "review": "어린이용 영화인데 총이나 칼을 목에 겨누는 등  위험한 장면이 대부분이네요. 내용이나 음악도 우리아이들 정서엔 공감대형성이 어렵구요. 극장 가서 보여주고 후회했어요.",
    "rating": "4",
    "date": "13.02.27"
  },
  {
    "review_id": "7307726",
    "movie_id": "101430",
    "author": "gusw****",
    "review": "재미없어요...",
    "rating": "2",
    "date": "13.02.27"
  },
  {
    "review_id": "7307248",
    "movie_id": "101430",
    "author": "jiyu****",
    "review": "정말 잼없어요?송지효 더빙ㅠㅠ예요?",
    "rating": "1",
    "date": "13.02.27"
  },
  {
    "review_id": "7306896",
    "movie_id": "101430",
    "author": "amy0****",
    "review": "완전 재밌어요!! 짱!! 예고편부터 기대됬는뎅  정말 재밌어요~~",
    "rating": "10",
    "date": "13.02.27"
  },
  {
    "review_id": "7306761",
    "movie_id": "101430",
    "author": "iiii****",
    "review": "제목은 런닝맨인가? 완전 평점을 지배하는자네",
    "rating": "1",
    "date": "13.02.27"
  },
  {
    "review_id": "7305703",
    "movie_id": "101430",
    "author": "ange****",
    "review": "송지효...목소리톤이 조금 낮은듯 런닝맨을 보는듯,,,하지만...보는내내 깔깔거리며 본 7살 딸....추천합니다..",
    "rating": "9",
    "date": "13.02.27"
  },
  {
    "review_id": "7305306",
    "movie_id": "101430",
    "author": "iq15****",
    "review": "짱! 완전 재밌다~ 지효 언니 땜에 봤는데 추천합니다~",
    "rating": "10",
    "date": "13.02.26"
  },
  {
    "review_id": "7305236",
    "movie_id": "101430",
    "author": "sara****",
    "review": "영화 제목이 런닝맨이야 뭐야?  진짜 유치하기 짝이없네 정말 짜증남 왜자꾸 연예인들을 집어넣으시는지는 모르겠지만 그닥...전문 성우를 넣으시지 왜...",
    "rating": "1",
    "date": "13.02.26"
  },
  {
    "review_id": "7305124",
    "movie_id": "101430",
    "author": "pyy0****",
    "review": "예고편만 봤는데도 재밌넹!~~~~~~~~~~~~",
    "rating": "10",
    "date": "13.02.26"
  },
  {
    "review_id": "7304467",
    "movie_id": "101430",
    "author": "jsh2****",
    "review": "제발 연예인 더빙은 둘째치더라도 유행어좀 넣지말라고...",
    "rating": "1",
    "date": "13.02.26"
  },
  {
    "review_id": "7304462",
    "movie_id": "101430",
    "author": "leej****",
    "review": "ㅋㅋ",
    "rating": "10",
    "date": "13.02.26"
  },
  {
    "review_id": "7304434",
    "movie_id": "101430",
    "author": "brmq****",
    "review": "둘이 연기자 인데 목소리 왜이리 오글거리냐 어휴 역시 더빙은 전문 성우가 해야돼",
    "rating": "5",
    "date": "13.02.26"
  },
  {
    "review_id": "7302423",
    "movie_id": "101430",
    "author": "rjiw****",
    "review": "악당 어이없게물리치네ㅡㅡ 런닝맨에서나오는 멘트가 나와서 좀 그렇다.",
    "rating": "3",
    "date": "13.02.25"
  },
  {
    "review_id": "7302172",
    "movie_id": "101430",
    "author": "mc41****",
    "review": "더빙 버려라. 가뜩이나 일자리 없는 전문 성우들 밥줄까지 연예인이란 놈들이 뺏어버리냐. 성우는 기본적으로 자신의 목소리를 숨기고 다양한 목소리를 낼 수 있어야 한다. 그만큼 성우되기가 얼마나 힘든건데 그걸 훈련 한번 안한 연예인들이 해쳐먹냐",
    "rating": "1",
    "date": "13.02.25"
  },
  {
    "review_id": "7301798",
    "movie_id": "101430",
    "author": "gira****",
    "review": "그냥저냥 무난한 영화인데.. 성우를 연예인이 아닌 전문성우를 썼으면 좋았을 것 같습니다.",
    "rating": "5",
    "date": "13.02.25"
  },
  {
    "review_id": "7301678",
    "movie_id": "101430",
    "author": "ev03****",
    "review": "재미있을것 같다......ㅋㅋㅋㅋㅋㅋㅋㅋㅋㅋㅋㅋㅋㅋㅋㅋㅋㅋㅋㅋㅋㅋㅋㅋㅋㅋㅋ",
    "rating": "9",
    "date": "13.02.25"
  },
  {
    "review_id": "7300576",
    "movie_id": "101430",
    "author": "voca****",
    "review": "완정짱^^",
    "rating": "10",
    "date": "13.02.25"
  },
  {
    "review_id": "7300476",
    "movie_id": "101430",
    "author": "aej0****",
    "review": "광수 짱!!! 너무 유쾌하고 잼났어요 ㅋㅋㅋㅋㅋ",
    "rating": "10",
    "date": "13.02.25"
  },
  {
    "review_id": "7300472",
    "movie_id": "101430",
    "author": "shwe****",
    "review": "오늘 보고왔어요^^ 초등학생 늦둥이 동생이랑 보고왔는데 얼마나 재밌어하던지.. 성인인 제가봐도 캐릭터들이 귀엽고 런닝맨 대사가 나와서 그런지 공감대가 형성되고 재미있더라구요^^ 그리고 교훈도 전해주는 영화라서 너무 좋았어요^^",
    "rating": "10",
    "date": "13.02.25"
  },
  {
    "review_id": "7300469",
    "movie_id": "101430",
    "author": "ktem****",
    "review": "마지막에 깜짝 등장하는 광수와 지효때문에 아이들이 극장에서 나가기를 거부했던 영화 ㅠㅠ 무서운 아이들 하지만 재밋다!",
    "rating": "10",
    "date": "13.02.25"
  },
  {
    "review_id": "7300257",
    "movie_id": "101430",
    "author": "wedp****",
    "review": "정말 재미없습니다아들때문에 많이 애니를봐찌만 이렇게 재미없는건 첨이였습니다내용도 그렇고 돈아까워ㅠㅠ",
    "rating": "5",
    "date": "13.02.25"
  },
  {
    "review_id": "7299544",
    "movie_id": "101430",
    "author": "capt****",
    "review": "해양경찰이 어쨋다고? 진짜 욕나온다. 아랫분처럼 진자 런닝맨 홍보만 했네글고 왜 해양경찰임 저놈이?",
    "rating": "1",
    "date": "13.02.25"
  },
  {
    "review_id": "7297780",
    "movie_id": "101430",
    "author": "wooj****",
    "review": "진짜 재미없다. 런닝맨 홍보만 주구장창하고 영화 내용의 반절이 런닝맨이다. 능력자라느니 런닝맨이라느니 미션시작 등등 해양경찰을 소재로 했다면서 어딜봐서 해양경찰을 소재로 다뤘는지 의문이다. 진짜 재미없고 내용도 너무 뻔하고 재미없음.",
    "rating": "1",
    "date": "13.02.24"
  },
  {
    "review_id": "7297692",
    "movie_id": "101430",
    "author": "dusg****",
    "review": "광수옵빠너무재밋네요 ㅎㅎㅎㅎ",
    "rating": "10",
    "date": "13.02.24"
  },
  {
    "review_id": "7297369",
    "movie_id": "101430",
    "author": "kssh****",
    "review": "해양경찰을 소재로 해서 신선할줄 알았는데 잼 없당광수랑 지효 더빙했다고 봤는데 잼 없넹",
    "rating": "4",
    "date": "13.02.24"
  },
  {
    "review_id": "7295385",
    "movie_id": "101430",
    "author": "tjjg****",
    "review": "굳",
    "rating": "10",
    "date": "13.02.23"
  },
  {
    "review_id": "7294330",
    "movie_id": "101430",
    "author": "redc****",
    "review": "시간낭비.돈낭비....",
    "rating": "9",
    "date": "13.02.23"
  },
  {
    "review_id": "7294118",
    "movie_id": "101430",
    "author": "yuna****",
    "review": "보고싶당~",
    "rating": "10",
    "date": "13.02.23"
  },
  {
    "review_id": "7293909",
    "movie_id": "101430",
    "author": "peti****",
    "review": "진짜 송지효랑 광수땜에 본거지 더빙안했으면 보지도 않았어 진짜 애니메이션이여도 쫌 재밌게 만들지....돈낭비다",
    "rating": "2",
    "date": "13.02.23"
  },
  {
    "review_id": "7293441",
    "movie_id": "101430",
    "author": "thdm****",
    "review": "더빙도 잘하고 잼써여~ (지효언니, 광수오빠 짱!)",
    "rating": "10",
    "date": "13.02.23"
  },
  {
    "review_id": "7293037",
    "movie_id": "101430",
    "author": "park****",
    "review": "재미있어서",
    "rating": "10",
    "date": "13.02.23"
  },
  {
    "review_id": "7292992",
    "movie_id": "101430",
    "author": "anne****",
    "review": "좋아요",
    "rating": "10",
    "date": "13.02.23"
  },
  {
    "review_id": "7291408",
    "movie_id": "101430",
    "author": "euge****",
    "review": "정말 꽝!!!! 완전 재미없는 영화.. 5세 7세 우리아이들도 재미없었다고함..나오면서 정말 돈..시간이 아까웠음........ 왜 이런영화가 재밌다고 사람들이 별10개를 찍어주고 기사를 좋게 써주는지 이해할수가 없음..",
    "rating": "1",
    "date": "13.02.22"
  },
  {
    "review_id": "7291249",
    "movie_id": "101430",
    "author": "qkrt****",
    "review": "지금까지 본 아이들 영화중 최악...최악...너무 재미없어요...절대 보지 마세요...절대,, 광수,지효 땜에 5점",
    "rating": "5",
    "date": "13.02.22"
  },
  {
    "review_id": "7290908",
    "movie_id": "101430",
    "author": "dlwl****",
    "review": "광수오빠징짜멋쪄서여!!",
    "rating": "10",
    "date": "13.02.22"
  },
  {
    "review_id": "7290496",
    "movie_id": "101430",
    "author": "rlaw****",
    "review": "이건진짜아닌듯;;광고를재밌게해서 재밌을줄알았는데 애들도진짜재미없었더라고말하더군요차라리딴걸보는게나았을듯.. 내용이너무산만하다",
    "rating": "1",
    "date": "13.02.22"
  },
  {
    "review_id": "7290260",
    "movie_id": "101430",
    "author": "tlsw****",
    "review": "1시간 30분동안 지효언니 목소리를 들을수잇다니♥ 지효짱!! 역시 목소리출연이나 영화는 최고탤런트 지효언니가 짱이에요~~ 앞으로도 재미잇는 영화를 만들어주시길!@",
    "rating": "10",
    "date": "13.02.22"
  },
  {
    "review_id": "7290208",
    "movie_id": "101430",
    "author": "jell****",
    "review": "제가본 영화중에 제일 재밌어요~!!",
    "rating": "10",
    "date": "13.02.22"
  },
  {
    "review_id": "7290182",
    "movie_id": "101430",
    "author": "yjma****",
    "review": "해양경찰마르코화이팅송지효언니화이팅`",
    "rating": "10",
    "date": "13.02.22"
  },
  {
    "review_id": "7290081",
    "movie_id": "101430",
    "author": "zzb0****",
    "review": "살다살다이렇게졸리고재미없는영화처음이에요.",
    "rating": "1",
    "date": "13.02.22"
  },
  {
    "review_id": "7289492",
    "movie_id": "101430",
    "author": "fewt****",
    "review": "나름나름",
    "rating": "9",
    "date": "13.02.22"
  },
  {
    "review_id": "7289488",
    "movie_id": "101430",
    "author": "bsly****",
    "review": "진짜 웃기고 재밌고 짱이에요!!또 이광수와 송지효의 매력이  잘 나와서좋아요 아이들에게 강추!!해양경찰마릌르코 파이팅!",
    "rating": "10",
    "date": "13.02.22"
  },
  {
    "review_id": "7288490",
    "movie_id": "101430",
    "author": "33dl****",
    "review": "정말 어이없는 영화임...",
    "rating": "1",
    "date": "13.02.21"
  },
  {
    "review_id": "7287507",
    "movie_id": "101430",
    "author": "pq14****",
    "review": "광수오빠 지효언니 힘내요 마르코 화이팅♥",
    "rating": "8",
    "date": "13.02.21"
  },
  {
    "review_id": "7287153",
    "movie_id": "101430",
    "author": "tjgp****",
    "review": "대박 대박 예고편 봤는대 완전재미있음 ㅋㅋ다음에 꼭~~~보러가야징^^ 아우~~재밌다",
    "rating": "10",
    "date": "13.02.21"
  },
  {
    "review_id": "7287135",
    "movie_id": "101430",
    "author": "jami****",
    "review": "재미없음",
    "rating": "1",
    "date": "13.02.21"
  },
  {
    "review_id": "7286829",
    "movie_id": "101430",
    "author": "suji****",
    "review": "재미있어욧~!!",
    "rating": "10",
    "date": "13.02.21"
  },
  {
    "review_id": "7286805",
    "movie_id": "101430",
    "author": "yjh1****",
    "review": "너무 재밌게 잘봤어용ㅎㅎ",
    "rating": "10",
    "date": "13.02.21"
  },
  {
    "review_id": "7286587",
    "movie_id": "101430",
    "author": "amuk****",
    "review": "오래간만에 너무너무 유쾌하게 봤어요~~^^",
    "rating": "10",
    "date": "13.02.21"
  },
  {
    "review_id": "7286370",
    "movie_id": "101430",
    "author": "sall****",
    "review": "더빙때문에 영화가 더 재밌었어요!",
    "rating": "10",
    "date": "13.02.21"
  },
  {
    "review_id": "7286312",
    "movie_id": "101430",
    "author": "dohc****",
    "review": "광수 지효! 더빙 너무 좋아요! 우리 애들이 너무 좋아했어요!",
    "rating": "10",
    "date": "13.02.21"
  },
  {
    "review_id": "7286306",
    "movie_id": "101430",
    "author": "zola****",
    "review": "ㅋㅋㅋ 조카들 뒤집어짐",
    "rating": "9",
    "date": "13.02.21"
  },
  {
    "review_id": "7286305",
    "movie_id": "101430",
    "author": "dkwk****",
    "review": "아 너무  좋아라하는 광수 + 지효!  둘의 조화가 이렇게 웃길 줄이야 ㅋㅋㅋㅋ",
    "rating": "10",
    "date": "13.02.21"
  },
  {
    "review_id": "7286284",
    "movie_id": "101430",
    "author": "dbdy****",
    "review": "그냥 돈이 많을 때 보는 영화",
    "rating": "1",
    "date": "13.02.21"
  },
  {
    "review_id": "7286279",
    "movie_id": "101430",
    "author": "cons****",
    "review": "순수한 웃음, 교육적인 메시지. 아이들에게 보여줄만 합니다.",
    "rating": "9",
    "date": "13.02.21"
  },
  {
    "review_id": "7286271",
    "movie_id": "101430",
    "author": "dmse****",
    "review": "애들영화는 애들이 재밌게 보느냐가 가장 중요한거 같아요, 애들이 많이 웃어서 10점 줍니다.",
    "rating": "10",
    "date": "13.02.21"
  }
]