[
  {
    "review": "개인적으로, 굉장한 걸작이란 생각이 든다. 여자가 강간을 당했다고 진술한 이유에 대해 논란이 많은데, '문화충격'으로 인한 심리적 여파와 영국인들의 텃세, 강압에 의해 어쩔 수 없이 거짓말한거라고 생각한다. 어찌되었든 최고의 걸작 중 하나..",
    "date": "15.05.06",
    "rating": "10",
    "author": "pola****",
    "review_id": "9900401",
    "movie_id": "10147"
  },
  {
    "review": "책을 보는게 낫다고 생각하지만 인도의 아름다운 황야를 가로지르는 기차나 사원같은 아름다운 장면들이 기억에 남는다",
    "date": "14.07.11",
    "rating": "10",
    "author": "hanr****",
    "review_id": "8906243",
    "movie_id": "10147"
  },
  {
    "review": "진실은 무엇이지? 아델라는 왜???",
    "date": "14.01.27",
    "rating": "7",
    "author": "ykdi****",
    "review_id": "8436960",
    "movie_id": "10147"
  },
  {
    "review": "인종 차별 그 속에 숨어있는 진실은?본인들의 치부를 드러내기 싫은 비겁한 변볌임을....그러고 보면 우리들도 아직 그런 시선들이 있지 않은가..영화내내 그런 갈등이 계속되는데...",
    "date": "13.12.13",
    "rating": "8",
    "author": "irul****",
    "review_id": "8210861",
    "movie_id": "10147"
  },
  {
    "review": "미세스 무어!! 만 남는 영화",
    "date": "13.05.13",
    "rating": "7",
    "author": "ball****",
    "review_id": "7526649",
    "movie_id": "10147"
  },
  {
    "review": "아무리 영화라지만 스토리 전개상의 설득력이 많이 부족.",
    "date": "13.04.29",
    "rating": "6",
    "author": "astt****",
    "review_id": "7492796",
    "movie_id": "10147"
  },
  {
    "review": "그 여자는 애초에 왜 강간을 당했다고 했을까?",
    "date": "12.05.06",
    "rating": "4",
    "author": "caca****",
    "review_id": "6275479",
    "movie_id": "10147"
  },
  {
    "review": "닥터지바고, 아라비아 로렌스 감독의 또 하나의 명작. 그림같은 화면과 깊은 성찰.",
    "date": "11.05.25",
    "rating": "8",
    "author": "seef****",
    "review_id": "5447984",
    "movie_id": "10147"
  },
  {
    "review": "캐릭들이 모호.",
    "date": "11.03.20",
    "rating": "6",
    "author": "whoi****",
    "review_id": "5324475",
    "movie_id": "10147"
  },
  {
    "review": "생각할 여지를 많이 주는 수준있는 영화라고 생각합니다",
    "date": "11.03.20",
    "rating": "10",
    "author": "bakg****",
    "review_id": "5324329",
    "movie_id": "10147"
  },
  {
    "review": "데이비드린 감독의 고뇌깊은 성찰",
    "date": "11.03.20",
    "rating": "10",
    "author": "yytt****",
    "review_id": "5324289",
    "movie_id": "10147"
  },
  {
    "review": "인도와 영국, 한국과 일본, 이제는 함께 미래를 지향하는 동반자가 되길",
    "date": "11.03.20",
    "rating": "8",
    "author": "fate****",
    "review_id": "5324241",
    "movie_id": "10147"
  },
  {
    "review": "거의 모든 면에서 완벽한 영화",
    "date": "11.03.20",
    "rating": "9",
    "author": "mich****",
    "review_id": "5324002",
    "movie_id": "10147"
  },
  {
    "review": "지금 보기엔 부실한 극전개의 개연성 그러나 인물의 심리 묘사 메타포 참신",
    "date": "11.03.20",
    "rating": "6",
    "author": "jtc1****",
    "review_id": "5323962",
    "movie_id": "10147"
  },
  {
    "review": "나름대로 매력을 뿜어내는 주디 데이비스. 인종편견을 뛰어넘는 진실 성찰.",
    "date": "11.03.20",
    "rating": "7",
    "author": "sykm****",
    "review_id": "5323531",
    "movie_id": "10147"
  },
  {
    "review": "회화 같은 영상 속에 깊은 성찰을 담아냈다.",
    "date": "11.03.20",
    "rating": "10",
    "author": "didi****",
    "review_id": "5323484",
    "movie_id": "10147"
  },
  {
    "review": "소설 앵무새 죽이기를 상상했으나 뜻밖의 큰 감동",
    "date": "10.05.12",
    "rating": "10",
    "author": "exce****",
    "review_id": "4494672",
    "movie_id": "10147"
  },
  {
    "review": "많은 교훈을 주는 영화이다",
    "date": "09.10.30",
    "rating": "10",
    "author": "kpau****",
    "review_id": "3925284",
    "movie_id": "10147"
  },
  {
    "review": "나를 찾아 떠나는 거장의 마지막 가는 길.",
    "date": "09.09.14",
    "rating": "8",
    "author": "team****",
    "review_id": "3829539",
    "movie_id": "10147"
  },
  {
    "review": "문화차이에 대한 오해는 현재진행형.. 인류의 숙제",
    "date": "09.08.30",
    "rating": "7",
    "author": "bbq2****",
    "review_id": "3800480",
    "movie_id": "10147"
  },
  {
    "review": "옛날 영화가 다 그렇지. 싫어하는 사람은 누구나 길다고 지루해한다.",
    "date": "09.05.10",
    "rating": "10",
    "author": "untr****",
    "review_id": "3486327",
    "movie_id": "10147"
  },
  {
    "review": "미개함, 신사적인 것, 이해되지 않는 인생의 논리에 대해 말하는 영화",
    "date": "08.12.12",
    "rating": "9",
    "author": "meul****",
    "review_id": "3109052",
    "movie_id": "10147"
  },
  {
    "review": "진부하기도 하지만 나름대로 메세지 전달에 많은 노력을 기울인 작품.",
    "date": "07.05.03",
    "rating": "8",
    "author": "ivy4****",
    "review_id": "1617411",
    "movie_id": "10147"
  },
  {
    "review": "타문화를 바라보는 동경과 환상, 경계심과 우월감의 간극.",
    "date": "06.07.26",
    "rating": "7",
    "author": "hadl****",
    "review_id": "923545",
    "movie_id": "10147"
  },
  {
    "review": "영화의 필수요소는 재미다",
    "date": "06.03.24",
    "rating": "2",
    "author": "scal****",
    "review_id": "731657",
    "movie_id": "10147"
  }
]