[
  {
    "review": "똥망작 열자열자열자열자",
    "date": "15.08.24",
    "rating": "1",
    "author": "gonn****",
    "review_id": "10271451",
    "movie_id": "10140"
  },
  {
    "review": "이 영화가 79년작이라는데에 10점 준다",
    "date": "15.08.09",
    "rating": "10",
    "author": "qorc****",
    "review_id": "10208578",
    "movie_id": "10140"
  },
  {
    "review": "우리나라 맨발의 청춘할때 나왔던 영화다 그당시에는 거의 트랜스포머의 충격일듯",
    "date": "15.07.28",
    "rating": "9",
    "author": "love****",
    "review_id": "10152384",
    "movie_id": "10140"
  },
  {
    "review": "지금 봐도 참 잘만들었음.",
    "date": "15.07.13",
    "rating": "10",
    "author": "jika****",
    "review_id": "10099667",
    "movie_id": "10140"
  },
  {
    "review": "드라마도 아니고 나같은 햇병아리가 이 작품의 참맛을 어찌 알겠는가.",
    "date": "15.07.09",
    "rating": "4",
    "author": "tori****",
    "review_id": "10081665",
    "movie_id": "10140"
  },
  {
    "review": "멜깁슨 조팝일때 보고싶음 보셈. 솔직히 영화야 요즘 영화가 더 재밌지.",
    "date": "15.07.03",
    "rating": "8",
    "author": "wayc****",
    "review_id": "10063760",
    "movie_id": "10140"
  },
  {
    "review": "시리즈의 시작을 알리다",
    "date": "15.06.29",
    "rating": "8",
    "author": "leem****",
    "review_id": "10051934",
    "movie_id": "10140"
  },
  {
    "review": "30년도 넘은 영화지만 스토리도 꽤나 볼만하게 훌륭하고 무엇보다 자동차 추격신이나 액션씬을 어떻게 소화한건지 궁금할 정도로 대단하다 .",
    "date": "15.06.29",
    "rating": "9",
    "author": "jwbj****",
    "review_id": "10050282",
    "movie_id": "10140"
  },
  {
    "review": "완성도 높은 자동차 추격 액션은 저예산 영화처럼 보이게 하지 않을 뿐만 아니라 70년 대 영화라는 사실도 잊게 한다.",
    "date": "15.06.27",
    "rating": "10",
    "author": "bsm9****",
    "review_id": "10040592",
    "movie_id": "10140"
  },
  {
    "review": "아무리 옛날영화 임을 감안하더라도 너무 내용이 허접하고 연출이 허접함. 동시대의 다른 명작과 비교하더라도 퀄리티가 너무 떨어짐",
    "date": "15.06.24",
    "rating": "2",
    "author": "hjin****",
    "review_id": "10029658",
    "movie_id": "10140"
  },
  {
    "review": "멜깁슨의 미친듯한 연기력의 시작..",
    "date": "15.06.23",
    "rating": "9",
    "author": "ankd****",
    "review_id": "10024037",
    "movie_id": "10140"
  },
  {
    "review": "4점 없어서 4점 드립니다",
    "date": "15.06.22",
    "rating": "4",
    "author": "love****",
    "review_id": "10020434",
    "movie_id": "10140"
  },
  {
    "review": "옛날에는 무섭고 우울했는데, 지금 보니 통쾌하군",
    "date": "15.06.19",
    "rating": "9",
    "author": "pass****",
    "review_id": "10011237",
    "movie_id": "10140"
  },
  {
    "review": "뭐.. 오래된 영화임을 감안해도 b급 이상은 아닌듯하다.. 오래된 영화임에도 현대를 뛰어넘는 무언가가 있는 영화는 종종있는데..  이 작품에선 그런걸 느끼기 힘들었다.",
    "date": "15.06.19",
    "rating": "6",
    "author": "juin****",
    "review_id": "10010816",
    "movie_id": "10140"
  },
  {
    "review": "종합 평점은 5점 드립니다.",
    "date": "15.06.19",
    "rating": "5",
    "author": "terr****",
    "review_id": "10010593",
    "movie_id": "10140"
  },
  {
    "review": "특유의 거친맛 ㅋㅋㅋㅋ 개쩔음... 이런류 영화는 딱 이거 하나밖에 없음 ㅋㅋㅋ",
    "date": "15.06.18",
    "rating": "10",
    "author": "grea****",
    "review_id": "10008797",
    "movie_id": "10140"
  },
  {
    "review": "트릴로지 중 그나마 현실성 있는 세계관을 갖고 있는 1편. 2,3편에서 드러나지 않는 맥스의 개인적인 고뇌와 상처를 발견할 수 있다. 1편의 고뇌 덕분에 2,3편의 '맥스'라는 영웅에 대한 이해가 가능하지 않나.   '영웅' 물 마니아라면",
    "date": "15.06.14",
    "rating": "9",
    "author": "elfa****",
    "review_id": "10000890",
    "movie_id": "10140"
  },
  {
    "review": "스티븐 스필버그의데뷔작<격돌>보다도,충격적인 영화.",
    "date": "15.06.10",
    "rating": "10",
    "author": "baks****",
    "review_id": "9988410",
    "movie_id": "10140"
  },
  {
    "review": "너는 조국을 위해 무엇을 햇는가",
    "date": "15.06.10",
    "rating": "5",
    "author": "cdoh****",
    "review_id": "9987466",
    "movie_id": "10140"
  },
  {
    "review": "멜깁슨 꽃일적 목소리는그대로네",
    "date": "15.06.04",
    "rating": "9",
    "author": "rla9****",
    "review_id": "9975850",
    "movie_id": "10140"
  },
  {
    "review": "기대이상이다.거의 40여년전 영화라지만전혀 촌스럽지 않다.좀 잔인하지만병맛스런 스토리가흥미진진!",
    "date": "15.06.04",
    "rating": "6",
    "author": "trus****",
    "review_id": "9975704",
    "movie_id": "10140"
  },
  {
    "review": "평점보고 낚임. 진짜 보면 개후회",
    "date": "15.06.04",
    "rating": "2",
    "author": "dydt****",
    "review_id": "9974215",
    "movie_id": "10140"
  },
  {
    "review": "당연히 수십여년 전에 본 <매드 맥스> 시리즈. 최고작은 2편이지만 출발점인 1편 역시 세월이 지나도 여전히 강렬한 수작",
    "date": "15.06.02",
    "rating": "8",
    "author": "gall****",
    "review_id": "9969573",
    "movie_id": "10140"
  },
  {
    "review": "뭔가 어색하게 스토리가 이어지는 감이 없지 않아 있지만 이 영화가 40년전에 만들어졌다는 것을 감안하면 수작임. 다만, 지금 봐도 아찔한 장면들이 많은데 이 당시엔 컴퓨터 기술도 없었을텐데.. 스턴트맨들 많이 다쳤을듯..",
    "date": "15.05.30",
    "rating": "7",
    "author": "khj8****",
    "review_id": "9963256",
    "movie_id": "10140"
  },
  {
    "review": "내가 태어나기도전영화지만오리지널 시리즈중 제일 노잼.",
    "date": "15.05.29",
    "rating": "7",
    "author": "jan_****",
    "review_id": "9958768",
    "movie_id": "10140"
  },
  {
    "review": "전 2015년 미래에서 건너왔습니다.. 2015년에 매드맥스 분노의 도로라는 이름으로 영화가 나오는데 4탄이라고 볼수 있겠네요 어쨎든  대박이 납니다!",
    "date": "15.05.29",
    "rating": "10",
    "author": "revo****",
    "review_id": "9958687",
    "movie_id": "10140"
  },
  {
    "review": "지금 봐도 액션은 살아있는 작품",
    "date": "15.05.27",
    "rating": "7",
    "author": "nine****",
    "review_id": "9953476",
    "movie_id": "10140"
  },
  {
    "review": "B급무비의 재미를 고스란히 담았군",
    "date": "15.05.25",
    "rating": "7",
    "author": "guev****",
    "review_id": "9948506",
    "movie_id": "10140"
  },
  {
    "review": "내가 태어나기도 전에,,,, 지금 보니까 진짜 재미 없다",
    "date": "15.05.24",
    "rating": "3",
    "author": "milk****",
    "review_id": "9944966",
    "movie_id": "10140"
  },
  {
    "review": "거침없이 달리는 고전영화의 매력",
    "date": "15.05.22",
    "rating": "7",
    "author": "byul****",
    "review_id": "9939312",
    "movie_id": "10140"
  },
  {
    "review": "아 진짜 몽환적이고 특이하다 79년 영화인데 대박",
    "date": "15.05.21",
    "rating": "7",
    "author": "bear****",
    "review_id": "9937040",
    "movie_id": "10140"
  },
  {
    "review": "폭발하는 질주와 느슨한 평온함 사이에서 위태롭게 덜컹이며 휘청거리는 이야기. 하지만 극한의 속도감 속에서도 굳건하게 자리를 잡아가는 단순하지만 효과적인 플롯. 불쾌감은 덜어내고, 기계장치와 마초냄새로 가득하게 고전적인 복수극을 풀어낸다.",
    "date": "15.05.21",
    "rating": "8",
    "author": "cksn****",
    "review_id": "9936459",
    "movie_id": "10140"
  },
  {
    "review": "추억의 영화..  멜깁슨 젊을때 모습보니 감회가 새롭다",
    "date": "15.05.21",
    "rating": "7",
    "author": "adiv****",
    "review_id": "9935039",
    "movie_id": "10140"
  },
  {
    "review": "참나 액션만 보나 ~ 작가가 초등생 글짓기 수준인데 이걸",
    "date": "15.05.20",
    "rating": "5",
    "author": "mral****",
    "review_id": "9932791",
    "movie_id": "10140"
  },
  {
    "review": "매드맥스 1979년작...나랑 동갑이네 반갑다",
    "date": "15.05.20",
    "rating": "9",
    "author": "sbrl****",
    "review_id": "9932740",
    "movie_id": "10140"
  },
  {
    "review": "매드맥스 분노의 도로 원조를 먼저 보라",
    "date": "15.05.18",
    "rating": "9",
    "author": "seun****",
    "review_id": "9929207",
    "movie_id": "10140"
  },
  {
    "review": "호주감독과 호주인(멜깁슨)이 호주의 쭉뻗은 도로에서 만들어낸 명작! [매드 맥스 : 분노의 도로] 영화관에서 보고 역정주행중. 거칠지만 재미있다. 매니악함과 똘끼충만도 대중의 수용범위고. 1~4편까지 독특한 취향과 시각을 가진 감독이 각본,연출 b",
    "date": "15.05.17",
    "rating": "9",
    "author": "yumi****",
    "review_id": "9927499",
    "movie_id": "10140"
  },
  {
    "review": "속편 없이 딱 1편만 봤다고 했을 때.",
    "date": "15.05.17",
    "rating": "7",
    "author": "pth3****",
    "review_id": "9927160",
    "movie_id": "10140"
  },
  {
    "review": "영화제목이 참 잘 어울리는 영화. 현실적인 폭력묘사에 현기증이 난다.",
    "date": "15.05.17",
    "rating": "8",
    "author": "seun****",
    "review_id": "9926329",
    "movie_id": "10140"
  },
  {
    "review": "매드맥스 1편은 그냥 예고편이라 생각하라 보라 했지만 진짜 너무 지루하고 재미도 없고 액션도 없다.확실히 1편은 재미없다.이제 2편 보고 평 남기마",
    "date": "15.05.17",
    "rating": "3",
    "author": "ygsh****",
    "review_id": "9926162",
    "movie_id": "10140"
  },
  {
    "review": "비슷한 시기에 나온 에일리언이랑 비교해도 재미가없슴",
    "date": "15.05.16",
    "rating": "6",
    "author": "emiy****",
    "review_id": "9923889",
    "movie_id": "10140"
  },
  {
    "review": "진짜 명작이다 악당시끼들 으",
    "date": "15.05.16",
    "rating": "10",
    "author": "ccn2****",
    "review_id": "9922381",
    "movie_id": "10140"
  },
  {
    "review": "멜 깁슨을 널리 알린 시원스럽게 분노 폭발하는 제목 그대로인 미친 맥스",
    "date": "15.05.16",
    "rating": "8",
    "author": "deff****",
    "review_id": "9921996",
    "movie_id": "10140"
  },
  {
    "review": "평점이 왜이리 낮지! 이영화가 1979s년 30년도 더된 영화다",
    "date": "15.05.15",
    "rating": "10",
    "author": "sanb****",
    "review_id": "9919562",
    "movie_id": "10140"
  },
  {
    "review": "당시에 TV로 해주는걸 기대안하고 봤었는데..상당히 재미있었습니다.맬깁슨은 어찌나 잘 생겼던지..2편이나 3편은 별로였지만 1편은 진짜 잼나게 봤던 기억이..",
    "date": "15.05.15",
    "rating": "9",
    "author": "keh9****",
    "review_id": "9917858",
    "movie_id": "10140"
  },
  {
    "review": "근미래를 배경으로 한 분위기와 액션은 나무랄데 없었지만 유치한 스토리는 아쉽다.",
    "date": "15.05.14",
    "rating": "5",
    "author": "inos****",
    "review_id": "9916056",
    "movie_id": "10140"
  },
  {
    "review": "멜 깁슨, 풋풋한 마초 이미지.",
    "date": "15.05.12",
    "rating": "6",
    "author": "ogr5****",
    "review_id": "9913655",
    "movie_id": "10140"
  },
  {
    "review": "강력한 주인공의 분노가 느껴진다",
    "date": "15.05.10",
    "rating": "7",
    "author": "yser****",
    "review_id": "9909486",
    "movie_id": "10140"
  },
  {
    "review": "그냥 그저 그런 영화인데;;;",
    "date": "15.05.08",
    "rating": "5",
    "author": "hlov****",
    "review_id": "9904169",
    "movie_id": "10140"
  },
  {
    "review": "지금보면 심심할 법도한 앳된 멜깁슨의 데뷔작. 초저예산의 1979년작이라는 것에 의의. 당시로선 볼만한 추격전.",
    "date": "15.05.06",
    "rating": "6",
    "author": "mvli****",
    "review_id": "9899358",
    "movie_id": "10140"
  },
  {
    "review": "이때당시이런영화라니",
    "date": "15.04.29",
    "rating": "9",
    "author": "xx41****",
    "review_id": "9877784",
    "movie_id": "10140"
  },
  {
    "review": "이게 정말 1979년작 맞나? 정말 신세계다!!! 지금 나와도 될 멋진 작품!!! 시대를 앞선 영화!!!",
    "date": "15.04.28",
    "rating": "10",
    "author": "robo****",
    "review_id": "9874704",
    "movie_id": "10140"
  },
  {
    "review": "지금 보기엔 나쁘지않다정도. . 네이버 영화 줄거리 스포 잘못됐음. 멜깁슨은 놀다온게아님.  그리고 마지막에 체포한게 아니라 다 조짐",
    "date": "15.04.21",
    "rating": "5",
    "author": "gust****",
    "review_id": "9856248",
    "movie_id": "10140"
  },
  {
    "review": "묻지도 따지지도 않은 순도 100% 액션!",
    "date": "15.03.07",
    "rating": "6",
    "author": "rd72****",
    "review_id": "9764516",
    "movie_id": "10140"
  },
  {
    "review": "에일리언과 매드맥스의 공통점은 1편은 그냥 예고편 이라고 생각하고 2편부터 봐야 한다는 점이다  시리즈 임으로 10점 준다",
    "date": "15.02.17",
    "rating": "10",
    "author": "akai****",
    "review_id": "9707094",
    "movie_id": "10140"
  },
  {
    "review": "옛날영화지만 지금나오는 엥간한 영화보다 잼있다",
    "date": "15.01.26",
    "rating": "10",
    "author": "kjon****",
    "review_id": "9638125",
    "movie_id": "10140"
  },
  {
    "review": "차라리 다시 보지 않는게 나았을것 같다.",
    "date": "15.01.22",
    "rating": "1",
    "author": "ssjo****",
    "review_id": "9624250",
    "movie_id": "10140"
  },
  {
    "review": "노땅들의 한심한 추억미화",
    "date": "15.01.10",
    "rating": "1",
    "author": "outs****",
    "review_id": "9578706",
    "movie_id": "10140"
  },
  {
    "review": "디스토피아 세계관의 명작. 조지 밀러와 멜 깁슨의 출세작.",
    "date": "15.01.06",
    "rating": "10",
    "author": "csmo****",
    "review_id": "9566802",
    "movie_id": "10140"
  },
  {
    "review": "1979년에는 에일리언1도 있지 정말 소름돋네",
    "date": "15.01.05",
    "rating": "10",
    "author": "ske4****",
    "review_id": "9564160",
    "movie_id": "10140"
  },
  {
    "review": "당시에는 충격 이상이었던 영화",
    "date": "14.12.29",
    "rating": "10",
    "author": "prel****",
    "review_id": "9532759",
    "movie_id": "10140"
  },
  {
    "review": "1979년도에 이런 영화가..",
    "date": "14.12.16",
    "rating": "10",
    "author": "pkit****",
    "review_id": "9478269",
    "movie_id": "10140"
  }
]