[
  {
    "review_id": "9994399",
    "movie_id": "101445",
    "author": "thir****",
    "review": "호타로 졸귀 ㅋㅋㅋㅋ 한번보세요 두번보세요",
    "rating": "10",
    "date": "15.06.12"
  },
  {
    "review_id": "9788626",
    "movie_id": "101445",
    "author": "show****",
    "review": "일해라 작가 단편낸지도 햇수로 3년이다..",
    "rating": "10",
    "date": "15.03.16"
  },
  {
    "review_id": "9738799",
    "movie_id": "101445",
    "author": "seen****",
    "review": "20분간의 깔끔한 추리극. 다소 심심하게도 느낄 수 있지만, 이것이 특유의 묘미다.",
    "rating": "9",
    "date": "15.02.26"
  },
  {
    "review_id": "9591262",
    "movie_id": "101445",
    "author": "icar****",
    "review": "애니보고 원작봤는데 원작보는 중에 애니 장면이 떠오르면서 재밌게 봄",
    "rating": "10",
    "date": "15.01.14"
  },
  {
    "review_id": "9590686",
    "movie_id": "101445",
    "author": "blai****",
    "review": "와타시 키니나리마스...!!",
    "rating": "10",
    "date": "15.01.13"
  },
  {
    "review_id": "9580820",
    "movie_id": "101445",
    "author": "stoa****",
    "review": "청춘들에 보내는 예찬.",
    "rating": "10",
    "date": "15.01.10"
  },
  {
    "review_id": "9463637",
    "movie_id": "101445",
    "author": "tlsr****",
    "review": "말이필요없는!!명작!!",
    "rating": "10",
    "date": "14.12.10"
  },
  {
    "review_id": "9239835",
    "movie_id": "101445",
    "author": "gene****",
    "review": "뛰어난 작화 + 일상에서의 추리와 스토리로 승부하는 독특한 애니. 단순 캐릭터 팔아먹기가 아니라 더욱 좋다.",
    "rating": "10",
    "date": "14.09.25"
  },
  {
    "review_id": "9233888",
    "movie_id": "101445",
    "author": "joha****",
    "review": "명작이다, 명작!!!",
    "rating": "10",
    "date": "14.09.22"
  },
  {
    "review_id": "9192374",
    "movie_id": "101445",
    "author": "gino****",
    "review": "정말로  명작입니다  !!",
    "rating": "10",
    "date": "14.09.09"
  },
  {
    "review_id": "9144036",
    "movie_id": "101445",
    "author": "dldb****",
    "review": "개인적으로 제일좋아함",
    "rating": "10",
    "date": "14.08.29"
  },
  {
    "review_id": "8798607",
    "movie_id": "101445",
    "author": "woon****",
    "review": "친구가 op좋다길래 봤는데이건 뭐 op만 좋은게 아니라 스토리도 좋고 캐릭터성 좋고, 작화는 그야말로 넘사벽 그 자체다 보자마자 원작소설 다 지름;;ㅋㅋ 1화보고 재미없다고 하지말고 계속보세요 재미짐...ㅎㅎ",
    "rating": "10",
    "date": "14.06.05"
  },
  {
    "review_id": "8551185",
    "movie_id": "101445",
    "author": "bbl7****",
    "review": "2기 나왔으면 좋겠다 재밌다",
    "rating": "10",
    "date": "14.03.02"
  },
  {
    "review_id": "8357491",
    "movie_id": "101445",
    "author": "mist****",
    "review": "와타시 키니나리마스!",
    "rating": "10",
    "date": "14.01.07"
  },
  {
    "review_id": "7778076",
    "movie_id": "101445",
    "author": "cjsd****",
    "review": "빙과 3화부터 못보고있다.....ㅜㅜ",
    "rating": "9",
    "date": "13.07.23"
  },
  {
    "review_id": "7737032",
    "movie_id": "101445",
    "author": "eag9****",
    "review": "デ?タベ?スは結論を出すことができない。데이터베이스는 결론을 내릴수 없다 - 후쿠베 사토시",
    "rating": "10",
    "date": "13.07.13"
  },
  {
    "review_id": "7558722",
    "movie_id": "101445",
    "author": "tscm****",
    "review": "추리물 적인 요소가 가미된 일상물이자 학원물, 작화는 매우 뛰어나고, ost도 괜찮은 편, 다만 역동적인 부분 등은 매우 부족하다.",
    "rating": "8",
    "date": "13.05.27"
  },
  {
    "review_id": "7230873",
    "movie_id": "101445",
    "author": "wn0d****",
    "review": "아따 성님 작화랑 소름끼치는 추리를 보랑께..",
    "rating": "10",
    "date": "13.02.06"
  },
  {
    "review_id": "7190078",
    "movie_id": "101445",
    "author": "0617****",
    "review": "아.....재밌어요...",
    "rating": "10",
    "date": "13.01.28"
  },
  {
    "review_id": "7177219",
    "movie_id": "101445",
    "author": "tenm****",
    "review": "소설에서 부족한 부분은 보완하고, 불필요하다 싶은 부분은 적절히 빼낸 듯. 아닌 경우도 있었지만. 그리고 호타로 귀여워요 호타로",
    "rating": "10",
    "date": "13.01.26"
  },
  {
    "review_id": "7132102",
    "movie_id": "101445",
    "author": "mbcc****",
    "review": "호타로가 귀여웠어",
    "rating": "10",
    "date": "13.01.19"
  },
  {
    "review_id": "7129765",
    "movie_id": "101445",
    "author": "whtk****",
    "review": "빙과는 캐릭터 하나하나가 개성넘치고 매력적이엿다, 추리물도 최고다 꼭봐라!",
    "rating": "10",
    "date": "13.01.18"
  },
  {
    "review_id": "7121538",
    "movie_id": "101445",
    "author": "cjw2****",
    "review": "재미있음ㅇㅇ",
    "rating": "9",
    "date": "13.01.16"
  }
]