[
  {
    "review_id": "9501832",
    "movie_id": "101484",
    "author": "ocel****",
    "review": "전현무좀 나가라 열글자",
    "rating": "1",
    "date": "14.12.22"
  },
  {
    "review_id": "8024936",
    "movie_id": "101484",
    "author": "topm****",
    "review": "너무 카메라의식하는 눈빛이 너무 어색함!  전현무가 가장심하고 그 다음 이수근...",
    "rating": "5",
    "date": "13.10.01"
  },
  {
    "review_id": "7988782",
    "movie_id": "101484",
    "author": "full****",
    "review": "이수근 용쓰은게 힘겨워보임 난튀어야겠고 진행욕심에 능력은 안따라주고 강호동방송처럼 시끄러움",
    "rating": "6",
    "date": "13.09.17"
  },
  {
    "review_id": "7960024",
    "movie_id": "101484",
    "author": "alex****",
    "review": "오늘 김종민이 마지막 치킨 먹을때 너무 매워서 OOO이라고 한것같은데 나만 들은거냐 전현무가 그말 듣고 당신뭐라고하셧어요 이랫는데",
    "rating": "5",
    "date": "13.09.08"
  },
  {
    "review_id": "7900558",
    "movie_id": "101484",
    "author": "mskk****",
    "review": "전현무없었을때가훨씬나은듯너무튈려해서눈에거슬려요",
    "rating": "1",
    "date": "13.08.18"
  },
  {
    "review_id": "7795438",
    "movie_id": "101484",
    "author": "yong****",
    "review": "Mc님들.  서로카메라에나올려고 애썬다. 근데좀어색하네요...",
    "rating": "5",
    "date": "13.07.28"
  },
  {
    "review_id": "7715042",
    "movie_id": "101484",
    "author": "kkak****",
    "review": "은지원 이상함...드립도.   부정적이고~편의점편에서 자꾸 까나리하라고하고~ㅋ생방이라 더 보임..~~~방송개념. 상실한듯~~싶어~~안타까움~~~ㅋ",
    "rating": "5",
    "date": "13.07.07"
  },
  {
    "review_id": "7657125",
    "movie_id": "101484",
    "author": "bc15****",
    "review": "아직도 함?",
    "rating": "10",
    "date": "13.06.19"
  },
  {
    "review_id": "7657123",
    "movie_id": "101484",
    "author": "ligo****",
    "review": "ㅋㅋㅋㅋㅋㅋㅋㅋ",
    "rating": "10",
    "date": "13.06.19"
  },
  {
    "review_id": "7657121",
    "movie_id": "101484",
    "author": "cjfd****",
    "review": "당첨 되게 해주세요 ㅋㅋㅋㅋ",
    "rating": "10",
    "date": "13.06.19"
  },
  {
    "review_id": "7553461",
    "movie_id": "101484",
    "author": "joll****",
    "review": "ㅋㅋㅋㅋㅋㅋㅋㅋㅋㅋㅋㅋ재밌음 근데왜영화..?",
    "rating": "10",
    "date": "13.05.25"
  },
  {
    "review_id": "7361243",
    "movie_id": "101484",
    "author": "tjau****",
    "review": "진짜 재미없음..",
    "rating": "1",
    "date": "13.03.18"
  },
  {
    "review_id": "7361240",
    "movie_id": "101484",
    "author": "hs6e****",
    "review": "별로",
    "rating": "1",
    "date": "13.03.18"
  },
  {
    "review_id": "7242024",
    "movie_id": "101484",
    "author": "sldr****",
    "review": "굳",
    "rating": "10",
    "date": "13.02.09"
  },
  {
    "review_id": "6984552",
    "movie_id": "101484",
    "author": "tmdg****",
    "review": "이건 돈주고 받아볼 가치가 있다.",
    "rating": "10",
    "date": "12.12.08"
  }
]