[
  {
    "review_id": "9583319",
    "movie_id": "101457",
    "author": "ardo****",
    "review": "이거 쓴 분, '아사카 마히로'가 아니라 '야사카 마히로'입니다. 수정 부탁드립니다. 덧붙여서 성우는 키타무라 에리님 이십니다.재밌긴해요. 선정적이고, 온갖 패러디, 코미디 입니다.",
    "rating": "9",
    "date": "15.01.11"
  },
  {
    "review_id": "9396241",
    "movie_id": "101457",
    "author": "gusr****",
    "review": "꿀잼임.,?!!!",
    "rating": "10",
    "date": "14.11.17"
  },
  {
    "review_id": "7836206",
    "movie_id": "101457",
    "author": "iiii****",
    "review": "냐루코 너무 귀여워",
    "rating": "10",
    "date": "13.08.04"
  },
  {
    "review_id": "7790032",
    "movie_id": "101457",
    "author": "mey4****",
    "review": "19금인거 ? 매우 선정적임",
    "rating": "10",
    "date": "13.07.27"
  },
  {
    "review_id": "7695402",
    "movie_id": "101457",
    "author": "sh15****",
    "review": "힘빠지는 전개",
    "rating": "9",
    "date": "13.07.01"
  },
  {
    "review_id": "7685303",
    "movie_id": "101457",
    "author": "shsh****",
    "review": "냐루코 카와이",
    "rating": "10",
    "date": "13.06.28"
  }
]