[
  {
    "review": "007 스펙터 전에 순환중인데..전작들보다 퇴보했다. 007과 사무라이의 조합은 지루함만을 낳았구나. 무엇보다 이야기의 맥락이 없음. 그럼 이제 007 6편을 향해..",
    "date": "15.07.25",
    "rating": "3",
    "author": "nabi****",
    "review_id": "10142160",
    "movie_id": "10159"
  },
  {
    "review": "007 정주행 중인데 앞 작품들보다 훨씬 못미친다...",
    "date": "15.07.14",
    "rating": "3",
    "author": "beat****",
    "review_id": "10103338",
    "movie_id": "10159"
  },
  {
    "review": "홍콩미국 합작영화를 보는 기분이었음 그나저나 여주인공이 엄청 이뻤음 몸매도 좋고 토종 일본인이 아니고 서양쪽 혼혈아 같음",
    "date": "15.06.05",
    "rating": "8",
    "author": "5454****",
    "review_id": "9977747",
    "movie_id": "10159"
  },
  {
    "review": "충분한 재미가있다 하지만 일본이배경이되서 약간싫치만 그래도 영화는 잘만들어서 10점을준다",
    "date": "15.03.15",
    "rating": "10",
    "author": "dnjs****",
    "review_id": "9785830",
    "movie_id": "10159"
  },
  {
    "review": "스펙터+중국이 007+일본과 싸운다..",
    "date": "15.01.27",
    "rating": "8",
    "author": "pont****",
    "review_id": "9641046",
    "movie_id": "10159"
  },
  {
    "review": "볼만하다. 역시 007",
    "date": "14.09.21",
    "rating": "7",
    "author": "adiv****",
    "review_id": "9230222",
    "movie_id": "10159"
  },
  {
    "review": "언제까지 하는거임 이거?",
    "date": "14.07.20",
    "rating": "1",
    "author": "hang****",
    "review_id": "8934375",
    "movie_id": "10159"
  },
  {
    "review": "아무리 60년대지만 우주선도 그렇고 화산폭발 장면 등 엉성한 것이 많다.",
    "date": "14.03.27",
    "rating": "6",
    "author": "ykdi****",
    "review_id": "8611394",
    "movie_id": "10159"
  },
  {
    "review": "정말 소름끼친다!!!",
    "date": "14.01.14",
    "rating": "10",
    "author": "ske4****",
    "review_id": "8381551",
    "movie_id": "10159"
  },
  {
    "review": "근데이거 왜 19금이냐??",
    "date": "13.11.05",
    "rating": "9",
    "author": "ruds****",
    "review_id": "8116575",
    "movie_id": "10159"
  },
  {
    "review": "우주씬이 이미 이 당시에 나왔구려 ㅋㅋ일본여자들 키시,아키 귀엽네요ㅋㅋ 고양이 개귀여움..헬리콥터 격추씬이 좋았구요..낸시 시나트라의 주제가 아직도 흥얼거림..ㅋㅋ",
    "date": "13.01.26",
    "rating": "10",
    "author": "fuck****",
    "review_id": "7177320",
    "movie_id": "10159"
  },
  {
    "review": "개인적으로 최악의 007영화",
    "date": "13.01.26",
    "rating": "6",
    "author": "byun****",
    "review_id": "7176976",
    "movie_id": "10159"
  },
  {
    "review": "우주를 표현하기엔 좀 아쉬운 때였지만, 그럭저럭 볼만한 요소들이 많았다.특히나 마지막에 나온 노란 비행기는 상용화되어서 즐기기엔 충분해 보였다는.",
    "date": "12.10.27",
    "rating": "7",
    "author": "hanp****",
    "review_id": "6830358",
    "movie_id": "10159"
  },
  {
    "review": "날림으로 만든어진 면이 있다. 그러나 한국과 매우 유사한 60년대 일본 구경 한 점에 가산점",
    "date": "12.08.17",
    "rating": "8",
    "author": "lott****",
    "review_id": "6618574",
    "movie_id": "10159"
  },
  {
    "review": "7점은 좀 짜다.",
    "date": "12.07.01",
    "rating": "10",
    "author": "tkk4****",
    "review_id": "6435746",
    "movie_id": "10159"
  },
  {
    "review": "닌자나올떄 쩐다 ㅋㅋㅋ",
    "date": "12.06.10",
    "rating": "10",
    "author": "ghkd****",
    "review_id": "6383175",
    "movie_id": "10159"
  },
  {
    "review": "007이 어디를 가던지 미리가서 대기하는 적들이 놀라울뿐....",
    "date": "12.03.15",
    "rating": "4",
    "author": "tran****",
    "review_id": "6145253",
    "movie_id": "10159"
  },
  {
    "review": "1~5편중에서는 모든면에서 뒤쳐지는 영화",
    "date": "12.03.15",
    "rating": "7",
    "author": "ypal****",
    "review_id": "6145015",
    "movie_id": "10159"
  },
  {
    "review": "갈수록 실망하게 되는...",
    "date": "12.03.10",
    "rating": "5",
    "author": "bbq2****",
    "review_id": "6134742",
    "movie_id": "10159"
  },
  {
    "review": "옛다! 6점   007 시리즈중 최악이다.  히로시마 원폭투하처럼",
    "date": "12.01.15",
    "rating": "6",
    "author": "wein****",
    "review_id": "5986940",
    "movie_id": "10159"
  },
  {
    "review": "007의일본버전.. 이떄부터007시리즈뮬은 오락물로 변하죠..",
    "date": "11.12.13",
    "rating": "7",
    "author": "eart****",
    "review_id": "5903674",
    "movie_id": "10159"
  },
  {
    "review": "일본으로 로케이션 촬영간 007",
    "date": "11.09.20",
    "rating": "5",
    "author": "reno****",
    "review_id": "5743031",
    "movie_id": "10159"
  },
  {
    "review": "당연한 소리지만 어설픈 CG가 귀여울 지경. 가벼워진 스토리",
    "date": "11.09.19",
    "rating": "6",
    "author": "hell****",
    "review_id": "5740380",
    "movie_id": "10159"
  },
  {
    "review": "재미도 있고, 아시아의 예전 모습을 볼 수 있어 좋았음",
    "date": "11.05.14",
    "rating": "8",
    "author": "palo****",
    "review_id": "5427739",
    "movie_id": "10159"
  },
  {
    "review": "지금보면 조금 답답하긴 하다",
    "date": "11.04.15",
    "rating": "6",
    "author": "mais****",
    "review_id": "5374148",
    "movie_id": "10159"
  },
  {
    "review": "일본 홍보 영화구만...",
    "date": "11.01.31",
    "rating": "5",
    "author": "road****",
    "review_id": "5200870",
    "movie_id": "10159"
  },
  {
    "review": "007은 기본은 한다..여자 주인공이 이뻤던게 기억났던 영화",
    "date": "11.01.14",
    "rating": "6",
    "author": "thra****",
    "review_id": "5156171",
    "movie_id": "10159"
  },
  {
    "review": "옛날영화라고믿기지않을정도의퀄리티ㅎ시대를 초월한 명작! 007은 영원하다!ㅋㅋ",
    "date": "10.10.26",
    "rating": "10",
    "author": "aupe****",
    "review_id": "4922733",
    "movie_id": "10159"
  },
  {
    "review": "일본은60년대인데울나라80년대모습같다;오사토회사와 화산안의우주기지가멋진영화!!",
    "date": "10.10.26",
    "rating": "10",
    "author": "yjpo****",
    "review_id": "4922641",
    "movie_id": "10159"
  },
  {
    "review": "두번 울다.",
    "date": "10.08.10",
    "rating": "3",
    "author": "tori****",
    "review_id": "4730132",
    "movie_id": "10159"
  },
  {
    "review": "일본 관광홍보광고물같다 억지로집어넣은어설픈설정들 때문에역대 007중에 가장허접하",
    "date": "09.12.16",
    "rating": "1",
    "author": "waci****",
    "review_id": "4047790",
    "movie_id": "10159"
  },
  {
    "review": "장대한 로케, 세트는 볼 만 하나 어설픈 연출과 편집, 지루한 템포 때문에 무너진다",
    "date": "08.12.25",
    "rating": "6",
    "author": "hepy****",
    "review_id": "3150475",
    "movie_id": "10159"
  },
  {
    "review": "루이스 길버트식 과잉 황당 관광가이드 본드 무비.. 팩맨 우주선은 좀..",
    "date": "08.11.30",
    "rating": "8",
    "author": "moon****",
    "review_id": "3082191",
    "movie_id": "10159"
  },
  {
    "review": "괜찮은데",
    "date": "08.11.12",
    "rating": "8",
    "author": "dlwo****",
    "review_id": "3046706",
    "movie_id": "10159"
  },
  {
    "review": "꼬마넬리는 최고다.다만 작품과 무관한 쓸데없는 일본관련장면이 너무나온다",
    "date": "08.10.12",
    "rating": "9",
    "author": "sr82****",
    "review_id": "2995111",
    "movie_id": "10159"
  },
  {
    "review": "007-1편부터보자면 이건 초창기 최종완성판이다* 볼거리도 충분.다만 본드걸이 허접",
    "date": "08.10.12",
    "rating": "10",
    "author": "dma9****",
    "review_id": "2995091",
    "movie_id": "10159"
  },
  {
    "review": "전편들에 비해 좀 어쩡정한 줄거리와 액션이 아쉬운 작품",
    "date": "08.06.09",
    "rating": "5",
    "author": "si2p****",
    "review_id": "2689628",
    "movie_id": "10159"
  },
  {
    "review": "시간의 무게가 느껴지지 않는다...",
    "date": "08.03.11",
    "rating": "8",
    "author": "issu****",
    "review_id": "2515601",
    "movie_id": "10159"
  },
  {
    "review": "그럭저럭",
    "date": "08.02.29",
    "rating": "7",
    "author": "clou****",
    "review_id": "2491991",
    "movie_id": "10159"
  },
  {
    "review": "보는 내내 흥미진진했음ㅋㅋ숀코네리가 일본어도 쓰고 참....",
    "date": "08.02.08",
    "rating": "8",
    "author": "suji****",
    "review_id": "2422088",
    "movie_id": "10159"
  },
  {
    "review": "007 시리즈 다섯번째. 길고긴 여정.",
    "date": "07.11.14",
    "rating": "6",
    "author": "izzo****",
    "review_id": "2151215",
    "movie_id": "10159"
  },
  {
    "review": "어느 정도 볼만한 즐거움은 있는 작품이다",
    "date": "07.05.15",
    "rating": "8",
    "author": "deff****",
    "review_id": "1639983",
    "movie_id": "10159"
  },
  {
    "review": "NO.1 브로벨트를 이런 식으로 등장시키다니...",
    "date": "07.04.16",
    "rating": "6",
    "author": "okyk****",
    "review_id": "1591267",
    "movie_id": "10159"
  },
  {
    "review": "아 이 루이스 길버트 OOOO 이런 영화 만들어놓고도 니가 감독이냐?",
    "date": "07.04.03",
    "rating": "1",
    "author": "fred****",
    "review_id": "1570899",
    "movie_id": "10159"
  },
  {
    "review": "스케일이 커지고 SF적인 느낌이 강하다.. 보통!",
    "date": "07.01.11",
    "rating": "7",
    "author": "hide****",
    "review_id": "1374071",
    "movie_id": "10159"
  },
  {
    "review": "공공칠 두번싼다ㅋㅋㅋㅋㅋㅋㅋㅋㅋㅋㅋㅋㅋㅋㅋㅋㅋㅋㅋ",
    "date": "06.12.22",
    "rating": "10",
    "author": "lksk****",
    "review_id": "1312560",
    "movie_id": "10159"
  },
  {
    "review": "일본놈 저승간다~",
    "date": "06.08.23",
    "rating": "10",
    "author": "asdf****",
    "review_id": "1070925",
    "movie_id": "10159"
  },
  {
    "review": "뭐랄까? 애착이 가는 5편이다",
    "date": "06.08.23",
    "rating": "9",
    "author": "8901****",
    "review_id": "1070270",
    "movie_id": "10159"
  },
  {
    "review": "첩보물은 사라지고 오락물만 남았군..",
    "date": "06.07.25",
    "rating": "6",
    "author": "movi****",
    "review_id": "920887",
    "movie_id": "10159"
  },
  {
    "review": "맘에 안드는 작품...",
    "date": "06.07.24",
    "rating": "5",
    "author": "reki****",
    "review_id": "918351",
    "movie_id": "10159"
  },
  {
    "review": "자동차만 멋있다",
    "date": "06.06.24",
    "rating": "5",
    "author": "poto****",
    "review_id": "855165",
    "movie_id": "10159"
  },
  {
    "review": "007 두번 싼다. 약간 어거지성....",
    "date": "06.01.15",
    "rating": "5",
    "author": "ljho****",
    "review_id": "589689",
    "movie_id": "10159"
  },
  {
    "review": "일본여자들이 나오는 시리즈 작품",
    "date": "05.12.24",
    "rating": "5",
    "author": "kws7****",
    "review_id": "524576",
    "movie_id": "10159"
  },
  {
    "review": "같은 스토리라인에도 전혀 밋밋함이 없는 007",
    "date": "05.12.07",
    "rating": "8",
    "author": "hero****",
    "review_id": "497005",
    "movie_id": "10159"
  },
  {
    "review": "넬리의 전투장면은 정말 최고였다. 블로펠드와의 첫만남하는 007",
    "date": "05.07.24",
    "rating": "10",
    "author": "ansd****",
    "review_id": "332410",
    "movie_id": "10159"
  },
  {
    "review": "007은 영원하다.",
    "date": "05.05.04",
    "rating": "7",
    "author": "jcr3****",
    "review_id": "270977",
    "movie_id": "10159"
  },
  {
    "review": "인상 깊었던 영화.",
    "date": "05.02.17",
    "rating": "10",
    "author": "worl****",
    "review_id": "222647",
    "movie_id": "10159"
  },
  {
    "review": "일본을 배경으로 한 영화..근데 정말 007을 두 번 죽이네..ㅎㅎ",
    "date": "05.01.15",
    "rating": "5",
    "author": "penn****",
    "review_id": "186147",
    "movie_id": "10159"
  },
  {
    "review": "그 당시에 이 영화라면~",
    "date": "04.12.30",
    "rating": "8",
    "author": "nams****",
    "review_id": "172790",
    "movie_id": "10159"
  },
  {
    "review": "내 어릴때 가족들과 이불속에 들어가서 이영화 해주던 시간이 제일 좋았다.",
    "date": "04.08.30",
    "rating": "10",
    "author": "adon****",
    "review_id": "100005",
    "movie_id": "10159"
  },
  {
    "review": "내가 본 영화 중의 최고의 영화 강추!!!",
    "date": "04.02.20",
    "rating": "10",
    "author": "walt****",
    "review_id": "22088",
    "movie_id": "10159"
  }
]