[
  {
    "review": "아주 조금 재밌기만 하다",
    "date": "15.07.02",
    "rating": "8",
    "author": "luck****",
    "review_id": "10062373",
    "movie_id": "10156"
  },
  {
    "review": "스펙터 조직 보스 블로펠드가 처음으로 나오는 007 두번째 시리즈",
    "date": "15.06.11",
    "rating": "10",
    "author": "bsm9****",
    "review_id": "9991634",
    "movie_id": "10156"
  },
  {
    "review": "본드걸너무이쁘다...",
    "date": "15.03.25",
    "rating": "10",
    "author": "dnjs****",
    "review_id": "9805781",
    "movie_id": "10156"
  },
  {
    "review": "미녀와 함께 유럽 횡단 열차를.. 남자의 로망!",
    "date": "15.03.05",
    "rating": "8",
    "author": "pont****",
    "review_id": "9756813",
    "movie_id": "10156"
  },
  {
    "review": "숀코네리 젊었을때의 모습보니 좋다.",
    "date": "14.09.16",
    "rating": "7",
    "author": "adiv****",
    "review_id": "9219415",
    "movie_id": "10156"
  },
  {
    "review": "007 시리즈를 확장시키는 결정적인 발판",
    "date": "14.08.05",
    "rating": "10",
    "author": "jcr3****",
    "review_id": "9029662",
    "movie_id": "10156"
  },
  {
    "review": "헐... 베트남전 초기때다...",
    "date": "14.07.18",
    "rating": "1",
    "author": "hang****",
    "review_id": "8928667",
    "movie_id": "10156"
  },
  {
    "review": "전작과의 연관성을 이어가면서 007만의 독특한 오프닝과 Q의 등장, 악의 조직 스펙터의 부각으로 한층 업그레이드된 007시리즈만의 개성이 돋보이는 수작",
    "date": "14.03.29",
    "rating": "8",
    "author": "pigo****",
    "review_id": "8616197",
    "movie_id": "10156"
  },
  {
    "review": "본격적 007 시리즈의 시작",
    "date": "14.03.25",
    "rating": "7",
    "author": "ykdi****",
    "review_id": "8605324",
    "movie_id": "10156"
  },
  {
    "review": "정말 소름끼친다!!!",
    "date": "14.01.13",
    "rating": "10",
    "author": "ske4****",
    "review_id": "8378448",
    "movie_id": "10156"
  },
  {
    "review": "1탄은 ? 하면서 봤는데 이건 신박했음",
    "date": "13.12.14",
    "rating": "10",
    "author": "mast****",
    "review_id": "8214581",
    "movie_id": "10156"
  },
  {
    "review": "냉전의 절정기에 국내 최초 개봉 007",
    "date": "13.09.22",
    "rating": "8",
    "author": "clie****",
    "review_id": "8009471",
    "movie_id": "10156"
  },
  {
    "review": "내가 에바 그린과 더불어 최고의 본드걸로 꼽는 다니엘라 비앙키의 매력에 빠진다면 현대 영화팬의 시각에서는 다소 밋밋할 수 있는 이 영화를 즐길 수 있다. 킬링타임용 영화에서 여배우의 매력이란 영화의 매력과 일맥상통, 절대로 과소평가해서는 안되지.",
    "date": "13.05.13",
    "rating": "7",
    "author": "den_****",
    "review_id": "7526400",
    "movie_id": "10156"
  },
  {
    "review": "007의 틀을 만드는데 중요한 역활을 한 작품이지만...밋밋함을 보여주는 사건전개와 갠적으로 숀 코네리보다 티모시 달튼과 로저무어의 007이 어울린다고 생각함...나에겐 그냥 범작",
    "date": "13.03.11",
    "rating": "6",
    "author": "thra****",
    "review_id": "7340710",
    "movie_id": "10156"
  },
  {
    "review": "숀코네리 시리즈 중에,완성도가 정말 뛰어나네요..훗날 죠스 기차씬도 여기서 벌써 시작되었구요..특히 이탈리안 본드걸..절세미인 요즘에도 인기폭발할 외모..휴 벌써 40여년전 세월이 무상하네요",
    "date": "13.01.23",
    "rating": "10",
    "author": "fuck****",
    "review_id": "7157825",
    "movie_id": "10156"
  },
  {
    "review": "개인적으로 가장 재밌게 본 007.",
    "date": "13.01.12",
    "rating": "10",
    "author": "hyeo****",
    "review_id": "7106532",
    "movie_id": "10156"
  },
  {
    "review": "스토리를 이해 못할뻔했다. 오홋",
    "date": "13.01.04",
    "rating": "8",
    "author": "kdk6****",
    "review_id": "7082613",
    "movie_id": "10156"
  },
  {
    "review": "보면서 낯익은 배우가 있었는데, 스팅의 '로버트 쇼'더군요.이런 배우들의 옛 모습을 볼 수 있어서 더욱 잼있는 007 시리즈 입니다.전작보다 더 자연스러운 '숀코네리' 연기도 좋아요.",
    "date": "12.10.23",
    "rating": "7",
    "author": "hanp****",
    "review_id": "6822164",
    "movie_id": "10156"
  },
  {
    "review": "1963년작인데 재밌어요 보세요",
    "date": "12.08.18",
    "rating": "9",
    "author": "skrj****",
    "review_id": "6620929",
    "movie_id": "10156"
  },
  {
    "review": "이것이 바로 정통첩보 007!",
    "date": "12.07.02",
    "rating": "10",
    "author": "tkk4****",
    "review_id": "6438233",
    "movie_id": "10156"
  },
  {
    "review": "1편보다는 더짜임새가있네요..그렇지만 개인적으로 로버트쇼에 더눈독이가네요.....",
    "date": "12.05.02",
    "rating": "9",
    "author": "eart****",
    "review_id": "6264678",
    "movie_id": "10156"
  },
  {
    "review": "뭔가많이부족한느낌...",
    "date": "12.04.02",
    "rating": "7",
    "author": "wlsg****",
    "review_id": "6188875",
    "movie_id": "10156"
  },
  {
    "review": "007가방이 주인공인 영화... 1편보다는 그나마 나아보이네",
    "date": "12.03.12",
    "rating": "6",
    "author": "tran****",
    "review_id": "6138623",
    "movie_id": "10156"
  },
  {
    "review": "빼어난 이스탄불의 경치와 함께 복잡하고 재밌어진 각본",
    "date": "12.03.08",
    "rating": "7",
    "author": "bbq2****",
    "review_id": "6130903",
    "movie_id": "10156"
  },
  {
    "review": "옛다! 8점  노력한 흔적이보이는  짜임새있는 스토리",
    "date": "12.01.14",
    "rating": "8",
    "author": "wein****",
    "review_id": "5984407",
    "movie_id": "10156"
  },
  {
    "review": "오늘날의 007이 있게 해준 작품",
    "date": "11.09.20",
    "rating": "7",
    "author": "reno****",
    "review_id": "5743018",
    "movie_id": "10156"
  },
  {
    "review": "속편의 저주에서 벗어난 극강의 퀄리티.",
    "date": "11.06.30",
    "rating": "8",
    "author": "evil****",
    "review_id": "5511227",
    "movie_id": "10156"
  },
  {
    "review": "초기작치고는 괜찮은 2탄",
    "date": "11.04.16",
    "rating": "8",
    "author": "mais****",
    "review_id": "5376272",
    "movie_id": "10156"
  },
  {
    "review": "1탄과는 비교도 안되는 완벽한 첩보영화. 단, 만화적인 설정이 아쉽다",
    "date": "11.04.09",
    "rating": "10",
    "author": "rr92****",
    "review_id": "5364050",
    "movie_id": "10156"
  },
  {
    "review": "007스러운면이 등장하게된 영화",
    "date": "11.02.21",
    "rating": "10",
    "author": "rkde****",
    "review_id": "5265410",
    "movie_id": "10156"
  },
  {
    "review": "1탄과 다르게 아주 좋았다. 흥미진진",
    "date": "11.01.27",
    "rating": "10",
    "author": "road****",
    "review_id": "5186814",
    "movie_id": "10156"
  },
  {
    "review": "007.",
    "date": "10.07.30",
    "rating": "8",
    "author": "tori****",
    "review_id": "4685680",
    "movie_id": "10156"
  },
  {
    "review": "지금의 눈으로 봐도 전혀 손색이 없는 완소 첩보액션물!",
    "date": "10.05.04",
    "rating": "9",
    "author": "mygr****",
    "review_id": "4477301",
    "movie_id": "10156"
  },
  {
    "review": "전편보다 나은 속편. 비밀무기의 첫 등장과 후반부의 액션 장면들은 최고.",
    "date": "10.01.19",
    "rating": "9",
    "author": "sega****",
    "review_id": "4188878",
    "movie_id": "10156"
  },
  {
    "review": "007가방이 여기서 첫 등장을 했군!",
    "date": "09.12.16",
    "rating": "7",
    "author": "shan****",
    "review_id": "4048708",
    "movie_id": "10156"
  },
  {
    "review": "지금 기준으로 보면 약간 낡았지만 007 뿐 아니라 첩보액션 영화의 교과서 같은 작품.",
    "date": "09.11.14",
    "rating": "9",
    "author": "rush****",
    "review_id": "3962306",
    "movie_id": "10156"
  },
  {
    "review": "60년대의 유일한 볼거리가 많은 영화",
    "date": "09.08.30",
    "rating": "10",
    "author": "alsl****",
    "review_id": "3798887",
    "movie_id": "10156"
  },
  {
    "review": "007마니아들에겐 최고 수작으로 손꼽이는 명작 중 하나!",
    "date": "08.12.27",
    "rating": "10",
    "author": "nasu****",
    "review_id": "3158944",
    "movie_id": "10156"
  },
  {
    "review": "재미있어~~",
    "date": "08.12.25",
    "rating": "6",
    "author": "qa1t****",
    "review_id": "3147816",
    "movie_id": "10156"
  },
  {
    "review": "티나는 합성만큼이나 어색한 연기.. 하지만 플롯과 경치는 볼 만 했다",
    "date": "08.11.29",
    "rating": "5",
    "author": "hepy****",
    "review_id": "3078841",
    "movie_id": "10156"
  },
  {
    "review": "위기일발이 없었다면 본드는 여기까지 오지도 못했을 것이다..",
    "date": "08.11.20",
    "rating": "10",
    "author": "moon****",
    "review_id": "3061014",
    "movie_id": "10156"
  },
  {
    "review": "원조 007가방을 볼수있다.그리고 더불어 악당여자의 마지막발차기반전 ㅋㅋㅋㅋ",
    "date": "08.09.25",
    "rating": "10",
    "author": "sr82****",
    "review_id": "2967853",
    "movie_id": "10156"
  },
  {
    "review": "킬러가 돈욕심이많아* 본드걸은 최고다.액션도 고난이도에 스케일지금봐도놀랍다*",
    "date": "08.09.25",
    "rating": "9",
    "author": "dma9****",
    "review_id": "2967846",
    "movie_id": "10156"
  },
  {
    "review": "NO5 게획은 완벽는데 억울한 죽음을 당하네.",
    "date": "08.09.02",
    "rating": "8",
    "author": "noos****",
    "review_id": "2918568",
    "movie_id": "10156"
  },
  {
    "review": "속편이지만&lt닥터노&gt보다 더 짜임새있고 007틀을 확고히 잡은 첩보액션수작",
    "date": "08.06.08",
    "rating": "8",
    "author": "si2p****",
    "review_id": "2688236",
    "movie_id": "10156"
  },
  {
    "review": "엔딩은 베니스에서",
    "date": "08.02.10",
    "rating": "7",
    "author": "issu****",
    "review_id": "2431465",
    "movie_id": "10156"
  },
  {
    "review": "숀코네리의 목소리가 귀에 울린다",
    "date": "08.02.06",
    "rating": "9",
    "author": "suji****",
    "review_id": "2415008",
    "movie_id": "10156"
  },
  {
    "review": "본드걸 이뿌네.",
    "date": "07.11.08",
    "rating": "7",
    "author": "clou****",
    "review_id": "2139023",
    "movie_id": "10156"
  },
  {
    "review": "007 2번째 작. 서서히 보이기 시작하다.",
    "date": "07.08.04",
    "rating": "7",
    "author": "izzo****",
    "review_id": "1874731",
    "movie_id": "10156"
  },
  {
    "review": "007작품은 계속 진화한다.",
    "date": "07.05.15",
    "rating": "8",
    "author": "deff****",
    "review_id": "1639975",
    "movie_id": "10156"
  },
  {
    "review": "007 시리즈 중 최고의 스릴을 자랑한다",
    "date": "07.01.26",
    "rating": "6",
    "author": "okjo****",
    "review_id": "1416179",
    "movie_id": "10156"
  },
  {
    "review": "1편에 비해선 좀더 진화된 007.. 재미는 보통",
    "date": "06.12.07",
    "rating": "8",
    "author": "hide****",
    "review_id": "1273116",
    "movie_id": "10156"
  },
  {
    "review": "숀 코네리의 젊음과 액션 굿",
    "date": "06.09.19",
    "rating": "10",
    "author": "ahnj****",
    "review_id": "1132085",
    "movie_id": "10156"
  },
  {
    "review": "내가 007 series의 mania가 되도록 만든 작품...",
    "date": "06.09.06",
    "rating": "10",
    "author": "sjgy****",
    "review_id": "1108305",
    "movie_id": "10156"
  },
  {
    "review": "다니엘라 비앙키만 봐도 2시간이 훌쩍~",
    "date": "06.08.23",
    "rating": "10",
    "author": "8901****",
    "review_id": "1070264",
    "movie_id": "10156"
  },
  {
    "review": "스토리도 괜찮고 오프닝곡도 멋있었음",
    "date": "06.08.08",
    "rating": "10",
    "author": "ocrp****",
    "review_id": "984386",
    "movie_id": "10156"
  },
  {
    "review": "007 잴 명작 중 한편",
    "date": "06.07.23",
    "rating": "10",
    "author": "reki****",
    "review_id": "917988",
    "movie_id": "10156"
  },
  {
    "review": "더 재밌는 후속편 중 하나. 스토리가 짜임새가 있다",
    "date": "06.07.21",
    "rating": "7",
    "author": "hell****",
    "review_id": "912594",
    "movie_id": "10156"
  },
  {
    "review": "기차안에 쟁쟁한사투!",
    "date": "06.07.21",
    "rating": "10",
    "author": "asdf****",
    "review_id": "912368",
    "movie_id": "10156"
  },
  {
    "review": "초창기 007 영화의 첩보물적 재미를 만끽할수 있는 작품.",
    "date": "06.07.02",
    "rating": "7",
    "author": "movi****",
    "review_id": "866594",
    "movie_id": "10156"
  },
  {
    "review": "007씨리즈중에 최고라 생각함. 완성도높은 정통첩보물",
    "date": "06.03.08",
    "rating": "9",
    "author": "cita****",
    "review_id": "708633",
    "movie_id": "10156"
  },
  {
    "review": "필름이 너무 안좋아서",
    "date": "05.12.24",
    "rating": "4",
    "author": "kws7****",
    "review_id": "524567",
    "movie_id": "10156"
  },
  {
    "review": "007의 후속편은 후속편이란 느낌이 안든다.ㅡ",
    "date": "05.12.07",
    "rating": "9",
    "author": "hero****",
    "review_id": "496998",
    "movie_id": "10156"
  },
  {
    "review": "엄청난 걸작.'러시아에서날아온사랑' 최고의 영화중하나",
    "date": "05.07.24",
    "rating": "10",
    "author": "ansd****",
    "review_id": "332396",
    "movie_id": "10156"
  },
  {
    "review": "굿",
    "date": "05.05.28",
    "rating": "1",
    "author": "m_th****",
    "review_id": "288847",
    "movie_id": "10156"
  },
  {
    "review": "좁은 선실 안에서 격투..실감남..",
    "date": "05.01.15",
    "rating": "6",
    "author": "penn****",
    "review_id": "186140",
    "movie_id": "10156"
  },
  {
    "review": "아름다운 본드 걸과 잔잔한 주제곡",
    "date": "04.12.30",
    "rating": "9",
    "author": "nams****",
    "review_id": "172787",
    "movie_id": "10156"
  },
  {
    "review": "완벽!!!",
    "date": "04.11.28",
    "rating": "10",
    "author": "worl****",
    "review_id": "153716",
    "movie_id": "10156"
  },
  {
    "review": "내 어릴때 가족들과 이불속에 들어가서 이영화 해주던 시간이 제일 좋았다.",
    "date": "04.08.30",
    "rating": "10",
    "author": "adon****",
    "review_id": "100001",
    "movie_id": "10156"
  }
]