[
  {
    "review": "보는내내 가슴이 먹먹하고, 명작!!!",
    "date": "15.08.11",
    "rating": "10",
    "author": "clie****",
    "review_id": "10215552",
    "movie_id": "10152"
  },
  {
    "review": "사회의 부조리가 만들어낸 서글픈 부자 관계",
    "date": "15.07.05",
    "rating": "10",
    "author": "hoon****",
    "review_id": "10070827",
    "movie_id": "10152"
  },
  {
    "review": "자본사회에서 대부분의 서민에게는 삶의 희노애락 중 노(분노)와 애(슬픔)가 한가득. 별 기대 없이 쉽게 봤으나 지나고 곱씹으면 슬프고 애잔한.",
    "date": "15.06.15",
    "rating": "7",
    "author": "tear****",
    "review_id": "10003437",
    "movie_id": "10152"
  },
  {
    "review": "평점10점드립니다.감동받았습니다.라스트5분",
    "date": "15.06.12",
    "rating": "10",
    "author": "yoon****",
    "review_id": "9994201",
    "movie_id": "10152"
  },
  {
    "review": "종합 평점은 9점 드립니다.",
    "date": "15.05.20",
    "rating": "9",
    "author": "terr****",
    "review_id": "9932584",
    "movie_id": "10152"
  },
  {
    "review": "거의 70년전에 이런 명작을... 위대하고 서글프다!",
    "date": "15.02.20",
    "rating": "10",
    "author": "teny****",
    "review_id": "9716640",
    "movie_id": "10152"
  },
  {
    "review": "인생 그자체를 보여주는 영화..마지막 장면에서 부자는 어떤 심정이었을까...",
    "date": "15.01.15",
    "rating": "10",
    "author": "sud9****",
    "review_id": "9595041",
    "movie_id": "10152"
  },
  {
    "review": "너무 불공평하다. 그 시대 네오리얼리즘 연기자들은 실제 자신이 처한 삶을 그대로 보여주기만 하면 되니까말이다. 자신자신을 연기하는데 소울이 안담길 수가 있을까",
    "date": "14.12.22",
    "rating": "8",
    "author": "rock****",
    "review_id": "9501804",
    "movie_id": "10152"
  }
]