[
  {
    "review": "나는 그냥 그랬다.. 이런 영화 그닥..",
    "date": "15.06.28",
    "rating": "7",
    "author": "pola****",
    "review_id": "10049943",
    "movie_id": "10157"
  },
  {
    "review": "잘 생긴 숀과 예쁜 본드걸들,뛰어난 마이애미 비치와 호텔,그 호텔의 수영장,또 이어진 스케이트장 로케이션,잔인하지 않게 그려져 부담되지 않는 악역 골드핑거,007의유머,자가용이면서도 아늑한 비행기의 등장~007시리즈 옥토퍼시와 함께 최고의 오락물~",
    "date": "15.04.14",
    "rating": "10",
    "author": "thec****",
    "review_id": "9845093",
    "movie_id": "10157"
  },
  {
    "review": "원래 영화는3편까지가면 망하던데007은아니네ㅎ",
    "date": "15.03.15",
    "rating": "10",
    "author": "dnjs****",
    "review_id": "9783320",
    "movie_id": "10157"
  },
  {
    "review": "007시리즈가 이 영화부터 대작으로 취급받아.",
    "date": "15.02.21",
    "rating": "8",
    "author": "pont****",
    "review_id": "9721145",
    "movie_id": "10157"
  },
  {
    "review": "팔방미인은 이럴 때 쓰는 말",
    "date": "14.12.20",
    "rating": "10",
    "author": "jcr3****",
    "review_id": "9492205",
    "movie_id": "10157"
  },
  {
    "review": "한국인역으로 나오는 강철모자 던지던 보디가드 아직도 생각나네..",
    "date": "14.09.17",
    "rating": "8",
    "author": "adiv****",
    "review_id": "9220565",
    "movie_id": "10157"
  },
  {
    "review": "이 영화는 무슨 드라마냐? 왜 이렇게 길어?",
    "date": "14.07.18",
    "rating": "1",
    "author": "hang****",
    "review_id": "8928671",
    "movie_id": "10157"
  },
  {
    "review": "숀 코넬리의 007 좋아요",
    "date": "14.06.22",
    "rating": "7",
    "author": "clou****",
    "review_id": "8846482",
    "movie_id": "10157"
  },
  {
    "review": "최초의 본드카 등장! 하지만 작중 내내 무기력한 본드... 하긴 여자 꼬시는 능력도 능력이지.",
    "date": "14.03.30",
    "rating": "7",
    "author": "pigo****",
    "review_id": "8617097",
    "movie_id": "10157"
  },
  {
    "review": "1, 2편 보단 낫다. 007카의 처음 등장",
    "date": "14.03.24",
    "rating": "7",
    "author": "ykdi****",
    "review_id": "8604637",
    "movie_id": "10157"
  },
  {
    "review": "보다가 잤다,,이게 영화라고 지루한액션,로저무어 007이 가장 재밌네,,숀코네리 것은 뭐가 재밌는지..이해가 안감..별로 본드같지도 않고",
    "date": "14.02.05",
    "rating": "4",
    "author": "cad0****",
    "review_id": "8476495",
    "movie_id": "10157"
  },
  {
    "review": "역대 007영화 중 최고의 영화",
    "date": "14.01.14",
    "rating": "10",
    "author": "yjl1****",
    "review_id": "8382836",
    "movie_id": "10157"
  },
  {
    "review": "정말 소름끼친다!!!",
    "date": "14.01.13",
    "rating": "10",
    "author": "ske4****",
    "review_id": "8378449",
    "movie_id": "10157"
  },
  {
    "review": "원인과 결과로 잘 나타나지 못했다.",
    "date": "13.10.27",
    "rating": "7",
    "author": "buti****",
    "review_id": "8093356",
    "movie_id": "10157"
  },
  {
    "review": "스토리 구성이 좀 허접하고 억지스러운점이 보이지만..역시 007시리즈다..",
    "date": "13.10.19",
    "rating": "6",
    "author": "thra****",
    "review_id": "8071500",
    "movie_id": "10157"
  },
  {
    "review": "분위기가 좋다",
    "date": "13.07.21",
    "rating": "7",
    "author": "kth3****",
    "review_id": "7770081",
    "movie_id": "10157"
  },
  {
    "review": "뒤에 나온 문 레이커, 옥토퍼시 보다 훨씬 좋았다고 본다...",
    "date": "13.02.01",
    "rating": "10",
    "author": "hyeo****",
    "review_id": "7208610",
    "movie_id": "10157"
  },
  {
    "review": "골드핑거라는 제목과,007 명성에 비해서는 2프로 부족한 느낌이네요..주제가음악,멋진 스위스풍경..그리고,한국인 악당 모자날리기가 골드핑거를 살렸다고 봐요 ㅋㅋ 보릿고개 시절..선진국 영화 보는 느낌이란?",
    "date": "13.01.23",
    "rating": "10",
    "author": "fuck****",
    "review_id": "7157829",
    "movie_id": "10157"
  },
  {
    "review": "며칠간 릴레이로 보고 있는데, 시리즈가 더 할 수록 짜임새가 나아지긴 하네요.한국인지 모를 동양 배우도 멋지네요.",
    "date": "12.10.23",
    "rating": "7",
    "author": "hanp****",
    "review_id": "6822186",
    "movie_id": "10157"
  },
  {
    "review": "일반적으로 시리즈중 썬더볼 1위,골드 핑거 2위로 본다. 3번은 보고 평해라. ㅉㅉㅉ",
    "date": "12.08.17",
    "rating": "9",
    "author": "lott****",
    "review_id": "6618559",
    "movie_id": "10157"
  },
  {
    "review": "역대급의 007인듯...",
    "date": "12.08.05",
    "rating": "9",
    "author": "dlwo****",
    "review_id": "6574042",
    "movie_id": "10157"
  },
  {
    "review": "숀코너리와 푸시의 헛간 키스신이 아니었다면 4점도 아까운 영화",
    "date": "12.03.12",
    "rating": "4",
    "author": "jord****",
    "review_id": "6139716",
    "movie_id": "10157"
  },
  {
    "review": "숀코네리의 007은 매력적이지만 영화은 영 아니올시다.",
    "date": "12.03.12",
    "rating": "4",
    "author": "tran****",
    "review_id": "6138852",
    "movie_id": "10157"
  },
  {
    "review": "금을 쳐발랐을뿐인 3편",
    "date": "12.03.09",
    "rating": "6",
    "author": "bbq2****",
    "review_id": "6131757",
    "movie_id": "10157"
  },
  {
    "review": "always 007",
    "date": "12.02.20",
    "rating": "7",
    "author": "jero****",
    "review_id": "6090436",
    "movie_id": "10157"
  },
  {
    "review": "옛다!7점       무능한 본드!  제임스 본드!",
    "date": "12.01.15",
    "rating": "7",
    "author": "wein****",
    "review_id": "5986813",
    "movie_id": "10157"
  },
  {
    "review": "007시리즈중 다소 힘이 빠지는 스토리 하지만 숀 코너리가 있었다",
    "date": "11.09.20",
    "rating": "6",
    "author": "reno****",
    "review_id": "5742968",
    "movie_id": "10157"
  },
  {
    "review": "숀코네리의 젊은얼굴이 어색",
    "date": "11.04.15",
    "rating": "7",
    "author": "mais****",
    "review_id": "5374152",
    "movie_id": "10157"
  },
  {
    "review": "포트녹스장면은 일품인데 개연성이 전편에 비해 너무 떨어지네",
    "date": "11.04.11",
    "rating": "8",
    "author": "rr92****",
    "review_id": "5367361",
    "movie_id": "10157"
  },
  {
    "review": "이 편은 쫌 재미없었써ㅠㅠ",
    "date": "11.01.30",
    "rating": "6",
    "author": "road****",
    "review_id": "5196668",
    "movie_id": "10157"
  },
  {
    "review": "이후 연출법을 따라하는 것만으로도 액션영화는 대흥행.",
    "date": "10.08.06",
    "rating": "7",
    "author": "tori****",
    "review_id": "4714768",
    "movie_id": "10157"
  },
  {
    "review": "세대를 넘어 전해지는 재미와 공감! 같은 건 없다. 007이란 간판빨이지 그저 B급영화.",
    "date": "10.04.13",
    "rating": "1",
    "author": "terr****",
    "review_id": "4430713",
    "movie_id": "10157"
  },
  {
    "review": "만약 당신이 기존의 007씨리즈들을 좋아한다면,절대 후회없는 선택이 될 것이다.",
    "date": "10.03.05",
    "rating": "10",
    "author": "baks****",
    "review_id": "4336895",
    "movie_id": "10157"
  },
  {
    "review": "007중 꼭봐야할영화가 이거라던데 왜그런진 모르겟음ㅋ재미있긴함 평점7점",
    "date": "10.01.29",
    "rating": "10",
    "author": "fram****",
    "review_id": "4222410",
    "movie_id": "10157"
  },
  {
    "review": "동양사람은 죄다 일꾼이더라.",
    "date": "09.12.16",
    "rating": "7",
    "author": "shan****",
    "review_id": "4048724",
    "movie_id": "10157"
  },
  {
    "review": "숀 코넬리 007의 진수. 그 시대 첩보 액션의 알파와 오메가를 다 담고 있다.",
    "date": "09.11.14",
    "rating": "9",
    "author": "rush****",
    "review_id": "3962324",
    "movie_id": "10157"
  },
  {
    "review": "요즘나오는 겉멋만잔뜩든; 007보다 내용이 훨씬 꽉차보인다.초대007 명작중 하나!",
    "date": "09.03.25",
    "rating": "10",
    "author": "yjpo****",
    "review_id": "3386265",
    "movie_id": "10157"
  },
  {
    "review": "오드좁과 본드가 싸울 때 BGM 하나 깔지 않는 건 정말-_- 긴박감 제로. 전편이 낫다.",
    "date": "09.01.02",
    "rating": "5",
    "author": "silv****",
    "review_id": "3180605",
    "movie_id": "10157"
  },
  {
    "review": "오히려 내용적으로 초기작이 낫다. 한국인 오드잡은 진짜 오드하게 나와 유감",
    "date": "09.01.02",
    "rating": "7",
    "author": "ador****",
    "review_id": "3179568",
    "movie_id": "10157"
  },
  {
    "review": "재미없다",
    "date": "08.12.10",
    "rating": "1",
    "author": "hari****",
    "review_id": "3106080",
    "movie_id": "10157"
  },
  {
    "review": "결국 당하기만 하다가 여자만 하나 잘 꼬셔서 사건해결... 그리고 정말 안 긴박하다!!",
    "date": "08.12.07",
    "rating": "4",
    "author": "alte****",
    "review_id": "3097209",
    "movie_id": "10157"
  },
  {
    "review": "소재와 배경은 그럴 듯 한데.... 맥빠지는 흐름은 어쩔 수가 없다",
    "date": "08.12.02",
    "rating": "5",
    "author": "hepy****",
    "review_id": "3086256",
    "movie_id": "10157"
  },
  {
    "review": "지금 보니 너무 유치하다.",
    "date": "08.11.02",
    "rating": "6",
    "author": "kusa****",
    "review_id": "3032474",
    "movie_id": "10157"
  },
  {
    "review": "왜 난 젊은 숀코네리와 지금이 매치가 안될까... 한국비하는 씁쓸하군.. ㅡ.ㅡ",
    "date": "08.10.26",
    "rating": "6",
    "author": "kuic****",
    "review_id": "3020128",
    "movie_id": "10157"
  },
  {
    "review": "모자날리는거 대박이다 ㅋㅋㅋㅋㅋㅋㅋㅋㅋㅋㅋ",
    "date": "08.10.07",
    "rating": "9",
    "author": "sr82****",
    "review_id": "2988471",
    "movie_id": "10157"
  },
  {
    "review": "역대 최고스케일의 은행털이* 모자날리기 여자를 잘이용해야해..",
    "date": "08.10.04",
    "rating": "9",
    "author": "dma9****",
    "review_id": "2981523",
    "movie_id": "10157"
  },
  {
    "review": "크게 뒤떨어지는 작품은 아니지만 전편못지않은 재미를 선사한다",
    "date": "08.06.08",
    "rating": "6",
    "author": "si2p****",
    "review_id": "2688248",
    "movie_id": "10157"
  },
  {
    "review": "good",
    "date": "08.04.03",
    "rating": "10",
    "author": "jjan****",
    "review_id": "2555789",
    "movie_id": "10157"
  },
  {
    "review": "셜리 배시의 노래가 울려퍼지는 오프닝, 첩보영화의 묘미, 그리고 철인 오드좁^^;",
    "date": "08.03.23",
    "rating": "9",
    "author": "shin****",
    "review_id": "2536626",
    "movie_id": "10157"
  },
  {
    "review": "아이템이 별로..",
    "date": "08.03.01",
    "rating": "6",
    "author": "issu****",
    "review_id": "2495790",
    "movie_id": "10157"
  },
  {
    "review": "1탄이나 2탄보다 재밌었다",
    "date": "08.02.08",
    "rating": "9",
    "author": "suji****",
    "review_id": "2422065",
    "movie_id": "10157"
  },
  {
    "review": "드뎌 제임스 본드 car 가 등장하는구나. 형사가제트의모티가되지않았을까?",
    "date": "07.08.06",
    "rating": "8",
    "author": "izzo****",
    "review_id": "1894165",
    "movie_id": "10157"
  },
  {
    "review": "숀코네리 제임스본드로 점점 각인되는 중..",
    "date": "07.05.15",
    "rating": "8",
    "author": "deff****",
    "review_id": "1639976",
    "movie_id": "10157"
  },
  {
    "review": "007 시리즈의 스탠다드가 된 영화",
    "date": "07.02.11",
    "rating": "8",
    "author": "seun****",
    "review_id": "1462692",
    "movie_id": "10157"
  },
  {
    "review": "옛작품이 낫다...시리즈의 또다른 재미, 첩보용 최신 장치들",
    "date": "07.01.26",
    "rating": "7",
    "author": "hell****",
    "review_id": "1416426",
    "movie_id": "10157"
  },
  {
    "review": "1,2편 보다는 재밌다.. 한국인 악당과 본드카가 등장한다는점",
    "date": "06.12.12",
    "rating": "8",
    "author": "hide****",
    "review_id": "1286583",
    "movie_id": "10157"
  },
  {
    "review": "그런데로.,.",
    "date": "06.11.15",
    "rating": "6",
    "author": "wwwx****",
    "review_id": "1233221",
    "movie_id": "10157"
  },
  {
    "review": "와 함께 명작으로 꼽히는 작품!!!",
    "date": "06.10.31",
    "rating": "9",
    "author": "ilov****",
    "review_id": "1209461",
    "movie_id": "10157"
  },
  {
    "review": "가슴털 괜찮습니다. 서양인들은 많이나니까요",
    "date": "06.09.19",
    "rating": "10",
    "author": "ahnj****",
    "review_id": "1132087",
    "movie_id": "10157"
  },
  {
    "review": "숀코네리씨.... 털좀깎고 찍지...",
    "date": "06.08.23",
    "rating": "10",
    "author": "asdf****",
    "review_id": "1070907",
    "movie_id": "10157"
  },
  {
    "review": "대작! 대작!이란 말밖에 6번보니 재미가 좀 반감됬다",
    "date": "06.08.23",
    "rating": "10",
    "author": "8901****",
    "review_id": "1070269",
    "movie_id": "10157"
  },
  {
    "review": "악당이 좀 멋있었다",
    "date": "06.08.08",
    "rating": "10",
    "author": "ocrp****",
    "review_id": "984391",
    "movie_id": "10157"
  },
  {
    "review": "시리즈 최고작품 중 한편",
    "date": "06.07.23",
    "rating": "10",
    "author": "reki****",
    "review_id": "917991",
    "movie_id": "10157"
  },
  {
    "review": "007시리즈 최고의 작품으로 평가받지만 다소 과대평가된 작품.",
    "date": "06.07.10",
    "rating": "6",
    "author": "movi****",
    "review_id": "882043",
    "movie_id": "10157"
  },
  {
    "review": "영상이 좀 유치하긴 해도..",
    "date": "06.02.18",
    "rating": "8",
    "author": "shh7****",
    "review_id": "677855",
    "movie_id": "10157"
  },
  {
    "review": "악당이 참 매력적이다",
    "date": "05.12.24",
    "rating": "7",
    "author": "kws7****",
    "review_id": "524569",
    "movie_id": "10157"
  },
  {
    "review": "한번씩 티비에서 재탕할때마다 채널고정..",
    "date": "05.12.07",
    "rating": "8",
    "author": "hero****",
    "review_id": "496999",
    "movie_id": "10157"
  },
  {
    "review": "007 최대걸작중 하나. 007의 재치도 단연최상금",
    "date": "05.07.24",
    "rating": "10",
    "author": "ansd****",
    "review_id": "332398",
    "movie_id": "10157"
  },
  {
    "review": "오드좁 밖에 생각이 안나네..",
    "date": "05.01.15",
    "rating": "6",
    "author": "penn****",
    "review_id": "186142",
    "movie_id": "10157"
  },
  {
    "review": "골드핑거~ 따따~",
    "date": "04.12.30",
    "rating": "9",
    "author": "nams****",
    "review_id": "172788",
    "movie_id": "10157"
  },
  {
    "review": "너무도 좋은 영화!!!",
    "date": "04.11.28",
    "rating": "10",
    "author": "worl****",
    "review_id": "153718",
    "movie_id": "10157"
  },
  {
    "review": "007시리즈 중 단연 최상급",
    "date": "04.11.12",
    "rating": "10",
    "author": "zobi****",
    "review_id": "144671",
    "movie_id": "10157"
  },
  {
    "review": "내 어릴때 가족들과 이불속에 들어가서 이영화 해주던 시간이 제일 좋았다.",
    "date": "04.08.30",
    "rating": "10",
    "author": "adon****",
    "review_id": "100002",
    "movie_id": "10157"
  },
  {
    "review": "한국 비하 맘에 안듬.",
    "date": "04.08.04",
    "rating": "1",
    "author": "kju3****",
    "review_id": "83185",
    "movie_id": "10157"
  },
  {
    "review": "007 시리즈에서 젤 좋아하는 골드핑거.....",
    "date": "04.06.14",
    "rating": "8",
    "author": "comm****",
    "review_id": "53950",
    "movie_id": "10157"
  }
]