[
  {
    "review": "ㅋㅋㅋㅋ  너무 어처구니 없어서. 어릴때 동생이랑 병맛으로 즐겨봤다 ㅋ 그 병맛이 강해서 기억에 남는 영화",
    "date": "15.06.21",
    "rating": "8",
    "author": "liqu****",
    "review_id": "10018367",
    "movie_id": "10160"
  },
  {
    "review": "정식 007이 아닌 007 외전 2편 중 한편...없어도 될 영화...",
    "date": "14.05.13",
    "rating": "5",
    "author": "hole****",
    "review_id": "8728314",
    "movie_id": "10160"
  },
  {
    "review": "최고다...애들은 가라...응?",
    "date": "13.03.13",
    "rating": "10",
    "author": "baks****",
    "review_id": "7344902",
    "movie_id": "10160"
  },
  {
    "review": "옛날에... 2008년도였나??? 그때 cgv에서 007카지노 로얄 해준다길래 기대하고 봤더니 이 영화였다... 이런 cgv;;;",
    "date": "12.10.27",
    "rating": "7",
    "author": "clam****",
    "review_id": "6829969",
    "movie_id": "10160"
  },
  {
    "review": "초호화 캐스팅 때문에 6점 준다.",
    "date": "12.07.10",
    "rating": "6",
    "author": "yujs****",
    "review_id": "6468529",
    "movie_id": "10160"
  },
  {
    "review": "어린시절 재미나게 보았던 기억이...다시보니 좀 그렇긴 하지만",
    "date": "10.12.18",
    "rating": "7",
    "author": "nala****",
    "review_id": "5063816",
    "movie_id": "10160"
  },
  {
    "review": "엉망진창,종횡무진으로 어처구니없는 영화.",
    "date": "10.01.12",
    "rating": "1",
    "author": "evil****",
    "review_id": "4161414",
    "movie_id": "10160"
  },
  {
    "review": "수많은 배우와 거장이 참여했는데 영화는 왜 이따위인건데...",
    "date": "09.12.04",
    "rating": "2",
    "author": "gate****",
    "review_id": "4015702",
    "movie_id": "10160"
  },
  {
    "review": "난해한 진행의 페이크 007이지만, 오프닝과 주제곡만큼은 일품이다..",
    "date": "08.05.17",
    "rating": "6",
    "author": "hide****",
    "review_id": "2646703",
    "movie_id": "10160"
  },
  {
    "review": "007 시리즈가 아닙니다",
    "date": "07.11.18",
    "rating": "1",
    "author": "j767****",
    "review_id": "2161615",
    "movie_id": "10160"
  },
  {
    "review": "박진감이 있어야지~",
    "date": "07.09.18",
    "rating": "6",
    "author": "golt****",
    "review_id": "2028582",
    "movie_id": "10160"
  },
  {
    "review": "007 이런 영화가 있구나 측면에서는 볼만하다",
    "date": "07.05.16",
    "rating": "5",
    "author": "deff****",
    "review_id": "1641104",
    "movie_id": "10160"
  },
  {
    "review": "오스틴파워가 차리리 낫다. 제목에서 007 좀 제발 빼주소",
    "date": "07.04.13",
    "rating": "1",
    "author": "okyk****",
    "review_id": "1586924",
    "movie_id": "10160"
  },
  {
    "review": "007보다는 오스틴파워에 더 가까운 영화..",
    "date": "07.01.31",
    "rating": "7",
    "author": "cksn****",
    "review_id": "1430234",
    "movie_id": "10160"
  },
  {
    "review": "한마디로 코메디영화... 절대 007 시리즈가 아님...",
    "date": "06.12.23",
    "rating": "6",
    "author": "okt1****",
    "review_id": "1317719",
    "movie_id": "10160"
  },
  {
    "review": "이걸 왜 5편에 포함시키는 거냐--",
    "date": "06.12.06",
    "rating": "3",
    "author": "enjo****",
    "review_id": "1270392",
    "movie_id": "10160"
  },
  {
    "review": "솔직히 어나더데이랑 바꿔라. 바꾸는게 훨났다.",
    "date": "06.12.02",
    "rating": "10",
    "author": "asdf****",
    "review_id": "1263008",
    "movie_id": "10160"
  },
  {
    "review": "흠 주제가와 유명인사들을 보는것만으로도 7점 주겠오~",
    "date": "06.08.25",
    "rating": "7",
    "author": "8901****",
    "review_id": "1075718",
    "movie_id": "10160"
  },
  {
    "review": "완전히 엉터리 007! 이런 영화는 만들어선 안된다.",
    "date": "06.08.03",
    "rating": "2",
    "author": "vert****",
    "review_id": "963533",
    "movie_id": "10160"
  },
  {
    "review": "사기당한 기분이에요!",
    "date": "06.07.27",
    "rating": "3",
    "author": "jcsj****",
    "review_id": "927060",
    "movie_id": "10160"
  },
  {
    "review": "007 영화라기 보다는 007 영화의 패러디 버전으로 봐야할듯..",
    "date": "06.06.16",
    "rating": "5",
    "author": "movi****",
    "review_id": "845523",
    "movie_id": "10160"
  },
  {
    "review": "톡특한 영화",
    "date": "05.08.24",
    "rating": "6",
    "author": "nams****",
    "review_id": "382469",
    "movie_id": "10160"
  },
  {
    "review": "장난하냐? 장난해?",
    "date": "05.05.04",
    "rating": "3",
    "author": "jcr3****",
    "review_id": "270974",
    "movie_id": "10160"
  },
  {
    "review": "정신없는 코메디 - 오스틴 파워를 연상시킨다.",
    "date": "04.05.29",
    "rating": "8",
    "author": "barr****",
    "review_id": "47267",
    "movie_id": "10160"
  }
]