[
  {
    "review_id": "10016153",
    "movie_id": "101617",
    "author": "dmsw****",
    "review": "좋앗어요~힐링영화",
    "rating": "10",
    "date": "15.06.20"
  },
  {
    "review_id": "9953488",
    "movie_id": "101617",
    "author": "adiv****",
    "review": "아주 소소하고 일상적인 생활을 보여주는 로맨스",
    "rating": "3",
    "date": "15.05.27"
  },
  {
    "review_id": "9816195",
    "movie_id": "101617",
    "author": "0104****",
    "review": "감독이 뭘 말하려는지는알겠는데 잔잔한거좋아하는내가봐도쫌많이지루하다 연출이좀늘어짐 러닝타임이좀짧았으면좋았을듯",
    "rating": "6",
    "date": "15.03.30"
  },
  {
    "review_id": "9752637",
    "movie_id": "101617",
    "author": "lulu****",
    "review": "남주가 우익새끼만 아니었어도..",
    "rating": "6",
    "date": "15.03.02"
  },
  {
    "review_id": "9746769",
    "movie_id": "101617",
    "author": "plan****",
    "review": "순수, 동화, 메세지에 갇힌 감성 허세",
    "rating": "5",
    "date": "15.02.28"
  },
  {
    "review_id": "9615071",
    "movie_id": "101617",
    "author": "pszo****",
    "review": "감수성 예민하고 생각 많은 내가봐도 이건 상당히 지루하다 무슨  내용인지는 알겠는데 ... 이건 모 여주인공 귀여운 모습이라도 없으면 집중 불가 정도의 지루함을 보여준 영화!",
    "rating": "5",
    "date": "15.01.20"
  },
  {
    "review_id": "9587731",
    "movie_id": "101617",
    "author": "poke****",
    "review": "미야자키 아오이 전도연 닮았다고 생각되면 공감 눌러",
    "rating": "10",
    "date": "15.01.12"
  },
  {
    "review_id": "9421109",
    "movie_id": "101617",
    "author": "seoc****",
    "review": "이영화는 분석해서 따지는 영화가 아니라, 영화를 보고 느낄수만 있다면, 느낄수 있을 것이다.",
    "rating": "8",
    "date": "14.11.25"
  },
  {
    "review_id": "9350342",
    "movie_id": "101617",
    "author": "milk****",
    "review": "이영화 집중이 안되네,,, 뭔얘기하는지도 모르겠고...",
    "rating": "5",
    "date": "14.11.07"
  },
  {
    "review_id": "8790362",
    "movie_id": "101617",
    "author": "osam****",
    "review": "무카이 오사무를 좋아해서 봤는데 여배우는 나무하고 거미하고 염소하고 이야기도하고남편은 유부녀만나러가고 거기다 일본특유의 잔잔함이 너무 들어가서지루하기까지했다.",
    "rating": "2",
    "date": "14.06.03"
  },
  {
    "review_id": "8725345",
    "movie_id": "101617",
    "author": "yeon****",
    "review": "하루하루의 일상이 기적이란 소철의 말이 공감되네요. 정말 기적은 거창한게 아니라 소소하지만 가족과 아웅 다웅 살아가는 바로 지금이 아닐까요.",
    "rating": "8",
    "date": "14.05.12"
  },
  {
    "review_id": "8716307",
    "movie_id": "101617",
    "author": "jos2****",
    "review": "좋아요... 잔잔한 감동..",
    "rating": "10",
    "date": "14.05.08"
  },
  {
    "review_id": "8707812",
    "movie_id": "101617",
    "author": "gmtl****",
    "review": "두번보면더이해되는영화",
    "rating": "10",
    "date": "14.05.05"
  },
  {
    "review_id": "8702962",
    "movie_id": "101617",
    "author": "eves****",
    "review": "잔잔한 일본 영화를 원하신다면...",
    "rating": "10",
    "date": "14.05.04"
  },
  {
    "review_id": "8665609",
    "movie_id": "101617",
    "author": "cja0****",
    "review": "완전 제취향인 영화였어요. 소철나무와 이야기하는 장면이 어찌나좋던지^^",
    "rating": "9",
    "date": "14.04.22"
  },
  {
    "review_id": "8655771",
    "movie_id": "101617",
    "author": "nism****",
    "review": "참 괜찮은 영화다..  잔잔하고 진정성 있고, 삶의 희망도 얻었다.. ^^",
    "rating": "9",
    "date": "14.04.17"
  },
  {
    "review_id": "8454596",
    "movie_id": "101617",
    "author": "roam****",
    "review": "유뷰녀와 불륜을 저지른 남자는... 유부녀 남편 편지를 받고 유뷰녀를 위해 도쿄로 가는데... 여자는 도쿄에 가려는 남자의 손을 수도꼭지위에 놓고 유리컵과 밥그릇으로 내리치기 시작하는데... 여자는 개나 염소 거미 심지어나무하고도 말하는.--;;;",
    "rating": "2",
    "date": "14.01.31"
  },
  {
    "review_id": "8357901",
    "movie_id": "101617",
    "author": "myar****",
    "review": "조금 지루하고 사랑스럽다. 광고보고 너무 보고싶어서 네이버에서3500원주고 봤다. 돈을 내고 본 내가 대견했다",
    "rating": "7",
    "date": "14.01.07"
  },
  {
    "review_id": "8350030",
    "movie_id": "101617",
    "author": "ranm****",
    "review": "평점남기는거 잘 안하는데.,..dvd로 사고싶을 정도로 좋았다. 나는 이런류가 참 좋다. 뭔가 먹먹하다..그리고 사랑스럽다. 사람이 사랑하면서 사는것이 이런것 같다.",
    "rating": "10",
    "date": "14.01.05"
  },
  {
    "review_id": "8345542",
    "movie_id": "101617",
    "author": "andy****",
    "review": "지루할수도있지만 질이 떨어지지않았고, 영화를 보고나서도 아직도 뭔지모르는  판타지내용에서 풍기는 분위기만은 좋았던것같은 영화였다",
    "rating": "8",
    "date": "14.01.03"
  },
  {
    "review_id": "8238283",
    "movie_id": "101617",
    "author": "egyp****",
    "review": "알콩달콩 귀여웠던 두 사람의 일상,그리고 주변 사람들 그들을 숨쉴 수 있게 만든 소중한 존재...약간의 루즈한 전개 러닝타임을 더 길게 느껴지긴했지만 일상적이고 평온한 모습이 좋다...",
    "rating": "6",
    "date": "13.12.19"
  },
  {
    "review_id": "8205469",
    "movie_id": "101617",
    "author": "soda****",
    "review": "재미 없는 영화임. 일본영화 재미없으면 소소하고 잔잔한 여운? 숙면 유도용으로는 강추",
    "rating": "1",
    "date": "13.12.11"
  },
  {
    "review_id": "8200662",
    "movie_id": "101617",
    "author": "bles****",
    "review": "알콩달콩 사랑스럽구나",
    "rating": "6",
    "date": "13.12.09"
  },
  {
    "review_id": "8162483",
    "movie_id": "101617",
    "author": "aziz****",
    "review": "초반에는 지루한가 싶더니 점점 좋아지는 영화",
    "rating": "7",
    "date": "13.11.23"
  },
  {
    "review_id": "8152755",
    "movie_id": "101617",
    "author": "kcsw****",
    "review": "아~ 이런 러브스토리를 기다렸다구! 첫눈에 반한 사랑 그리고 비밀...아흐!",
    "rating": "10",
    "date": "13.11.19"
  },
  {
    "review_id": "8152749",
    "movie_id": "101617",
    "author": "gree****",
    "review": "스토리구성과 두 배우의 연기가 매우 좋았음!",
    "rating": "10",
    "date": "13.11.19"
  },
  {
    "review_id": "8152747",
    "movie_id": "101617",
    "author": "suda****",
    "review": "아~ 무카이 오사무 너무 좋음~~ 잔잔한 감동..기대됩니다! ^^",
    "rating": "10",
    "date": "13.11.19"
  },
  {
    "review_id": "8152579",
    "movie_id": "101617",
    "author": "kalo****",
    "review": "잔잔하면서도 메시지가 있는 이런류 좋아해서매우 좋았음!",
    "rating": "10",
    "date": "13.11.19"
  },
  {
    "review_id": "8152578",
    "movie_id": "101617",
    "author": "purp****",
    "review": "잔잔한 일본 느낌이 너무 좋은 영화^^",
    "rating": "10",
    "date": "13.11.19"
  },
  {
    "review_id": "8150201",
    "movie_id": "101617",
    "author": "voca****",
    "review": "잔잔한 일본 로맨스를 좋아하는지라- 초반은 좀 지루했지만... 나름 괜찮았음",
    "rating": "8",
    "date": "13.11.18"
  },
  {
    "review_id": "8140900",
    "movie_id": "101617",
    "author": "sunn****",
    "review": "난 다 너무 너무 좋았는데....그냥 일본감성을 원하면 무조건 만점. 매끼마다 잘 조화되어 보여졌던 일식 상차림도 눈길을 끔.",
    "rating": "10",
    "date": "13.11.15"
  },
  {
    "review_id": "8140085",
    "movie_id": "101617",
    "author": "hyem****",
    "review": "히로키 감독의 동화같은 사랑이야기~ 너무 조용한 초반부 때문에 6점",
    "rating": "6",
    "date": "13.11.15"
  },
  {
    "review_id": "8140070",
    "movie_id": "101617",
    "author": "tjsa****",
    "review": "솔직히 1점은 아니다- 잔잔한 일본 특유의 로맨스를 좋아하는 사람들에게 추천~ 여운남고.. 뒤를 돌아보게 하는 영화임",
    "rating": "9",
    "date": "13.11.15"
  }
]