[
  {
    "review": "남자라면 소련 미녀 첩보원정도는 상대해봐야..",
    "date": "15.08.13",
    "rating": "8",
    "author": "pont****",
    "review_id": "10221761",
    "movie_id": "10165"
  },
  {
    "review": "만화적이라 매력적인...",
    "date": "15.04.26",
    "rating": "7",
    "author": "bbob****",
    "review_id": "9872142",
    "movie_id": "10165"
  },
  {
    "review": "강철이 참 그세끼 뭐야 그래도 나름볼만",
    "date": "15.03.21",
    "rating": "10",
    "author": "dnjs****",
    "review_id": "9796390",
    "movie_id": "10165"
  },
  {
    "review": "007시리즈 중 골드핑거, 썬더볼과 함께 최고의 명작",
    "date": "15.02.07",
    "rating": "10",
    "author": "stem****",
    "review_id": "9676994",
    "movie_id": "10165"
  },
  {
    "review": "지금 봐도 볼거리가 넘쳐난다. 무엇보다도 영화 도입부의 스키점프는 지금봐도 전율이 흐른다.",
    "date": "14.10.08",
    "rating": "10",
    "author": "kimd****",
    "review_id": "9274916",
    "movie_id": "10165"
  },
  {
    "review": "아직도 조연 죠스의 강철이빨이 생각난다.  오락영화로써 최고",
    "date": "14.10.01",
    "rating": "8",
    "author": "adiv****",
    "review_id": "9252940",
    "movie_id": "10165"
  },
  {
    "review": "와우  최고다 진짜  옛날  영화가  재밌긴 하구나  ㅋ",
    "date": "14.06.08",
    "rating": "10",
    "author": "guan****",
    "review_id": "8812579",
    "movie_id": "10165"
  },
  {
    "review": "10편까지의 007 시리즈 중 가장 낫다",
    "date": "14.04.02",
    "rating": "8",
    "author": "ykdi****",
    "review_id": "8624311",
    "movie_id": "10165"
  },
  {
    "review": "007중 최고다. OST도 최고였다. 내 최고의 007영화로 기억에 남는다",
    "date": "14.01.30",
    "rating": "10",
    "author": "sgs3****",
    "review_id": "8451741",
    "movie_id": "10165"
  },
  {
    "review": "진짜 미쳐버리게 재미있게 잘즐겨 봤다 최고네 ㅎㅎ",
    "date": "14.01.25",
    "rating": "10",
    "author": "yyho****",
    "review_id": "8424530",
    "movie_id": "10165"
  },
  {
    "review": "정말 소름끼치는 영화다!!!",
    "date": "14.01.19",
    "rating": "10",
    "author": "ske4****",
    "review_id": "8398847",
    "movie_id": "10165"
  },
  {
    "review": "그야말로 007영화다운 007영화.",
    "date": "13.12.02",
    "rating": "9",
    "author": "hack****",
    "review_id": "8184281",
    "movie_id": "10165"
  },
  {
    "review": "죠스 네버다이 로저무어 멋있고 본드걸 섹시하고",
    "date": "13.10.26",
    "rating": "10",
    "author": "buti****",
    "review_id": "8090132",
    "movie_id": "10165"
  },
  {
    "review": "007시리즈 좋아하게된 영화!!",
    "date": "13.08.26",
    "rating": "10",
    "author": "kyle****",
    "review_id": "7923383",
    "movie_id": "10165"
  },
  {
    "review": "역대 시리즈들 중,최고! 흥행과 완성도 모두를 잡은,제임스 본드 역사상 빼놓을수 없는 바로 그 영화! 한 몫을 당당히 한 죠스의 출현! 오프닝 스키낙하씬과 자동차 잠수씬은 감동의 도가니 ㅠ.ㅠ 잠수함과 전쟁영화까지 총출동~ 스케일까지 완벽!",
    "date": "13.01.29",
    "rating": "10",
    "author": "fuck****",
    "review_id": "7191769",
    "movie_id": "10165"
  },
  {
    "review": "ㄷㄷ",
    "date": "13.01.12",
    "rating": "10",
    "author": "chan****",
    "review_id": "7107176",
    "movie_id": "10165"
  },
  {
    "review": "볼거리 풍부 오락영화로썬 최고 촌스럽지 않다",
    "date": "13.01.03",
    "rating": "9",
    "author": "lc38****",
    "review_id": "7079884",
    "movie_id": "10165"
  },
  {
    "review": "ddd",
    "date": "12.11.27",
    "rating": "9",
    "author": "dhwl****",
    "review_id": "6929705",
    "movie_id": "10165"
  },
  {
    "review": "굿굿굿!",
    "date": "12.10.25",
    "rating": "10",
    "author": "ghkd****",
    "review_id": "6824894",
    "movie_id": "10165"
  },
  {
    "review": "good",
    "date": "12.10.14",
    "rating": "10",
    "author": "cjsw****",
    "review_id": "6801638",
    "movie_id": "10165"
  },
  {
    "review": "유어아이즈온리와 더불어 한국에서 가장 유명한 007시리즈라고 생각되네요....",
    "date": "12.09.24",
    "rating": "10",
    "author": "eart****",
    "review_id": "6728637",
    "movie_id": "10165"
  },
  {
    "review": "007영화중 최고가 아닐까싶다.정말 미치게 재밌슴",
    "date": "12.09.24",
    "rating": "10",
    "author": "gori****",
    "review_id": "6728210",
    "movie_id": "10165"
  },
  {
    "review": "유어 아이즈 온리는 주제곡때문이었지만.. 당시 007 주제로서는 파격적인 적국 스파이와의 사랑?? 현실에서는 어림없었지만.. 영화에서라도 냉전이 끝나길 바랬던 루이스길버트 감독의 바람.. 문젠 서방의 일방적 승리하의 평화니깐 문제였지..ㅋㅋ",
    "date": "12.09.20",
    "rating": "9",
    "author": "spar****",
    "review_id": "6714874",
    "movie_id": "10165"
  },
  {
    "review": "중학생인 내가봐도 볼만하다ㅋㅋ77년 영화맞나???",
    "date": "12.08.26",
    "rating": "10",
    "author": "balh****",
    "review_id": "6644370",
    "movie_id": "10165"
  },
  {
    "review": "다채로운 액션과 무기. 스토리와 인물 관계도 약간 변화를 주어 새로움",
    "date": "12.08.23",
    "rating": "7",
    "author": "hell****",
    "review_id": "6637633",
    "movie_id": "10165"
  },
  {
    "review": "어릴적 극장에서 볼때도, 학교다닐때 텔레비젼에서 해줄때도 언제나 나를 행복하게 해줬던 영화.",
    "date": "12.07.14",
    "rating": "10",
    "author": "chap****",
    "review_id": "6479375",
    "movie_id": "10165"
  },
  {
    "review": "Positive mental attitude... Touche!",
    "date": "12.03.12",
    "rating": "5",
    "author": "bbq2****",
    "review_id": "6139514",
    "movie_id": "10165"
  },
  {
    "review": "77년에 이런 추격신과 액션식이라니!!! 요즘 영화와 비교해도 OOO 않네^^",
    "date": "12.03.08",
    "rating": "9",
    "author": "tran****",
    "review_id": "6131108",
    "movie_id": "10165"
  },
  {
    "review": "지금봐도 꿀리지 않는 최고의 명작임 007시리즈중 최고작.당시에 정말 재미있게봤다.",
    "date": "12.01.02",
    "rating": "10",
    "author": "ukal****",
    "review_id": "5953832",
    "movie_id": "10165"
  },
  {
    "review": "죠스의 활약",
    "date": "11.09.20",
    "rating": "7",
    "author": "reno****",
    "review_id": "5742993",
    "movie_id": "10165"
  },
  {
    "review": "007시리즈중 제일유명한 제목이 아닐지..",
    "date": "11.04.13",
    "rating": "9",
    "author": "mais****",
    "review_id": "5370649",
    "movie_id": "10165"
  },
  {
    "review": "죠스 혐오스러웠음. 뭔가 허우적대고..",
    "date": "11.02.10",
    "rating": "6",
    "author": "road****",
    "review_id": "5232876",
    "movie_id": "10165"
  },
  {
    "review": "007 중 음악은 이 영화가 최고, 전체적으로는 뷰 투 어 킬이 최고다",
    "date": "11.01.30",
    "rating": "9",
    "author": "1992****",
    "review_id": "5196144",
    "movie_id": "10165"
  },
  {
    "review": "The Spy Who Loved Me",
    "date": "10.12.18",
    "rating": "8",
    "author": "kos4****",
    "review_id": "5063335",
    "movie_id": "10165"
  },
  {
    "review": "007 시리즈중에서 스파이의 폭탄파괴장면까지는 가희 최고였다. 그이후론 1점.",
    "date": "10.11.02",
    "rating": "7",
    "author": "dnst****",
    "review_id": "4935258",
    "movie_id": "10165"
  },
  {
    "review": "과유불급.",
    "date": "10.08.15",
    "rating": "5",
    "author": "tori****",
    "review_id": "4748958",
    "movie_id": "10165"
  },
  {
    "review": "개인적으론 역대007중에서 로저무어가 젤맘에듬 ~~~~~~~",
    "date": "10.07.22",
    "rating": "9",
    "author": "fnsk****",
    "review_id": "4659413",
    "movie_id": "10165"
  },
  {
    "review": "최고다 로저무어만이 이런 007을 소화시킬 수 있다고 보여진다",
    "date": "10.01.05",
    "rating": "8",
    "author": "thra****",
    "review_id": "4136472",
    "movie_id": "10165"
  },
  {
    "review": "역대007영화중 가장히트한 영화-79년국내개봉 흥행1등영화 120만 명인가",
    "date": "09.12.19",
    "rating": "10",
    "author": "cad8****",
    "review_id": "4056125",
    "movie_id": "10165"
  },
  {
    "review": "조스라는 최고의 조커와 함께 SF 액션이 돋보이는 로저 무어식 007 의 절정.",
    "date": "09.11.01",
    "rating": "9",
    "author": "rush****",
    "review_id": "3928550",
    "movie_id": "10165"
  },
  {
    "review": "007시리즈중 가장유명한영화로저무어의출세작(아카데미상도 수상햇죠)",
    "date": "09.07.12",
    "rating": "10",
    "author": "cad0****",
    "review_id": "3628116",
    "movie_id": "10165"
  },
  {
    "review": "70년대 영화치고 아직도 리얼하네",
    "date": "09.03.11",
    "rating": "10",
    "author": "sest****",
    "review_id": "3360299",
    "movie_id": "10165"
  },
  {
    "review": "히로인 굿, 죠스의 등장!",
    "date": "09.03.05",
    "rating": "10",
    "author": "terr****",
    "review_id": "3348735",
    "movie_id": "10165"
  },
  {
    "review": "본드 시리즈 황홀한 절정의 순간.. 대형 스크린으로 경험한 사람은 공감할수 있을듯..",
    "date": "08.11.17",
    "rating": "10",
    "author": "moon****",
    "review_id": "3056526",
    "movie_id": "10165"
  },
  {
    "review": "미치광이 환경주의자의 스펙터클한 테러 / 오프닝씬은 여전히 화려 전투씬은조잡",
    "date": "08.11.03",
    "rating": "9",
    "author": "dma9****",
    "review_id": "3032721",
    "movie_id": "10165"
  },
  {
    "review": "007의 완벽부활* 스펙터를 능가하는 거대악당과 괴물등장.이집트.볼거리충만",
    "date": "08.11.03",
    "rating": "10",
    "author": "sr82****",
    "review_id": "3032700",
    "movie_id": "10165"
  },
  {
    "review": "물속을 다니는 멋진 자동차가 강렬하게 남네...",
    "date": "08.07.04",
    "rating": "6",
    "author": "izzo****",
    "review_id": "2739991",
    "movie_id": "10165"
  },
  {
    "review": "로저가 본드로 확실히 자리매김했다 그리고 그유명한 죠스의 등장! 굿!",
    "date": "08.06.11",
    "rating": "6",
    "author": "si2p****",
    "review_id": "2692748",
    "movie_id": "10165"
  },
  {
    "review": "007시리즈 중에서는 하위급이라고 말하고 싶은..ㅋㅋ본드걸도 못생겼고",
    "date": "08.05.20",
    "rating": "6",
    "author": "lsn3****",
    "review_id": "2653274",
    "movie_id": "10165"
  },
  {
    "review": "007영화중에선 이 영화가 최고 걸작이다",
    "date": "07.09.15",
    "rating": "10",
    "author": "baks****",
    "review_id": "2021237",
    "movie_id": "10165"
  },
  {
    "review": "10탄까지 나온 작품 중 최고의 작품 로저무어의 매력이 넘친다",
    "date": "07.05.15",
    "rating": "9",
    "author": "deff****",
    "review_id": "1640031",
    "movie_id": "10165"
  },
  {
    "review": "언리미티드 다음으로 재밌다",
    "date": "07.02.02",
    "rating": "8",
    "author": "asun****",
    "review_id": "1437420",
    "movie_id": "10165"
  },
  {
    "review": "최고의007 이죠,10탄 나를사랑한스파이",
    "date": "06.12.25",
    "rating": "10",
    "author": "1995****",
    "review_id": "1327874",
    "movie_id": "10165"
  },
  {
    "review": "나름 재미있네...",
    "date": "06.12.11",
    "rating": "8",
    "author": "clou****",
    "review_id": "1283388",
    "movie_id": "10165"
  },
  {
    "review": "007시리즈 중 최고!!! 하지만 오프닝의 액션이 좀 약하다.",
    "date": "06.10.31",
    "rating": "9",
    "author": "ilov****",
    "review_id": "1209456",
    "movie_id": "10165"
  },
  {
    "review": "기대만큼의 재미는 주지 못했던것 같지만 역시 대작~!",
    "date": "06.08.23",
    "rating": "8",
    "author": "8901****",
    "review_id": "1070245",
    "movie_id": "10165"
  },
  {
    "review": "로저무어 최고작",
    "date": "06.08.16",
    "rating": "10",
    "author": "zeed****",
    "review_id": "1038219",
    "movie_id": "10165"
  },
  {
    "review": "007 t시리즈중 최고였다!!",
    "date": "06.07.24",
    "rating": "10",
    "author": "diab****",
    "review_id": "920111",
    "movie_id": "10165"
  },
  {
    "review": "로저무어007의 최고작",
    "date": "06.07.24",
    "rating": "10",
    "author": "reki****",
    "review_id": "918360",
    "movie_id": "10165"
  },
  {
    "review": "첩보업무에서 적을 일망타진하는 임무까지..생활이 고달프게따",
    "date": "06.01.22",
    "rating": "10",
    "author": "shh7****",
    "review_id": "610004",
    "movie_id": "10165"
  },
  {
    "review": "멜로를 혼합한 시리즈",
    "date": "05.12.25",
    "rating": "9",
    "author": "kws7****",
    "review_id": "527014",
    "movie_id": "10165"
  },
  {
    "review": "고전 007중에 가장 많이 본것이 아마 10탄일듯..",
    "date": "05.12.07",
    "rating": "9",
    "author": "hero****",
    "review_id": "497018",
    "movie_id": "10165"
  },
  {
    "review": "007영화중에서 명작중 하나인 007 제 10탄 나를사랑한스파이",
    "date": "05.07.03",
    "rating": "10",
    "author": "ansd****",
    "review_id": "311936",
    "movie_id": "10165"
  },
  {
    "review": "그의 매력만으로도 충분히 빛날 영화",
    "date": "05.05.19",
    "rating": "9",
    "author": "dbsw****",
    "review_id": "280576",
    "movie_id": "10165"
  },
  {
    "review": "007의 적들중 하나 죠스의 매력만으로도!!!",
    "date": "05.05.04",
    "rating": "9",
    "author": "jcr3****",
    "review_id": "270968",
    "movie_id": "10165"
  },
  {
    "review": "로저 무어 작품 중 가장 좋아하는 영화.",
    "date": "05.02.17",
    "rating": "10",
    "author": "worl****",
    "review_id": "222652",
    "movie_id": "10165"
  },
  {
    "review": "그 괴물 악당 죠스는 무적인가..지금도 혼자 수영할듯..ㅎㅎ",
    "date": "05.01.15",
    "rating": "6",
    "author": "penn****",
    "review_id": "186137",
    "movie_id": "10165"
  },
  {
    "review": "노바디 더즈 잇 배터~",
    "date": "04.12.30",
    "rating": "10",
    "author": "nams****",
    "review_id": "172793",
    "movie_id": "10165"
  },
  {
    "review": "내 어릴때 가족들과 이불속에 들어가서 이영화 해주던 시간이 제일 좋았다.",
    "date": "04.08.30",
    "rating": "10",
    "author": "adon****",
    "review_id": "100011",
    "movie_id": "10165"
  },
  {
    "review": "문레이커와함께젤재밌는영화네여.강추!",
    "date": "04.06.21",
    "rating": "10",
    "author": "andu****",
    "review_id": "58402",
    "movie_id": "10165"
  }
]