[
  {
    "review_id": "9825583",
    "movie_id": "101631",
    "author": "rock****",
    "review": "미친것들, 이럴거면 보지를 말던가 !",
    "rating": "10",
    "date": "15.04.04"
  },
  {
    "review_id": "9796087",
    "movie_id": "101631",
    "author": "xoop****",
    "review": "0.3점은 없나요? 스토리가 연결이 안됨. 주인공이 후지게 생김. 주연 조연 다 연기 개판임. 액션이 삼류임.  한마디로 표현해줄께  \"쿵후 우뢰매\" 주인공은 2014년 현재기준 심형래",
    "rating": "1",
    "date": "15.03.21"
  },
  {
    "review_id": "9790143",
    "movie_id": "101631",
    "author": "yeos****",
    "review": "병맛ㅋㅋ무술도 후지고 연기도 후지고ㅋㅋ무료라서 보는데, 보면서 이거 한 이OO쯤 전에 개봉한거냐고 찾다가 올해 개봉한거라 개깜놀무슨배짱으로 개봉한거냐 이건ㅋㅋ중국은 인구가 많아서 낚이기만 해도 중박인건가....",
    "rating": "2",
    "date": "15.03.17"
  },
  {
    "review_id": "9727460",
    "movie_id": "101631",
    "author": "will****",
    "review": "30년 살아오면서 봤던 영화중 최악이라 자부할수있다.티비로 4500원 결제하고 본걸 아버지랑 나는 목놓아 후회하고있다. 내용은 상관없이 액션만 좋아하는 사람들에게도 비추다. 액션또한 허접하다. 그냥 조금 스케일커진 단편영화 느낌이랄까..",
    "rating": "1",
    "date": "15.02.22"
  },
  {
    "review_id": "9671063",
    "movie_id": "101631",
    "author": "3rai****",
    "review": "돈이 아깝다.괜히돈주고봤네.스릴도없고 무료영화나볼껄..",
    "rating": "1",
    "date": "15.02.06"
  },
  {
    "review_id": "9615931",
    "movie_id": "101631",
    "author": "astr****",
    "review": "음..상업영화라기 보단..런타임 긴 다큐에 가깝다고 해야할런지.. 조연 및 엑스트라분들의 연기의 어색함에 더불어 스토리 전개가 마치.. 프레젠테이션 발표같다고 해야 할까요.. 근래 견자단의 화려한 액션에 익숙하신분들은 다소 실망하실 수 있습니다.",
    "rating": "4",
    "date": "15.01.20"
  },
  {
    "review_id": "9603127",
    "movie_id": "101631",
    "author": "didr****",
    "review": "하아..요즘시대에 이렇게 영화를 어설프게만들다니.. 킬링타임도아니고 재미도 감동도 없습니다..보면 후회하실거에요ㅠ",
    "rating": "1",
    "date": "15.01.17"
  },
  {
    "review_id": "9589432",
    "movie_id": "101631",
    "author": "sisk****",
    "review": "심심해서 봤더니 내용은 뻔한데 생각보다 액션이 제대로네; 박진감 넘치게 싸움. 옛날 성룡영화 보는 느낌",
    "rating": "9",
    "date": "15.01.13"
  },
  {
    "review_id": "9588942",
    "movie_id": "101631",
    "author": "heyb****",
    "review": "볼까말까...  어때요",
    "rating": "10",
    "date": "15.01.13"
  },
  {
    "review_id": "9581876",
    "movie_id": "101631",
    "author": "chae****",
    "review": "영화를 보면서도 이걸 끝까지 봐야하나 생각이 들정도의 영화!",
    "rating": "2",
    "date": "15.01.10"
  },
  {
    "review_id": "9581473",
    "movie_id": "101631",
    "author": "wnsr****",
    "review": "평점이 없어서 못보겠다",
    "rating": "10",
    "date": "15.01.10"
  }
]