[
  {
    "review": "중국인들도 나오네 보트씬인상적이네요",
    "date": "15.03.21",
    "rating": "10",
    "author": "dnjs****",
    "review_id": "9796369",
    "movie_id": "10163"
  },
  {
    "review": "부두교 믿는 흑형들을 퇴치하는 영국신사 제임스 본드!",
    "date": "14.12.24",
    "rating": "8",
    "author": "pont****",
    "review_id": "9505741",
    "movie_id": "10163"
  },
  {
    "review": "숀 코네리의 시대는 끝나고 본격적인 로져무어 시대가 열림.",
    "date": "14.09.27",
    "rating": "8",
    "author": "adiv****",
    "review_id": "9243191",
    "movie_id": "10163"
  },
  {
    "review": "어설픈 액션에 어거지 줄거리",
    "date": "14.03.31",
    "rating": "6",
    "author": "ykdi****",
    "review_id": "8620881",
    "movie_id": "10163"
  },
  {
    "review": "정말 소름끼치는 영화!!!",
    "date": "14.01.19",
    "rating": "10",
    "author": "ske4****",
    "review_id": "8398843",
    "movie_id": "10163"
  },
  {
    "review": "모터보트 횡단 기록이 기네스북에 올랐다는 사실.",
    "date": "13.08.27",
    "rating": "10",
    "author": "kimd****",
    "review_id": "7927039",
    "movie_id": "10163"
  },
  {
    "review": "흑형 웃음소리 아직 생생하다",
    "date": "13.02.01",
    "rating": "8",
    "author": "owne****",
    "review_id": "7208370",
    "movie_id": "10163"
  },
  {
    "review": "역시 제임스본드 = 로저무어..부제목은 007 흑인..007 부두교 ㅋㅋㅋ 폴매카트니 주제가 굿..카드점 보는 본드걸도 이쁨..뉴올리안즈 흑인 장례행렬 개웃김..중독성 ㅋㅋ 악어도 실컷 볼수있음..무쇠팔 악당도 굿..남부사투리보안관도 웃김 ㅋㅋ",
    "date": "13.01.31",
    "rating": "10",
    "author": "fuck****",
    "review_id": "7203516",
    "movie_id": "10163"
  },
  {
    "review": "007 모두 약간 뭐가 부족한 느낌",
    "date": "12.12.16",
    "rating": "8",
    "author": "buti****",
    "review_id": "7009605",
    "movie_id": "10163"
  },
  {
    "review": "50주년 블루레이 사기 전에는 로저무어가 어떨지 생각도 못 해 봤는데, 막상 봐보니 꽤 잘 어울립니다.무언가 더 꽉 찬 느낌이 드는건  저뿐일까요?",
    "date": "12.10.31",
    "rating": "8",
    "author": "hanp****",
    "review_id": "6838648",
    "movie_id": "10163"
  },
  {
    "review": "007 스러운 산만한 여기저기 액션. 보트신은 좀 너무 길었어",
    "date": "12.06.29",
    "rating": "6",
    "author": "hell****",
    "review_id": "6427435",
    "movie_id": "10163"
  },
  {
    "review": "이 영화 옛날에 비디오 빌려서 보았는데, 정말 인상적이고 흥미진진하더라고요.",
    "date": "12.05.07",
    "rating": "10",
    "author": "suye****",
    "review_id": "6281012",
    "movie_id": "10163"
  },
  {
    "review": "제임스 본드만의 매력 발산에 모자라는 로저 무어",
    "date": "12.03.12",
    "rating": "5",
    "author": "bbq2****",
    "review_id": "6139449",
    "movie_id": "10163"
  },
  {
    "review": "기본은 하는 007 아름다운 미녀와 함께라면...",
    "date": "12.01.31",
    "rating": "7",
    "author": "thra****",
    "review_id": "6038409",
    "movie_id": "10163"
  },
  {
    "review": "조금씩 헐리웃식으로 버라이어티 되어가는 007",
    "date": "11.09.20",
    "rating": "7",
    "author": "reno****",
    "review_id": "5742987",
    "movie_id": "10163"
  },
  {
    "review": "긴장감 넘치는 연출. 이전 본드와 이후 선보일 본드스타일이 제대로 절충된 영화.",
    "date": "11.07.14",
    "rating": "9",
    "author": "wooj****",
    "review_id": "5543453",
    "movie_id": "10163"
  },
  {
    "review": "007로서 가장 마음에 드는 로저무어의 등장",
    "date": "11.04.14",
    "rating": "8",
    "author": "mais****",
    "review_id": "5372413",
    "movie_id": "10163"
  },
  {
    "review": "너무 재미없어ㅋㅋㅋㅋㅋㅋㅋㅋㅋ세상에나..",
    "date": "11.02.09",
    "rating": "4",
    "author": "road****",
    "review_id": "5229894",
    "movie_id": "10163"
  },
  {
    "review": "첩보를 기대한다면 주소가 틀렸다.",
    "date": "10.08.13",
    "rating": "7",
    "author": "tori****",
    "review_id": "4740462",
    "movie_id": "10163"
  },
  {
    "review": "ㅋㅋ 007 영원하라~",
    "date": "09.02.28",
    "rating": "10",
    "author": "terr****",
    "review_id": "3339551",
    "movie_id": "10163"
  },
  {
    "review": "로저무어는 이때가 최고로 아름다웠다.. 이 영화를 버릴수 없는 이유..",
    "date": "08.11.17",
    "rating": "7",
    "author": "moon****",
    "review_id": "3056418",
    "movie_id": "10163"
  },
  {
    "review": "미국경찰보안관과 막판 흑인풍선때문에 그나마 봐준다* 참으로 비주류007스런 007영화",
    "date": "08.10.21",
    "rating": "6",
    "author": "dma9****",
    "review_id": "3011252",
    "movie_id": "10163"
  },
  {
    "review": "7편까지봤다면 선뜻 받아들이기힘들다*007역대 최악의멍청한 흑인집단에 점쟁이본드걸",
    "date": "08.10.19",
    "rating": "6",
    "author": "sr82****",
    "review_id": "3009170",
    "movie_id": "10163"
  },
  {
    "review": "이제 로저무어시대를 알리는 작품 나쁘지 않다",
    "date": "08.06.10",
    "rating": "6",
    "author": "si2p****",
    "review_id": "2691675",
    "movie_id": "10163"
  },
  {
    "review": "악당은 죄다 흑인이네. 보트씬에 너무 많은 심혈을...",
    "date": "08.03.05",
    "rating": "5",
    "author": "izzo****",
    "review_id": "2504909",
    "movie_id": "10163"
  },
  {
    "review": "지루함이 없어지고 액션씬이 많이 늘었다...",
    "date": "08.02.13",
    "rating": "8",
    "author": "hide****",
    "review_id": "2440642",
    "movie_id": "10163"
  },
  {
    "review": "본드 걸 넘 귀여워..",
    "date": "07.12.22",
    "rating": "7",
    "author": "clou****",
    "review_id": "2254721",
    "movie_id": "10163"
  },
  {
    "review": "로저무어의 화려한 등장을 알리는 작품..",
    "date": "07.05.15",
    "rating": "7",
    "author": "deff****",
    "review_id": "1640000",
    "movie_id": "10163"
  },
  {
    "review": "너무 미국적으로 변해버린 007",
    "date": "07.04.25",
    "rating": "6",
    "author": "okyk****",
    "review_id": "1605493",
    "movie_id": "10163"
  },
  {
    "review": "본드걸중 가장 순수했던것 같네",
    "date": "07.02.02",
    "rating": "6",
    "author": "asun****",
    "review_id": "1437401",
    "movie_id": "10163"
  },
  {
    "review": "007의 시들지 않은 재미를 선사한다",
    "date": "06.08.26",
    "rating": "6",
    "author": "okjo****",
    "review_id": "1079363",
    "movie_id": "10163"
  },
  {
    "review": "이 영화로 한동안 부두교에 대해 빠져있었지 ㅋㅋ",
    "date": "06.08.23",
    "rating": "9",
    "author": "8901****",
    "review_id": "1070253",
    "movie_id": "10163"
  },
  {
    "review": "로저무어의 등장이나 밋밋한 작품",
    "date": "06.07.24",
    "rating": "8",
    "author": "reki****",
    "review_id": "918354",
    "movie_id": "10163"
  },
  {
    "review": "스토리가 보면 부두교하고 관련이 깊어보인다!",
    "date": "06.06.19",
    "rating": "8",
    "author": "risk****",
    "review_id": "850109",
    "movie_id": "10163"
  },
  {
    "review": "햄릿인가. 죽느냐 사느냐 고민하게",
    "date": "06.02.18",
    "rating": "10",
    "author": "shh7****",
    "review_id": "677880",
    "movie_id": "10163"
  },
  {
    "review": "너무나 재미가 있다.....",
    "date": "05.12.30",
    "rating": "10",
    "author": "rlar****",
    "review_id": "542869",
    "movie_id": "10163"
  },
  {
    "review": "로저무어의 매력이 돋보이는 작품",
    "date": "05.12.25",
    "rating": "10",
    "author": "kws7****",
    "review_id": "527012",
    "movie_id": "10163"
  },
  {
    "review": "007시리즈중에 가장 인상깊었던 로저무어",
    "date": "05.12.07",
    "rating": "8",
    "author": "hero****",
    "review_id": "497015",
    "movie_id": "10163"
  },
  {
    "review": "로저무어의 등장. 최고의 매력의 007이 등장한 작품!!",
    "date": "05.07.24",
    "rating": "10",
    "author": "ansd****",
    "review_id": "332415",
    "movie_id": "10163"
  },
  {
    "review": "느낌상 반은 보트 추격신 같네.지루혀.-_-",
    "date": "05.07.11",
    "rating": "3",
    "author": "penn****",
    "review_id": "318999",
    "movie_id": "10163"
  },
  {
    "review": "감히 최고라고 말하는 로저무어의 007!",
    "date": "05.05.26",
    "rating": "8",
    "author": "dbsw****",
    "review_id": "286408",
    "movie_id": "10163"
  },
  {
    "review": "영원한 우상 로저 무어, 언제나 멋지다.",
    "date": "05.05.04",
    "rating": "7",
    "author": "jcr3****",
    "review_id": "270960",
    "movie_id": "10163"
  },
  {
    "review": "본드의 부드러운 면을 느낄 수 있는 영화.",
    "date": "05.02.17",
    "rating": "9",
    "author": "worl****",
    "review_id": "222650",
    "movie_id": "10163"
  },
  {
    "review": "폴 메카트니의 주제곡만 기억이 남는 영화",
    "date": "04.12.30",
    "rating": "7",
    "author": "nams****",
    "review_id": "173318",
    "movie_id": "10163"
  },
  {
    "review": "내 어릴때 가족들과 이불속에 들어가서 이영화 해주던 시간이 제일 좋았다.",
    "date": "04.08.30",
    "rating": "10",
    "author": "adon****",
    "review_id": "100009",
    "movie_id": "10163"
  }
]