[
  {
    "review": "달턴은 좀 경직된 인상. 오스트리아에 가 보고 싶다.",
    "date": "15.06.04",
    "rating": "7",
    "author": "pont****",
    "review_id": "9973503",
    "movie_id": "10171"
  },
  {
    "review": "샤로운007하지만 비행기씬은매력있네",
    "date": "15.03.27",
    "rating": "10",
    "author": "dnjs****",
    "review_id": "9808877",
    "movie_id": "10171"
  },
  {
    "review": "007 시리즈 영화들중에서 가장 재미있게 봤던 영화.",
    "date": "14.12.18",
    "rating": "10",
    "author": "i971****",
    "review_id": "9485015",
    "movie_id": "10171"
  },
  {
    "review": "완성도는 점점 개선되고 있음",
    "date": "14.11.30",
    "rating": "7",
    "author": "ykdi****",
    "review_id": "9437007",
    "movie_id": "10171"
  },
  {
    "review": "티모시 만의 새로운 매력으로 여전히 재미있다.",
    "date": "14.10.10",
    "rating": "8",
    "author": "adiv****",
    "review_id": "9279831",
    "movie_id": "10171"
  },
  {
    "review": "007시리즈 중 최고라고 생각...5번도 넘게 봤지만 다른 시리즈에서 느낄수 없는 스펙타클함과 멋진음악 그리고 개인적으로 최고의 제임스 본드라고 생각하는 티모시 달튼...나만의 최고의 영화",
    "date": "14.03.16",
    "rating": "9",
    "author": "thra****",
    "review_id": "8581851",
    "movie_id": "10171"
  },
  {
    "review": "내가 지금까지 본 007시리즈들 중 가장 재미있게 본 시리즈중 하나.^^ 23탄 스카이폴, 21탄 카지노로얄, 19탄 언리미티드, 13탄 옥토퍼시, 네버세이네버어게인, 11탄 문레이커, 6탄 여왕폐하대작전, 그리고 15탄인 이영화가 가장 마음에들음.",
    "date": "14.02.02",
    "rating": "9",
    "author": "kyun****",
    "review_id": "8467630",
    "movie_id": "10171"
  },
  {
    "review": "믿고보는 007시리즈!!!",
    "date": "14.01.27",
    "rating": "10",
    "author": "ske4****",
    "review_id": "8435315",
    "movie_id": "10171"
  },
  {
    "review": "로저무어에 비해 임팩트가 딸리는 달튼..007 아프가니스탄 특집..모로코 특집..아하는 노르웨이 그룹인데 왠일로~ 본드걸..내 취향은 아니라 실망..",
    "date": "13.07.21",
    "rating": "10",
    "author": "fuck****",
    "review_id": "7769998",
    "movie_id": "10171"
  },
  {
    "review": "부드러운 본드, 다이나믹한 전개, 약간 어색한 본드걸",
    "date": "13.04.30",
    "rating": "6",
    "author": "hell****",
    "review_id": "7495785",
    "movie_id": "10171"
  },
  {
    "review": "저평가된 007",
    "date": "13.03.02",
    "rating": "9",
    "author": "koh6****",
    "review_id": "7317849",
    "movie_id": "10171"
  },
  {
    "review": "dz",
    "date": "12.11.27",
    "rating": "8",
    "author": "dhwl****",
    "review_id": "6929708",
    "movie_id": "10171"
  },
  {
    "review": "007",
    "date": "12.11.11",
    "rating": "7",
    "author": "ddre****",
    "review_id": "6878486",
    "movie_id": "10171"
  },
  {
    "review": "004",
    "date": "12.10.31",
    "rating": "4",
    "author": "bbq2****",
    "review_id": "6837638",
    "movie_id": "10171"
  },
  {
    "review": "단연 역대 최고의 007 로저 무어와는 다른 정말 전형적인 007을 보여주었다",
    "date": "12.10.09",
    "rating": "10",
    "author": "kjw4****",
    "review_id": "6775202",
    "movie_id": "10171"
  },
  {
    "review": "매번 또 볼 때마다 항상 다른 느낌을 받는 수작 중 수작~! 당시 OST 테이프를 살 정도로 푸욱 빠져 살았다.. 지금 봐도 수준급~!! 갠적으론 007 제임스 본드는 티모티 달튼이 쵝오라 생각!",
    "date": "12.09.19",
    "rating": "10",
    "author": "spar****",
    "review_id": "6712174",
    "movie_id": "10171"
  },
  {
    "review": "차밑이 썩었나봐. 007영화중에서 가장 재밌는 장면이 많이 나온것 같다. 007시리즈 중에서 가장 007답고 즐거운 영화",
    "date": "12.09.01",
    "rating": "9",
    "author": "cjc9****",
    "review_id": "6660713",
    "movie_id": "10171"
  },
  {
    "review": "재미있었음.",
    "date": "12.07.01",
    "rating": "10",
    "author": "tkk4****",
    "review_id": "6435749",
    "movie_id": "10171"
  },
  {
    "review": "좋음",
    "date": "12.06.17",
    "rating": "10",
    "author": "hart****",
    "review_id": "6398285",
    "movie_id": "10171"
  },
  {
    "review": "여배우가 이쁘군",
    "date": "12.06.02",
    "rating": "1",
    "author": "mool****",
    "review_id": "6356390",
    "movie_id": "10171"
  },
  {
    "review": "포스터가 맘에든다",
    "date": "11.11.07",
    "rating": "9",
    "author": "ghkd****",
    "review_id": "5835354",
    "movie_id": "10171"
  },
  {
    "review": "무난한 007",
    "date": "11.09.20",
    "rating": "6",
    "author": "reno****",
    "review_id": "5742958",
    "movie_id": "10171"
  },
  {
    "review": "비행기랑 정면 충돌하고도 안죽는인간은 뭐야",
    "date": "11.09.08",
    "rating": "7",
    "author": "dbzh****",
    "review_id": "5715805",
    "movie_id": "10171"
  },
  {
    "review": "달튼의 연기도 좋았고 전체적으로 영화 자체도 훌륭하다.",
    "date": "11.07.24",
    "rating": "9",
    "author": "wooj****",
    "review_id": "5566172",
    "movie_id": "10171"
  },
  {
    "review": "A-Ha의 노래도 좋았던..",
    "date": "11.04.09",
    "rating": "8",
    "author": "mais****",
    "review_id": "5362760",
    "movie_id": "10171"
  },
  {
    "review": "스케일도 크고 스토리 전개도 마음에 들고.개인적으로 가장 마음에 듬.티모시 달튼 짱",
    "date": "11.03.07",
    "rating": "10",
    "author": "kang****",
    "review_id": "5298113",
    "movie_id": "10171"
  },
  {
    "review": "티모시 달튼 잘생겼다...........",
    "date": "11.02.23",
    "rating": "7",
    "author": "road****",
    "review_id": "5269015",
    "movie_id": "10171"
  },
  {
    "review": "이게 007중에서 잴 재밌다..배우들도 멋있고,이쁘다. 스토리 액션 굿!",
    "date": "10.12.31",
    "rating": "10",
    "author": "unif****",
    "review_id": "5107236",
    "movie_id": "10171"
  },
  {
    "review": "근사한 전반부, 암담한 후반부.",
    "date": "10.08.19",
    "rating": "5",
    "author": "tori****",
    "review_id": "4764581",
    "movie_id": "10171"
  },
  {
    "review": "스케일크고 긴장감 있다 배경때문인지 인디아나존스가 생각난다.",
    "date": "10.07.16",
    "rating": "8",
    "author": "bark****",
    "review_id": "4644493",
    "movie_id": "10171"
  },
  {
    "review": "본인은 이 영화에 대해 기대에 못미치는 작품이라는 반응을 나타내었다",
    "date": "10.04.23",
    "rating": "5",
    "author": "spar****",
    "review_id": "4450548",
    "movie_id": "10171"
  },
  {
    "review": "역시 가장 혹평받는 시리즈라고 하던데, 나는 이게 가장 기억에 남더라. 본드걸도 굿",
    "date": "10.03.06",
    "rating": "10",
    "author": "sada****",
    "review_id": "4337563",
    "movie_id": "10171"
  },
  {
    "review": "시리즈다봤는데 카지노로얄 다음으로 재밌다.",
    "date": "09.12.17",
    "rating": "9",
    "author": "yjym****",
    "review_id": "4049924",
    "movie_id": "10171"
  },
  {
    "review": "재밌다",
    "date": "09.11.27",
    "rating": "8",
    "author": "lkbk****",
    "review_id": "3995669",
    "movie_id": "10171"
  },
  {
    "review": "롤러코스터 같은 면이 많지만 무기사용, 유머, 사랑 등 007 특유의 재미가 충만하다.",
    "date": "09.10.19",
    "rating": "9",
    "author": "rush****",
    "review_id": "3902034",
    "movie_id": "10171"
  },
  {
    "review": "첼리스트의 머릿결은 끝내줘요...",
    "date": "09.10.14",
    "rating": "10",
    "author": "moon****",
    "review_id": "3891625",
    "movie_id": "10171"
  },
  {
    "review": "로저무어의 그늘에 가려 빛을보지 못했다,,티모시달턴 그루나 연기는성실했음",
    "date": "09.09.07",
    "rating": "6",
    "author": "cad0****",
    "review_id": "3816672",
    "movie_id": "10171"
  },
  {
    "review": "조금 연기가 미흡하긴 했으나 첩보 어드벤쳐 두마리토끼를 잡았다.",
    "date": "09.07.24",
    "rating": "9",
    "author": "nex7****",
    "review_id": "3662696",
    "movie_id": "10171"
  },
  {
    "review": "최고. 뒷부분으로 갈수록 살짝 지루해지긴했지만.",
    "date": "08.12.06",
    "rating": "10",
    "author": "his_****",
    "review_id": "3095192",
    "movie_id": "10171"
  },
  {
    "review": "너무 광범위하고 정리가 안된다*액션도 쓸데없이 많고 총질은 또 왜이렇게..",
    "date": "08.11.30",
    "rating": "5",
    "author": "sr82****",
    "review_id": "3083170",
    "movie_id": "10171"
  },
  {
    "review": "달튼이 좀만 빨리 맡았더라면.. 시리즈 퀄러티도 높아지고 그도 롱런했을텐데..",
    "date": "08.11.23",
    "rating": "8",
    "author": "moon****",
    "review_id": "3067093",
    "movie_id": "10171"
  },
  {
    "review": "버터냄새가 나는 티모시의 나쁘지 않은 본드 데뷔작",
    "date": "08.06.12",
    "rating": "6",
    "author": "si2p****",
    "review_id": "2694287",
    "movie_id": "10171"
  },
  {
    "review": "전개가 노너무 빠른듯...",
    "date": "08.05.11",
    "rating": "7",
    "author": "issu****",
    "review_id": "2633008",
    "movie_id": "10171"
  },
  {
    "review": "와 이것도 최고네 ㅎㅎ살인면허 버금가는 재미^^",
    "date": "08.03.23",
    "rating": "10",
    "author": "lsn3****",
    "review_id": "2537375",
    "movie_id": "10171"
  },
  {
    "review": "티모시달튼 생긴 것은 별로지만 액션은 굿 !!!!!!!!!!!",
    "date": "07.10.17",
    "rating": "10",
    "author": "zero****",
    "review_id": "2094378",
    "movie_id": "10171"
  },
  {
    "review": "티모시 달튼 마음에 듦",
    "date": "07.09.22",
    "rating": "10",
    "author": "hear****",
    "review_id": "2037388",
    "movie_id": "10171"
  },
  {
    "review": "확실히 훌륭하다 본드걸도 이쁘고",
    "date": "07.07.22",
    "rating": "9",
    "author": "baks****",
    "review_id": "1798898",
    "movie_id": "10171"
  },
  {
    "review": "허 이거 최고구만",
    "date": "07.06.27",
    "rating": "10",
    "author": "zeed****",
    "review_id": "1723861",
    "movie_id": "10171"
  },
  {
    "review": "어색한 본드 같은데 재미는 자신있다 액션씬 최고",
    "date": "07.05.16",
    "rating": "8",
    "author": "deff****",
    "review_id": "1641089",
    "movie_id": "10171"
  },
  {
    "review": "본드는 역시 티모시 달턴!   살인면허와 함께 최고의 007 영화",
    "date": "07.04.05",
    "rating": "10",
    "author": "pfei****",
    "review_id": "1573081",
    "movie_id": "10171"
  },
  {
    "review": "정말 재밌게 본 시리즈. 티모시 달튼이 너무 짧게 그쳐서 아쉽다",
    "date": "07.01.17",
    "rating": "10",
    "author": "jy69****",
    "review_id": "1392110",
    "movie_id": "10171"
  },
  {
    "review": "티모시 달튼도 007 배역 잘 어울리네..",
    "date": "06.12.21",
    "rating": "10",
    "author": "diab****",
    "review_id": "1311358",
    "movie_id": "10171"
  },
  {
    "review": "잼 있네요.",
    "date": "06.12.08",
    "rating": "8",
    "author": "clou****",
    "review_id": "1274522",
    "movie_id": "10171"
  },
  {
    "review": "달튼 폄하, 이해가 안됨,, 최고의 작품같다,",
    "date": "06.12.06",
    "rating": "10",
    "author": "enjo****",
    "review_id": "1270389",
    "movie_id": "10171"
  },
  {
    "review": "부드러운 007 티모시달튼..대작이다!",
    "date": "06.08.23",
    "rating": "10",
    "author": "8901****",
    "review_id": "1070233",
    "movie_id": "10171"
  },
  {
    "review": "베리굿",
    "date": "06.08.12",
    "rating": "10",
    "author": "iiov****",
    "review_id": "1010133",
    "movie_id": "10171"
  },
  {
    "review": "달튼판 007 명작",
    "date": "06.07.24",
    "rating": "10",
    "author": "reki****",
    "review_id": "918174",
    "movie_id": "10171"
  },
  {
    "review": "어울리지 않는 본드..시리즈를 좌초시키다",
    "date": "06.05.11",
    "rating": "6",
    "author": "0323****",
    "review_id": "796126",
    "movie_id": "10171"
  },
  {
    "review": "구웃~~~`````",
    "date": "06.02.18",
    "rating": "10",
    "author": "shh7****",
    "review_id": "677889",
    "movie_id": "10171"
  },
  {
    "review": "갠적으로 유어아이즈 온리와 함께 최고의 007로 추천..",
    "date": "06.01.21",
    "rating": "10",
    "author": "cana****",
    "review_id": "606913",
    "movie_id": "10171"
  },
  {
    "review": "어찌보면 인디아나존스와 닮은꼴",
    "date": "05.12.25",
    "rating": "9",
    "author": "kws7****",
    "review_id": "527023",
    "movie_id": "10171"
  },
  {
    "review": "어떻게 비슷비슷한 본드들을 잘 섭외하는지..",
    "date": "05.12.07",
    "rating": "9",
    "author": "hero****",
    "review_id": "497030",
    "movie_id": "10171"
  },
  {
    "review": "티모시 달튼의 데뷔작이자 명작. 다정다감한 매력이 인상적",
    "date": "05.07.24",
    "rating": "10",
    "author": "ansd****",
    "review_id": "332421",
    "movie_id": "10171"
  },
  {
    "review": "티모시 달튼의 매력이 대단하다. 007영화의 수작",
    "date": "05.06.16",
    "rating": "9",
    "author": "dbsw****",
    "review_id": "300513",
    "movie_id": "10171"
  },
  {
    "review": "볼거리가 가장 풍부했던 007시리즈.",
    "date": "05.05.04",
    "rating": "10",
    "author": "jcr3****",
    "review_id": "270951",
    "movie_id": "10171"
  },
  {
    "review": "그런대로 볼만 하던데..ㅎㅎ",
    "date": "05.03.25",
    "rating": "7",
    "author": "penn****",
    "review_id": "246626",
    "movie_id": "10171"
  },
  {
    "review": "난 티모시 달튼이 본드 중에서 젤 좋던데",
    "date": "05.02.23",
    "rating": "10",
    "author": "scha****",
    "review_id": "228098",
    "movie_id": "10171"
  },
  {
    "review": "티모시 달튼 데뷔작. 잘 된 영화.",
    "date": "05.02.17",
    "rating": "10",
    "author": "worl****",
    "review_id": "222657",
    "movie_id": "10171"
  },
  {
    "review": "티모시 달튼 짱!!",
    "date": "05.02.17",
    "rating": "10",
    "author": "nazi****",
    "review_id": "222318",
    "movie_id": "10171"
  },
  {
    "review": "티모시 달튼도 영 맘에 안든다~",
    "date": "04.12.30",
    "rating": "7",
    "author": "nams****",
    "review_id": "172797",
    "movie_id": "10171"
  },
  {
    "review": "007 중에 제일 잼있게 봤는데 ㅎㅎ 존나잼있음",
    "date": "04.12.06",
    "rating": "10",
    "author": "kilk****",
    "review_id": "158226",
    "movie_id": "10171"
  },
  {
    "review": "내 어릴때 가족들과 이불속에 들어가서 이영화 해주던 시간이 제일 좋았다.",
    "date": "04.08.30",
    "rating": "10",
    "author": "adon****",
    "review_id": "100017",
    "movie_id": "10171"
  },
  {
    "review": "미국 수송기에 소련식 도색을 하면 소련 수송기가 되남?",
    "date": "04.07.28",
    "rating": "6",
    "author": "klux****",
    "review_id": "78613",
    "movie_id": "10171"
  },
  {
    "review": "티모시 달튼의 인간미 넘치는 본드연기.",
    "date": "04.03.26",
    "rating": "10",
    "author": "msj1****",
    "review_id": "31562",
    "movie_id": "10171"
  }
]