[
  {
    "review": "무난무난 근데 마지막은 왜 웃기지? ㅜㅜ",
    "date": "15.07.24",
    "rating": "5",
    "author": "ehwj****",
    "review_id": "10135984",
    "movie_id": "10189"
  },
  {
    "review": "전편들에 비해 색다를 건 없지만 완성도는 높다",
    "date": "15.07.14",
    "rating": "6",
    "author": "rcan****",
    "review_id": "10102901",
    "movie_id": "10189"
  },
  {
    "review": "비로서완성된13일의금요일",
    "date": "15.02.24",
    "rating": "10",
    "author": "xx41****",
    "review_id": "9733954",
    "movie_id": "10189"
  },
  {
    "review": "극장에서 보고 집에 오는 밤길 다리가 후덜덜 거리던 기억이 ㅎ",
    "date": "14.12.10",
    "rating": "10",
    "author": "cap1****",
    "review_id": "9461702",
    "movie_id": "10189"
  },
  {
    "review": "시작할때 분명히 마지막 영화라고 해놓고는 계속해서 나오는 제이슨",
    "date": "14.09.21",
    "rating": "6",
    "author": "seri****",
    "review_id": "9230665",
    "movie_id": "10189"
  },
  {
    "review": "2편 과 3편 안봤는데 재미 있었다.",
    "date": "14.07.28",
    "rating": "10",
    "author": "pc59****",
    "review_id": "8974905",
    "movie_id": "10189"
  },
  {
    "review": "파이널 챞터. 원래 이게 마지막 편인디 후에 또 만들었네유. 여자들이 별 이유 없이 훌러덩 벗는 건 좋은디 좀 약하네유. 포스터는 드릅게 웃기네요.",
    "date": "14.02.24",
    "rating": "5",
    "author": "real****",
    "review_id": "8535261",
    "movie_id": "10189"
  },
  {
    "review": "제이슨보다 토미가 더 무서움",
    "date": "13.10.13",
    "rating": "7",
    "author": "awak****",
    "review_id": "8056947",
    "movie_id": "10189"
  },
  {
    "review": "평점왜케높냐 전편에비해 쓰레긴데",
    "date": "13.09.27",
    "rating": "2",
    "author": "wldn****",
    "review_id": "8019017",
    "movie_id": "10189"
  },
  {
    "review": "공포영화의 명작이죠....   13일의 금요일같이 무지막지하게 사람을 죽이는 영화도 잘없죠...ㅋㅋ",
    "date": "13.07.30",
    "rating": "7",
    "author": "adiv****",
    "review_id": "7800964",
    "movie_id": "10189"
  },
  {
    "review": "1. 제이슨의 캐릭터가 차곡차곡 만들어져서 무려 4편에야 와서야 완성이 됨. 여느 시리즈처럼 1편부터 완성후에 울궈먹는거랑은 다른 나름 치밀한 영화라는 생각이 든다. 여주인공 트리쉬, 사라, 사만다, 쌍둥이 자매등 하나같이 등장하는 처자들이 한 미모.",
    "date": "13.06.18",
    "rating": "9",
    "author": "morb****",
    "review_id": "7654292",
    "movie_id": "10189"
  },
  {
    "review": "영상으로 때리고, 소리로 묶고, 분위기로 졸도...포스터 짱.",
    "date": "12.11.10",
    "rating": "9",
    "author": "anyg****",
    "review_id": "6872394",
    "movie_id": "10189"
  },
  {
    "review": "4편까지는 무난하다는 평이 있었는데...맞다! 그런데!! 3편보단 못한다............일단!!!! 여주인공들이...........벼.......ㄹ로야 ㅋㅋㅋ그런데 꼬마아이는 뭐지-.-;",
    "date": "12.11.07",
    "rating": "7",
    "author": "ohmr****",
    "review_id": "6863880",
    "movie_id": "10189"
  },
  {
    "review": "4편도 명작이다....^^",
    "date": "12.09.05",
    "rating": "9",
    "author": "yang****",
    "review_id": "6671181",
    "movie_id": "10189"
  },
  {
    "review": "당시 우리나라 포스터보고 빵터짐ㅋ",
    "date": "12.08.03",
    "rating": "9",
    "author": "rok0****",
    "review_id": "6568549",
    "movie_id": "10189"
  },
  {
    "review": "우와 진짜 잔인하다.",
    "date": "12.04.17",
    "rating": "9",
    "author": "mey4****",
    "review_id": "6228767",
    "movie_id": "10189"
  },
  {
    "review": "시리즈중 최고임...다른건 다시시해",
    "date": "12.03.22",
    "rating": "10",
    "author": "sunj****",
    "review_id": "6160443",
    "movie_id": "10189"
  },
  {
    "review": "난 솔직히 13일의 금요일 시리즈 중에 4편이 가장 좋음",
    "date": "12.02.28",
    "rating": "10",
    "author": "fb5y****",
    "review_id": "6109296",
    "movie_id": "10189"
  },
  {
    "review": "불랙 후라이데이 여기까지만 했으면 좋았을텐데...",
    "date": "12.01.21",
    "rating": "9",
    "author": "skrl****",
    "review_id": "6004816",
    "movie_id": "10189"
  },
  {
    "review": "잔인함과 긴장감만으로 본다면 전편들에 비해 압도적이다",
    "date": "11.12.12",
    "rating": "7",
    "author": "mygr****",
    "review_id": "5901273",
    "movie_id": "10189"
  },
  {
    "review": "개봉당시에는 쵝오 였는데 지금은 어떨지...",
    "date": "11.12.07",
    "rating": "10",
    "author": "leed****",
    "review_id": "5892079",
    "movie_id": "10189"
  },
  {
    "review": "무섭다.",
    "date": "11.07.17",
    "rating": "5",
    "author": "kos4****",
    "review_id": "5549069",
    "movie_id": "10189"
  },
  {
    "review": "4편은 꽤나 괜찮았었다.",
    "date": "10.11.09",
    "rating": "7",
    "author": "aqzz****",
    "review_id": "4947863",
    "movie_id": "10189"
  },
  {
    "review": "잔인하지만 전편보다 지루햇당",
    "date": "10.09.15",
    "rating": "7",
    "author": "work****",
    "review_id": "4838067",
    "movie_id": "10189"
  },
  {
    "review": "지금 봐서는 어? 괜찮다 정도...? 그런데 80년대에 이런 작품이라니...대단하다!",
    "date": "10.08.15",
    "rating": "7",
    "author": "capg****",
    "review_id": "4751718",
    "movie_id": "10189"
  },
  {
    "review": "정말이지 코리 파커가 나온다는 이유만으로도 별점을 주고 싶은 영화.",
    "date": "10.04.09",
    "rating": "6",
    "author": "stit****",
    "review_id": "4421007",
    "movie_id": "10189"
  },
  {
    "review": "전편보다 못하다.",
    "date": "09.09.06",
    "rating": "1",
    "author": "bgol****",
    "review_id": "3815574",
    "movie_id": "10189"
  },
  {
    "review": "제이슨의심리OO년놈들다죽인다 살인하지도않을꼬마는왜나오는거야",
    "date": "09.08.04",
    "rating": "7",
    "author": "gkst****",
    "review_id": "3708888",
    "movie_id": "10189"
  },
  {
    "review": "오우, 이런게 고전 슬래쉬군하!! 전체적으로 좋은데, 마지막에 골룸분장은 좀 깬다..",
    "date": "09.06.21",
    "rating": "8",
    "author": "yeei****",
    "review_id": "3579502",
    "movie_id": "10189"
  },
  {
    "review": "죽어! 죽어라!",
    "date": "09.06.13",
    "rating": "10",
    "author": "dntw****",
    "review_id": "3562257",
    "movie_id": "10189"
  },
  {
    "review": "다 좋은데.. 블랙 후라이데이 어쩔꺼냐 ㅋㅋㅋㅋ",
    "date": "09.02.13",
    "rating": "10",
    "author": "yeos****",
    "review_id": "3298643",
    "movie_id": "10189"
  },
  {
    "review": "전작들을 능가하는...",
    "date": "08.08.19",
    "rating": "8",
    "author": "gall****",
    "review_id": "2887322",
    "movie_id": "10189"
  },
  {
    "review": "포스터 봐라 살도 빠진다!!",
    "date": "08.07.19",
    "rating": "10",
    "author": "craz****",
    "review_id": "2780005",
    "movie_id": "10189"
  },
  {
    "review": "지금 보면 넘 답답... 톰 사비니의 유혈분장만 돋보임...",
    "date": "08.06.14",
    "rating": "5",
    "author": "sykm****",
    "review_id": "2697376",
    "movie_id": "10189"
  },
  {
    "review": "마지막 장면의 눈빛은 정말....",
    "date": "08.02.09",
    "rating": "9",
    "author": "vavy****",
    "review_id": "2425317",
    "movie_id": "10189"
  },
  {
    "review": "제이슨의활약(?)이 너무미미하다..정말성의없게만든4편 시시해서하품만나온다",
    "date": "07.12.03",
    "rating": "1",
    "author": "goms****",
    "review_id": "2203676",
    "movie_id": "10189"
  },
  {
    "review": "한 사람씩 처참하게 죽을때 긴장감은 어느 시리즈보다 더 강하다.",
    "date": "07.09.08",
    "rating": "10",
    "author": "cher****",
    "review_id": "2008463",
    "movie_id": "10189"
  },
  {
    "review": "꼬마애 도데체 머리는 왜짤르냐 그 급박한 상황에 .... 답답해 미칠뻔",
    "date": "07.08.27",
    "rating": "6",
    "author": "cres****",
    "review_id": "1983774",
    "movie_id": "10189"
  },
  {
    "review": "3편과 달리 최강괴물로 거듭난 제이슨! 단연 속편들중 최고",
    "date": "07.08.21",
    "rating": "8",
    "author": "just****",
    "review_id": "1965735",
    "movie_id": "10189"
  },
  {
    "review": "놀라고 웃으면서 볼수있었던 영화.. 토미 굿이네 . 즐 감상.",
    "date": "07.07.08",
    "rating": "7",
    "author": "dbsr****",
    "review_id": "1757102",
    "movie_id": "10189"
  },
  {
    "review": "13일의금요일 시리즈중 단연 최고!",
    "date": "07.05.12",
    "rating": "10",
    "author": "vlsk****",
    "review_id": "1633704",
    "movie_id": "10189"
  },
  {
    "review": "아마 1편과 더불어 13일의 금요일 시리즈 중 최고가 아닐까 싶다.",
    "date": "07.04.17",
    "rating": "10",
    "author": "wfy0****",
    "review_id": "1593685",
    "movie_id": "10189"
  },
  {
    "review": "이것 괜찮네",
    "date": "07.03.02",
    "rating": "10",
    "author": "zeed****",
    "review_id": "1513078",
    "movie_id": "10189"
  },
  {
    "review": "어렸을때 보고 충격받음ㅋ",
    "date": "07.01.28",
    "rating": "10",
    "author": "siys****",
    "review_id": "1420983",
    "movie_id": "10189"
  },
  {
    "review": "13시리즈중의 최고작. 정말 ㅎㄷㄷ한 제이슨의 카리스마~",
    "date": "07.01.01",
    "rating": "10",
    "author": "tale****",
    "review_id": "1347192",
    "movie_id": "10189"
  },
  {
    "review": "13일의 금요일을 한층 살려준 영화..",
    "date": "06.09.29",
    "rating": "9",
    "author": "tpff****",
    "review_id": "1148471",
    "movie_id": "10189"
  },
  {
    "review": "1편 다음으로 최고..",
    "date": "06.08.13",
    "rating": "9",
    "author": "zmgm****",
    "review_id": "1016467",
    "movie_id": "10189"
  },
  {
    "review": "속편중에 최고로 잘만든작품 1편과 쌍벽임",
    "date": "06.08.04",
    "rating": "10",
    "author": "dkdl****",
    "review_id": "967625",
    "movie_id": "10189"
  },
  {
    "review": "오히려 1편보다 더 잼있게 본거 같다..!!ㅋㅋ",
    "date": "06.08.01",
    "rating": "10",
    "author": "ned0****",
    "review_id": "953668",
    "movie_id": "10189"
  },
  {
    "review": "가자 가자 요번에는 몇이나 죽일까",
    "date": "06.07.30",
    "rating": "8",
    "author": "deff****",
    "review_id": "943990",
    "movie_id": "10189"
  },
  {
    "review": "볼만함..13일시리즈는 여기서 끝내자!!",
    "date": "06.07.08",
    "rating": "8",
    "author": "hide****",
    "review_id": "879020",
    "movie_id": "10189"
  },
  {
    "review": "엄청 무서웠던 영화 같더군요",
    "date": "06.06.02",
    "rating": "10",
    "author": "jing****",
    "review_id": "827918",
    "movie_id": "10189"
  },
  {
    "review": "잼잇슴구니스에나오는코리펠드만이나와서더재미잇슴",
    "date": "06.05.21",
    "rating": "10",
    "author": "wooo****",
    "review_id": "810687",
    "movie_id": "10189"
  },
  {
    "review": "슬래셔 무비(맞나?)",
    "date": "06.01.14",
    "rating": "7",
    "author": "swle****",
    "review_id": "588722",
    "movie_id": "10189"
  },
  {
    "review": "13금 시리즈 중 최고의 영화",
    "date": "06.01.01",
    "rating": "10",
    "author": "crim****",
    "review_id": "551037",
    "movie_id": "10189"
  },
  {
    "review": "정말 황당하게 잔인하다",
    "date": "05.12.25",
    "rating": "4",
    "author": "kws7****",
    "review_id": "527397",
    "movie_id": "10189"
  },
  {
    "review": "남자를 살해하는장면에서 작은톱으로 목을비는 장면이 압권임",
    "date": "05.12.04",
    "rating": "7",
    "author": "godj****",
    "review_id": "493657",
    "movie_id": "10189"
  },
  {
    "review": "4편최고",
    "date": "05.11.30",
    "rating": "9",
    "author": "zakk****",
    "review_id": "489125",
    "movie_id": "10189"
  },
  {
    "review": "4편은.. 잔.인. 성이.. 더.. 높고.. 재.미.있.다..",
    "date": "05.09.07",
    "rating": "10",
    "author": "hans****",
    "review_id": "395913",
    "movie_id": "10189"
  },
  {
    "review": "조금 야한부분이 몇가지 있긴 하지만 살인 장면들이 젤 좋았다",
    "date": "05.07.06",
    "rating": "10",
    "author": "powe****",
    "review_id": "314334",
    "movie_id": "10189"
  },
  {
    "review": "4편이 젤 재미있다..ㅋㅋ",
    "date": "05.05.14",
    "rating": "10",
    "author": "alft****",
    "review_id": "277622",
    "movie_id": "10189"
  },
  {
    "review": "1편 다음으로 제일 괜찮은 작품...ㅋㅋ",
    "date": "05.04.14",
    "rating": "10",
    "author": "nabi****",
    "review_id": "259607",
    "movie_id": "10189"
  },
  {
    "review": "13일의 금요일 시리즈중에서 제일 잔인한 작품",
    "date": "04.11.11",
    "rating": "10",
    "author": "aect****",
    "review_id": "144092",
    "movie_id": "10189"
  },
  {
    "review": "4편진짜 굿이었음",
    "date": "04.10.27",
    "rating": "10",
    "author": "vlsk****",
    "review_id": "133883",
    "movie_id": "10189"
  },
  {
    "review": "제이슨은 절대죽지안는데 왜 죽지안을까?",
    "date": "04.09.21",
    "rating": "10",
    "author": "xiah****",
    "review_id": "112364",
    "movie_id": "10189"
  },
  {
    "review": "헉....포스터가 끔찍해..ㅋㅋ",
    "date": "04.08.27",
    "rating": "7",
    "author": "simj****",
    "review_id": "97830",
    "movie_id": "10189"
  },
  {
    "review": "4편이꽤재미있음.. ㅋ.. 마지막 토미의 활약.,... ㅋ..",
    "date": "04.08.11",
    "rating": "10",
    "author": "choi****",
    "review_id": "88385",
    "movie_id": "10189"
  },
  {
    "review": "저는 중3이고 피디박스에서 이거받아봣는데.처음장면은별로고",
    "date": "04.08.07",
    "rating": "4",
    "author": "og2k****",
    "review_id": "85598",
    "movie_id": "10189"
  },
  {
    "review": "무서워요ㅜㅜ",
    "date": "04.07.27",
    "rating": "10",
    "author": "vvvv****",
    "review_id": "78215",
    "movie_id": "10189"
  },
  {
    "review": "슬래셔무비라는명칭에걸맞게 무쟈게 잔인해짐. 라스트씬은 상당히 충격적..",
    "date": "04.05.05",
    "rating": "6",
    "author": "hong****",
    "review_id": "41095",
    "movie_id": "10189"
  }
]