[
  {
    "review_id": "10204960",
    "movie_id": "101898",
    "author": "zxc1****",
    "review": "‘인종 차별’을 비판과 비난의 메시지로 전달하기 보다는, 다른 사람과 다를 게 없던 주인공의 삶을 조용히 관찰하면서 사건의 비극과 안타까움이 잘 느껴지도록 한다.",
    "rating": "7",
    "date": "15.08.09"
  },
  {
    "review_id": "10140475",
    "movie_id": "101898",
    "author": "cred****",
    "review": "공권력이란 것은 강자 앞에서 힘을 발휘해야 하는 것",
    "rating": "8",
    "date": "15.07.25"
  },
  {
    "review_id": "10024304",
    "movie_id": "101898",
    "author": "sury****",
    "review": "실화 자체가 주는 고발의 메세지는 강하지만 영화의 연출은 그닥 특별하지 않다.",
    "rating": "1",
    "date": "15.06.23"
  },
  {
    "review_id": "10016516",
    "movie_id": "101898",
    "author": "imur****",
    "review": "울린다.그리고 화가 난다..",
    "rating": "10",
    "date": "15.06.20"
  },
  {
    "review_id": "9984030",
    "movie_id": "101898",
    "author": "dksg****",
    "review": "큰 의미를 담은 영화다. 허나 이 영화는 너무 극단으로 묘사되어 혼란을 일으키기에 충분한 영화이며, 이미 많은 사람들이 극단으로 선동되었다. 이런 편협적인 영화는 자제되어야 한다. 쉽게 선동되는 어리석은 사람들이 훨씬 더 많은 세상이기 때문에..",
    "rating": "7",
    "date": "15.06.08"
  },
  {
    "review_id": "9906691",
    "movie_id": "101898",
    "author": "vo72****",
    "review": "아 너무 화난다....경찰.. 2년형 선고 밖에 안되는데 11개월 후에 나오고.. 오스카는....22세에 어이없게 사망....ㅠㅠ 실화라니.... 슬프다.",
    "rating": "9",
    "date": "15.05.09"
  },
  {
    "review_id": "9831921",
    "movie_id": "101898",
    "author": "61ch****",
    "review": "내용은 별 거 없지만 임펙트도 있고 시사하는 바가 큼",
    "rating": "10",
    "date": "15.04.06"
  },
  {
    "review_id": "9769328",
    "movie_id": "101898",
    "author": "bcwh****",
    "review": "사실을 알리기 위한 영화",
    "rating": "8",
    "date": "15.03.09"
  },
  {
    "review_id": "9757097",
    "movie_id": "101898",
    "author": "jm85****",
    "review": "오스카는 흔히 볼수있는 아들이자 장난끼 많은 오빠 그리고 항상 미안해하는 남편. 감정이 앞서서 문제를 만들수도 있지만 언제나 마음은 내 가족, 내 사랑인 그 한사람. 정말 거지같은 상황속에서도 사랑이라는 한 단어로 살아남으려는 자를 짖밟았다.",
    "rating": "10",
    "date": "15.03.05"
  },
  {
    "review_id": "9754803",
    "movie_id": "101898",
    "author": "bri2****",
    "review": "참 세상이란게 모두 다 행복한 건 아니구나",
    "rating": "8",
    "date": "15.03.03"
  },
  {
    "review_id": "9747348",
    "movie_id": "101898",
    "author": "silv****",
    "review": "가족이 너무 평화로워보여서 계속 좋은 일만 있길 바랬는데... 남자의 단점까지도 감싸주는 여친이 인상적이었고, 아무것도 없지만 그래도 가족을 위해 노력하는 주인공의 모습이 인상적이었는데...",
    "rating": "9",
    "date": "15.02.28"
  },
  {
    "review_id": "9726112",
    "movie_id": "101898",
    "author": "mank****",
    "review": "빌어먹을 유색인종에 대한 편견과 오해",
    "rating": "9",
    "date": "15.02.22"
  },
  {
    "review_id": "9710870",
    "movie_id": "101898",
    "author": "kos4****",
    "review": "DNA 속에는 어쩔 수 없는 종족 특성이 흐르게 마련이다.",
    "rating": "5",
    "date": "15.02.18"
  },
  {
    "review_id": "9703742",
    "movie_id": "101898",
    "author": "hrns****",
    "review": "남들이 좋다고 하면 무턱대고 빨아대는 사람들 만큼이나 한심스럽게 지루한 영화다",
    "rating": "1",
    "date": "15.02.16"
  },
  {
    "review_id": "9699629",
    "movie_id": "101898",
    "author": "mliw****",
    "review": "찰나의 느낌이 아니라.. 깊은 감정을 되내어 볼 수 있는 영화",
    "rating": "10",
    "date": "15.02.15"
  },
  {
    "review_id": "9658783",
    "movie_id": "101898",
    "author": "urin****",
    "review": "인종차별, 공권력 남용, 억울한 죽음... 가슴아픈 영화네요.",
    "rating": "8",
    "date": "15.02.01"
  },
  {
    "review_id": "9653356",
    "movie_id": "101898",
    "author": "good****",
    "review": "화려한 장면은 없어도 , 몰입하며 잘봤습니다추천작이라고 생각되는 영화!",
    "rating": "9",
    "date": "15.01.31"
  },
  {
    "review_id": "9643011",
    "movie_id": "101898",
    "author": "qjdu****",
    "review": "컴퓨터 그래픽 가득한 히어로 시리즈보다 재밌었다. 11점 주고싶다.",
    "rating": "10",
    "date": "15.01.27"
  },
  {
    "review_id": "9643007",
    "movie_id": "101898",
    "author": "br27****",
    "review": "소름이 끼치도록 화가나는 영화. 실화라는 사실이 믿기 싫다.",
    "rating": "10",
    "date": "15.01.27"
  },
  {
    "review_id": "9642465",
    "movie_id": "101898",
    "author": "sinb****",
    "review": "영화적 재미나 가치는 없는 작품이지만 미국사회내에서의 인종차별에 대해 고발하는  의미있는 영화.",
    "rating": "6",
    "date": "15.01.27"
  },
  {
    "review_id": "9641270",
    "movie_id": "101898",
    "author": "void****",
    "review": "큰 나라도 문제인 인종갈등을 다문화정책으로  1개 주보다 작은 나라에 도입하려는  나라의 미래를 위해 묵념.",
    "rating": "7",
    "date": "15.01.27"
  },
  {
    "review_id": "9640134",
    "movie_id": "101898",
    "author": "krnj****",
    "review": "잔잔한데 마음이 아프네요 ..",
    "rating": "8",
    "date": "15.01.26"
  },
  {
    "review_id": "9633640",
    "movie_id": "101898",
    "author": "wjda****",
    "review": "너무가슴이 아프다 공권력의 무자비한 그상황까지도 하나하나 몰입된다",
    "rating": "10",
    "date": "15.01.25"
  },
  {
    "review_id": "9628547",
    "movie_id": "101898",
    "author": "peyk****",
    "review": "영화를  보면서  곧  폭탄이 터질것같다는 느낌이 계속  오던데...끝에 정말   폭탄이네  가슴이 너무 아프다",
    "rating": "9",
    "date": "15.01.23"
  },
  {
    "review_id": "9625385",
    "movie_id": "101898",
    "author": "icec****",
    "review": "이 새끼들아, 경찰이라는 감투를 약자들 폭행하고 죽이라고 준 게 아니고, 치안을 위해 쳐일하라고 주는 거다. .",
    "rating": "8",
    "date": "15.01.23"
  },
  {
    "review_id": "9625238",
    "movie_id": "101898",
    "author": "0411****",
    "review": "흔히 뉴스에서 접해볼만한 흑인 차별 내용이다. 테이저건으로 착각을 했다지만 백인경찰이 흑인에게 유독 과잉진압을 하는 듯한 느낌은 지울 수가 없다. 우리나라 경찰에겐 공권력을 좀 더 높이, 미국 공권력은 좀 낮출 필요가 있어보이기도..",
    "rating": "7",
    "date": "15.01.23"
  },
  {
    "review_id": "9573081",
    "movie_id": "101898",
    "author": "milk****",
    "review": "영화로서의 큰 매력은 없지만 , 마직막 한발이 내 눈과 귀를 깨우는 구나...최강나라 미국이지만... 그안에서 돈없으면 죽도 밥도 안된다..",
    "rating": "6",
    "date": "15.01.08"
  },
  {
    "review_id": "9462061",
    "movie_id": "101898",
    "author": "tear****",
    "review": "현진건의 '운수 좋은 날'이 뒤틀린 자본주의 경찰국가 미국의 가난한 흑인에게 절절하게 맺힌다. 감정을 진득하게 몰아갈 줄 아는 감독의 놀라운 데뷔작.",
    "rating": "9",
    "date": "14.12.10"
  },
  {
    "review_id": "9454420",
    "movie_id": "101898",
    "author": "anit****",
    "review": "ㄱㅏ슴이 먹먹하다....",
    "rating": "10",
    "date": "14.12.07"
  },
  {
    "review_id": "9442004",
    "movie_id": "101898",
    "author": "plan****",
    "review": "하루의 완성 조차 버거운 그대들에게",
    "rating": "8",
    "date": "14.12.02"
  },
  {
    "review_id": "9393309",
    "movie_id": "101898",
    "author": "ykdi****",
    "review": "참 어처구니 없는 편견 덩어리 나라 미국...",
    "rating": "7",
    "date": "14.11.16"
  },
  {
    "review_id": "9384549",
    "movie_id": "101898",
    "author": "mymi****",
    "review": "새출발 하려던 오스카, 그의 하루가 모든 유색인종들에게 새출발을 할 의미있는 날이 되기를...",
    "rating": "10",
    "date": "14.11.15"
  },
  {
    "review_id": "9239887",
    "movie_id": "101898",
    "author": "wlwp****",
    "review": "답답하지만 강한 영화  추천합니다 ~",
    "rating": "8",
    "date": "14.09.25"
  },
  {
    "review_id": "9139951",
    "movie_id": "101898",
    "author": "minj****",
    "review": "그 경찰은 자제력이 상실된 사람이 아니였을까 오스카보다도 더..어떻게 하면 총이 함부로 쏴지는 건데 경찰이 될 자질이 없는 사람이였는데 에휴..",
    "rating": "10",
    "date": "14.08.28"
  },
  {
    "review_id": "9137575",
    "movie_id": "101898",
    "author": "1pim****",
    "review": "얼마전 일어난 비슷한 사건에서는 백인경찰을 위한 성금이 더 모였다는 기사를 본것 같은데..씁쓸..",
    "rating": "9",
    "date": "14.08.27"
  },
  {
    "review_id": "9128144",
    "movie_id": "101898",
    "author": "kara****",
    "review": "깔끔한 구성이 돋보이고 정확히 주제에 근접...실화의 힘이 잘녹아들어있다..",
    "rating": "8",
    "date": "14.08.24"
  },
  {
    "review_id": "9053932",
    "movie_id": "101898",
    "author": "dlst****",
    "review": "누구나 누릴수있는 인권이 유린당하는 현실앞에누구하나 나서서 정의를 표해야할 이 시기에 사람들은무관심으로 일관하고 어이없는 공권력에 죄없는 사람이희생당하는 처참한광경 할말을 잃었다단지이유는 피부색이라는 더러운 오역희망이라는 단어가 무색해지는..",
    "rating": "10",
    "date": "14.08.09"
  },
  {
    "review_id": "9026121",
    "movie_id": "101898",
    "author": "kth3****",
    "review": "누군가를 죽음으로 몰고가도 실수라 하면 용서가 된다. 흑인이 아닌 백인이라면",
    "rating": "8",
    "date": "14.08.04"
  },
  {
    "review_id": "8966177",
    "movie_id": "101898",
    "author": "poli****",
    "review": "무슨내용인지 모르고 보다가 마지막에 나도 모르게 눈물이 펑펑... 근데 이 영화 배경음악이 너무 좋다.",
    "rating": "10",
    "date": "14.07.27"
  },
  {
    "review_id": "8937945",
    "movie_id": "101898",
    "author": "byul****",
    "review": "억울하고 안타까운 오스카그랜트의 새해 사건",
    "rating": "7",
    "date": "14.07.21"
  },
  {
    "review_id": "8895163",
    "movie_id": "101898",
    "author": "dbzh****",
    "review": "아무 정보없이 봣는데 실화였구나...",
    "rating": "7",
    "date": "14.07.08"
  },
  {
    "review_id": "8858431",
    "movie_id": "101898",
    "author": "dio3****",
    "review": "남의 나라 그만 간섭하고, 니네 나라 인권이나 챙겨라.",
    "rating": "7",
    "date": "14.06.26"
  },
  {
    "review_id": "8843031",
    "movie_id": "101898",
    "author": "aksl****",
    "review": "2009년이다. 얼마 되지 않은 사건이다.",
    "rating": "10",
    "date": "14.06.20"
  },
  {
    "review_id": "8836978",
    "movie_id": "101898",
    "author": "ysy2****",
    "review": "잔잔하면서 가슴 먹먹한 영화였습니다. 실화라는것이 가슴아픈..",
    "rating": "10",
    "date": "14.06.17"
  },
  {
    "review_id": "8776651",
    "movie_id": "101898",
    "author": "yoon****",
    "review": "10분이면 될 영화를 85분으로 늘려 시간 낭비의 극치!",
    "rating": "5",
    "date": "14.05.30"
  },
  {
    "review_id": "8761855",
    "movie_id": "101898",
    "author": "tron****",
    "review": "이지혜 평론가 스포죽어라",
    "rating": "10",
    "date": "14.05.24"
  },
  {
    "review_id": "8761532",
    "movie_id": "101898",
    "author": "ucar****",
    "review": "이지혜 씨 평론을 하랬지 스포를 하랬음? 님 때문에 영화 스토리 다 알겠음. 그딴식으로 할거면 나도 영화평론 하겠음 -_-",
    "rating": "9",
    "date": "14.05.24"
  },
  {
    "review_id": "8697394",
    "movie_id": "101898",
    "author": "invu****",
    "review": "깔끔하다. 주제도 설명도 마무리도",
    "rating": "8",
    "date": "14.05.03"
  },
  {
    "review_id": "8659581",
    "movie_id": "101898",
    "author": "danz****",
    "review": "뭐 책임감없고 껄렁껄렁한 블랙맨의 죽음에 큰관심은 없고.보니까 마약이나 팔다가 교도소 들락날락거리고 지각해서 직장 짤리고 처자식 부양할 능력은 없고.. 해피뉴이여는 챙기고.. 노답인생들.진압경찰관역의 캐빈 두런드는 우리나라배우 박성웅씨랑 이미지가 비슷",
    "rating": "7",
    "date": "14.04.19"
  },
  {
    "review_id": "8647041",
    "movie_id": "101898",
    "author": "tosh****",
    "review": "제일 선댄스 다운 영화....",
    "rating": "9",
    "date": "14.04.13"
  },
  {
    "review_id": "8644123",
    "movie_id": "101898",
    "author": "pcsh****",
    "review": "다큐에 흥분하면 금물... 미니멀한 영화를 냉정하게..영화가 아니라 관객에 대한 평점이 필요한 영화",
    "rating": "9",
    "date": "14.04.12"
  },
  {
    "review_id": "8641127",
    "movie_id": "101898",
    "author": "nice****",
    "review": "아주 지루한 일상 속 지루하지 않은 결말. 내용은 지루한 내용인데 보는 내내 지루하지 않은 신기한 영화.",
    "rating": "10",
    "date": "14.04.11"
  },
  {
    "review_id": "8634398",
    "movie_id": "101898",
    "author": "egyp****",
    "review": "철없던 지난날을 후회하면 사랑하는 가족들과 함께 새롭게 시작할려는 순간 어느날 갑자기 찾아온 충격적인 사건...끊임없이 발생하는 잔인한 인종차별...정작 그 지하철안에서 먼저 시작한 백인 ○은 안 잡아가고...진짜 너무나 허탈하고 허무",
    "rating": "6",
    "date": "14.04.07"
  },
  {
    "review_id": "8617877",
    "movie_id": "101898",
    "author": "daso****",
    "review": "미국의 이야기만은 아니지요",
    "rating": "9",
    "date": "14.03.30"
  },
  {
    "review_id": "8607930",
    "movie_id": "101898",
    "author": "moon****",
    "review": "모두가 누군가의 가족이다.",
    "rating": "7",
    "date": "14.03.26"
  },
  {
    "review_id": "8601682",
    "movie_id": "101898",
    "author": "wjdd****",
    "review": "미국 다문화 사회 중 흑인이 겪는 인종적 차별에 대한 아픔을 그린 실화에 바탕을 둔 영화로 , 다문화사회에 대한 생각을 하게 해준다.",
    "rating": "8",
    "date": "14.03.23"
  },
  {
    "review_id": "8589047",
    "movie_id": "101898",
    "author": "neop****",
    "review": "보는내내 불편함를 감출수 없는 영화",
    "rating": "8",
    "date": "14.03.20"
  },
  {
    "review_id": "8588088",
    "movie_id": "101898",
    "author": "scri****",
    "review": "시민들이 찰영했다는 영상을 보면 경찰이 전기충격기라고 생각하고 쏜 것이 아니라 일어서서 거리를 두고 총을 쏘는데 무슨 전기 충격기라고 착각을 했다는 것일까? 경찰 미쳤나??? 술먹었나???",
    "rating": "7",
    "date": "14.03.19"
  },
  {
    "review_id": "8587170",
    "movie_id": "101898",
    "author": "cccc****",
    "review": "굉장히 잔잔하며 주인공의 사건을 다룬영화",
    "rating": "8",
    "date": "14.03.19"
  },
  {
    "review_id": "8585793",
    "movie_id": "101898",
    "author": "2000****",
    "review": "전달하고자 하는 바가 정확하게 전달되었음",
    "rating": "8",
    "date": "14.03.18"
  },
  {
    "review_id": "8574417",
    "movie_id": "101898",
    "author": "psp2****",
    "review": "큰내용 없이..몰입감은 크다",
    "rating": "8",
    "date": "14.03.14"
  },
  {
    "review_id": "8568396",
    "movie_id": "101898",
    "author": "ksyi****",
    "review": "사람의 목숨이 이토록 가벼울 수 있다는 상황이 엄연한 현실이라니. ㅠㅠ",
    "rating": "8",
    "date": "14.03.11"
  },
  {
    "review_id": "8558403",
    "movie_id": "101898",
    "author": "okre****",
    "review": "흑인인종차별. 인권침해. 공권력남용.",
    "rating": "8",
    "date": "14.03.06"
  },
  {
    "review_id": "8555328",
    "movie_id": "101898",
    "author": "bitz****",
    "review": "스포없이봐서 도입부에서 막판20분까지 개과천선?그런데 진압과정 진짜욕나온다 내가짭새를싫어하는이유가있지 지들이 네이비씰이야?전나착각쩌는짭새들 우리나라보다 미국이 더심하네 왜총을쏘지?정신병자아닌가? 그리고1급인데11개월? 고작? 미친퍼킹아메리칸이다",
    "rating": "10",
    "date": "14.03.04"
  },
  {
    "review_id": "8553247",
    "movie_id": "101898",
    "author": "guev****",
    "review": "85분이라는 짧은 러닝타임동안 그에대한 공감을 충분히 불러일으킨연출력이 대단하군",
    "rating": "7",
    "date": "14.03.03"
  },
  {
    "review_id": "8552731",
    "movie_id": "101898",
    "author": "cs79****",
    "review": "조던 연기도좋았고 감독도 영화잘만든듯...조던은 와이어에서도 그런연기를하더니 ...어릴때라 첨엔누군가했네 ㅋㅋ 화려한건없지만 첨부터 내내몰입되게 잘만든듯..",
    "rating": "10",
    "date": "14.03.02"
  },
  {
    "review_id": "8545634",
    "movie_id": "101898",
    "author": "cso_****",
    "review": "정말 충격적이고주인공 안타까워서 눈물이 납니다 ㅜ",
    "rating": "10",
    "date": "14.02.28"
  },
  {
    "review_id": "8544182",
    "movie_id": "101898",
    "author": "pgwb****",
    "review": "영상미가 있다. 소소하면서도 일상을 잘 담아낸.. 콜래트럴 같은 느낌도 나고, 8miles같은 느낌도 나고, 잘만든 영화다.",
    "rating": "8",
    "date": "14.02.28"
  },
  {
    "review_id": "8538621",
    "movie_id": "101898",
    "author": "ever****",
    "review": "너무억울해서눈물이...근데 미국은 이런일이 비일비재합니다.",
    "rating": "10",
    "date": "14.02.26"
  },
  {
    "review_id": "8537731",
    "movie_id": "101898",
    "author": "noil****",
    "review": "영화도입부에 실제 시민들이 촬영했던 영상을 보면, 오스카는 정말 아무것도 하지 않았다. 아무 저항도 하지 않았던 그를 죽음으로 몰고간 경찰이 만약 백인을 쐈다면 감방에서 조금이라도 형을 더 살고 나왔을까나",
    "rating": "8",
    "date": "14.02.25"
  },
  {
    "review_id": "8537549",
    "movie_id": "101898",
    "author": "7pmr****",
    "review": "와우. 감독의 연출력에 박수를. 평점 8.0",
    "rating": "10",
    "date": "14.02.25"
  },
  {
    "review_id": "8537121",
    "movie_id": "101898",
    "author": "blue****",
    "review": "이건아니지 아무리 오클랜드가 미국최악의 치안을 자랑하는 동네라지만 이건 아니지.. 무기없고 이미 제압된 사람을. 이건 말그대로 살인이지",
    "rating": "7",
    "date": "14.02.25"
  },
  {
    "review_id": "8536929",
    "movie_id": "101898",
    "author": "hell****",
    "review": "이렇게 사실적인 영화가 있었을까 싶을정도로 색다른 영화!",
    "rating": "8",
    "date": "14.02.25"
  },
  {
    "review_id": "8535726",
    "movie_id": "101898",
    "author": "dlwn****",
    "review": "기대이상에 영화다~!!선진국인 미국도 별수 없는...추천할만한영화~!",
    "rating": "10",
    "date": "14.02.25"
  },
  {
    "review_id": "8535719",
    "movie_id": "101898",
    "author": "kdh3****",
    "review": "정말 대단한 영화입니다!경종을 울리는 영화!",
    "rating": "10",
    "date": "14.02.25"
  },
  {
    "review_id": "8535533",
    "movie_id": "101898",
    "author": "cine****",
    "review": "여전히 존재하는 미국사회의 인종문제와 어두운 단면",
    "rating": "6",
    "date": "14.02.25"
  },
  {
    "review_id": "8531005",
    "movie_id": "101898",
    "author": "qkre****",
    "review": "많이.. .. 안타깝다",
    "rating": "10",
    "date": "14.02.23"
  },
  {
    "review_id": "8529957",
    "movie_id": "101898",
    "author": "epst****",
    "review": "신은 어디 있는가.... 좋은 연출과 좋은 연기. 끝까지 보는데 용기가 필요한 영화...",
    "rating": "10",
    "date": "14.02.23"
  },
  {
    "review_id": "8526437",
    "movie_id": "101898",
    "author": "hm57****",
    "review": "음....좋았어요 예상과 다른 전개, 신선했어요",
    "rating": "9",
    "date": "14.02.21"
  },
  {
    "review_id": "8522095",
    "movie_id": "101898",
    "author": "ambo****",
    "review": "제목잘지었다 배우들도연기잘함",
    "rating": "10",
    "date": "14.02.20"
  },
  {
    "review_id": "8520633",
    "movie_id": "101898",
    "author": "lemo****",
    "review": "주인공 오스카란 인물의 성품이 어떠했는지는 객관적으로 바라볼수 없지만 서양의 인종차별적인? 모습은 사람을 분노하게 만든다. 우리들도 별반 다르지 않다는 걸 인지하고 마음의 눈으로 사람을 판단했으면 좋겠다.",
    "rating": "7",
    "date": "14.02.19"
  },
  {
    "review_id": "8520257",
    "movie_id": "101898",
    "author": "534k****",
    "review": "순간 마이클 조던으로 봄",
    "rating": "8",
    "date": "14.02.19"
  },
  {
    "review_id": "8516775",
    "movie_id": "101898",
    "author": "drea****",
    "review": "고인의 명복을 빕니다. 정의가 실현되기 바라며",
    "rating": "8",
    "date": "14.02.17"
  },
  {
    "review_id": "8514178",
    "movie_id": "101898",
    "author": "samj****",
    "review": "이걸로 인해 공권력남용과 인종차별에 대한 시위도 일어났었죠. 캘리에 사는 사람으로써 안와닿진않네요 영화가. 그런데 제일 차별당하는건 아무래도 아시아인이 아닐까 싶습니다.",
    "rating": "10",
    "date": "14.02.16"
  },
  {
    "review_id": "8507364",
    "movie_id": "101898",
    "author": "kmgu****",
    "review": "큰 호소 없이 담담하게 진행되지만 결말에 이르면 그 어떤 영화보다 충격적이다.",
    "rating": "10",
    "date": "14.02.14"
  },
  {
    "review_id": "8505285",
    "movie_id": "101898",
    "author": "ghta****",
    "review": "마음이 안좋다..불쌍한 오스카 그랜트 ㅜㅜ",
    "rating": "7",
    "date": "14.02.13"
  },
  {
    "review_id": "8503699",
    "movie_id": "101898",
    "author": "hoho****",
    "review": "아인슈타인이 그랬나. 세상이 파괴되는게 악한행동들 때문이 아니라 그걸 보고도 아무런 행동도 하지 않는 사람들 때문이라고... 우리사회는 폰과 캠코더를 들고있어서 도움이 필요한사람에게 내어줄 손이 없다.",
    "rating": "7",
    "date": "14.02.13"
  },
  {
    "review_id": "8503565",
    "movie_id": "101898",
    "author": "tall****",
    "review": "어디든이런억울한일은있다어떻해야하나...",
    "rating": "8",
    "date": "14.02.13"
  },
  {
    "review_id": "8500517",
    "movie_id": "101898",
    "author": "nsat****",
    "review": "개과천선할 나이에 죽다니... 안타깝다...나같은 놈도 사는데...죽었어.. 인생 참 불공평해...개과천선 할려고 했는데..대려가다니...나쁜 하나님 세키...",
    "rating": "10",
    "date": "14.02.12"
  },
  {
    "review_id": "8498017",
    "movie_id": "101898",
    "author": "jusy****",
    "review": "정말 약자는 항상 피해보고..  망할백인새끼들이거 실제 가해자겨우11개월형살고나왔다면서요화납니다정말",
    "rating": "10",
    "date": "14.02.11"
  },
  {
    "review_id": "8497903",
    "movie_id": "101898",
    "author": "kjc7****",
    "review": "이영화의 가장 놀라운 점은 감독이 20대라는 점이다. 앞으로가 기대되는 감독이고 스파이크 리처럼 사회성짙은 작품을 계속 연출할듯하다. 개인적으로 이영화는 실화라는 점과 마지막 클라이막스는 좋았지만 전체적으로 기대에 못미친 그저그런 범작이다.",
    "rating": "6",
    "date": "14.02.11"
  },
  {
    "review_id": "8497775",
    "movie_id": "101898",
    "author": "rlfe****",
    "review": "실제 사건을 다뤄서 그런지 리얼하고 처절합니다. 충격적이네요",
    "rating": "10",
    "date": "14.02.11"
  },
  {
    "review_id": "8497373",
    "movie_id": "101898",
    "author": "mool****",
    "review": "정작 싸움이 백인이 걸었건만..",
    "rating": "10",
    "date": "14.02.11"
  },
  {
    "review_id": "8497100",
    "movie_id": "101898",
    "author": "awdg****",
    "review": "오랜만에 진한여운이 남는영화다. 좋다...",
    "rating": "9",
    "date": "14.02.11"
  },
  {
    "review_id": "8494199",
    "movie_id": "101898",
    "author": "bles****",
    "review": "종착역이 되어버린 하루",
    "rating": "6",
    "date": "14.02.10"
  },
  {
    "review_id": "8492066",
    "movie_id": "101898",
    "author": "cltp****",
    "review": "아무 생각없이 봤는데 기대 이상, 강한 여운이 남는다",
    "rating": "10",
    "date": "14.02.09"
  },
  {
    "review_id": "8491694",
    "movie_id": "101898",
    "author": "yjpd****",
    "review": "인종 차별은 없어져야 한다 세상에 다같은 사람인데 색이 다르다고 국적이 다르다고 차별을 두어선 안되는 것이다.. 오랜만에 보면서 눈물 흘린 영화네요",
    "rating": "10",
    "date": "14.02.09"
  },
  {
    "review_id": "8491497",
    "movie_id": "101898",
    "author": "dani****",
    "review": "너무화나고 슬픈영화..인종차별은 이세계에서 사라져야할 악중하나다",
    "rating": "10",
    "date": "14.02.09"
  },
  {
    "review_id": "8490168",
    "movie_id": "101898",
    "author": "bese****",
    "review": "그의 어떤 하루가 우리 사회를 돌아 볼 수 잇는 계기가 되었으면 합니다.",
    "rating": "10",
    "date": "14.02.09"
  },
  {
    "review_id": "8490064",
    "movie_id": "101898",
    "author": "deux****",
    "review": "미국 사회의 실화...",
    "rating": "10",
    "date": "14.02.08"
  }
]