[
  {
    "review": "오토바이 공중발차기...푸하하하~~",
    "date": "15.03.27",
    "rating": "10",
    "author": "fall****",
    "review_id": "9809078",
    "movie_id": "10186"
  },
  {
    "review": "80년대 중반에는 획기적이었엇지 전영록 매력 쩔어",
    "date": "14.10.16",
    "rating": "10",
    "author": "kij6****",
    "review_id": "9295242",
    "movie_id": "10186"
  },
  {
    "review": "와 오랫만에 느껴보는 80년대 .. 거리를 누비던 포니택시...지금보면 헛웃음 나오는부분이 몇군데 있는데 그게 또 은근 빵빵 터짐",
    "date": "14.08.19",
    "rating": "9",
    "author": "cesi****",
    "review_id": "9109869",
    "movie_id": "10186"
  },
  {
    "review": "옛날영화지만 지금 봐도 재미있다!",
    "date": "14.07.20",
    "rating": "10",
    "author": "haen****",
    "review_id": "8935220",
    "movie_id": "10186"
  },
  {
    "review": "여자를 강간하려는 남자, 그걸 막는 형사의 아들 석이 그리고 계속 반복되는 똑같은 레파토리와 당시 시대상으로는 뽑아내기 힘든 노출등으로 봤을때 위의 평들은 알바이거나 야동좋아하는 애들이니 보지마시길",
    "date": "14.07.14",
    "rating": "1",
    "author": "dudw****",
    "review_id": "8914734",
    "movie_id": "10186"
  },
  {
    "review": "당시 시대적 상황을 고려 최고였습니다. 지금의 연출력과 비교하는건 무리입니다.",
    "date": "14.07.12",
    "rating": "10",
    "author": "turf****",
    "review_id": "8907359",
    "movie_id": "10186"
  },
  {
    "review": "노래도 연기도 참 좋다.",
    "date": "14.06.30",
    "rating": "8",
    "author": "band****",
    "review_id": "8870565",
    "movie_id": "10186"
  },
  {
    "review": "오락영화로썬 당시 시대를 고려해봤을 때 부족함이 없다. 다만, 억지로 넣었어야 했던 교훈 덕분에 지금에 와서는 차마 못볼 영화가 되고 말았다.",
    "date": "14.06.10",
    "rating": "7",
    "author": "myda****",
    "review_id": "8818805",
    "movie_id": "10186"
  },
  {
    "review": "어린 꼬꼬마시절에 우연히 티비에서 해줄길래 보고 좀전에 케이블 영화 채널에서 해주길래 다시 봤는데 정말 재미있네요ㅎㅎ 그당시 티비에서 해줄땐 다 편집해서 보여줬던것 같은데 지금보니 야한장면두 꽤나옴ㅋ 아무튼 전영록 아찌 짱 멋지심 굿!! 원조 돌아이ㅋ",
    "date": "14.05.14",
    "rating": "10",
    "author": "qkrd****",
    "review_id": "8729134",
    "movie_id": "10186"
  },
  {
    "review": "당대 국내 최고 액션영화",
    "date": "14.05.04",
    "rating": "7",
    "author": "adiv****",
    "review_id": "8700390",
    "movie_id": "10186"
  },
  {
    "review": "산수를 배웠으면 분수를 알고 국어를 배웠으면 주제를 알아라....는 말은 이때도 있었네. 다시보니 대사 하나하나 다시 들리네",
    "date": "14.04.11",
    "rating": "10",
    "author": "mars****",
    "review_id": "8641254",
    "movie_id": "10186"
  },
  {
    "review": "유치했지만 그당시 전영록만 이런 영화를 찍을 수 있었다",
    "date": "13.11.06",
    "rating": "8",
    "author": "lees****",
    "review_id": "8118828",
    "movie_id": "10186"
  },
  {
    "review": "좋아요^^",
    "date": "13.08.25",
    "rating": "10",
    "author": "wan3****",
    "review_id": "7922829",
    "movie_id": "10186"
  },
  {
    "review": "내생의최고의  영화또보고싶어도 볼수있는곳을 몰라서대박아쉼",
    "date": "13.07.12",
    "rating": "10",
    "author": "one_****",
    "review_id": "7728961",
    "movie_id": "10186"
  },
  {
    "review": "한 장면, 한 장면을 놓칠수 없던 명작. 헌데 드릴러 그룹은 간첩한테 걸린게 아니라 단순한 약쟁이들이었는데...",
    "date": "13.07.08",
    "rating": "10",
    "author": "alon****",
    "review_id": "7716521",
    "movie_id": "10186"
  },
  {
    "review": "이두용 감독님의 실험정신이 보였던 영화...당시 영록이형님 제일 잘나갈때 찍은 영화..이후에 독불장군까지 최고의 전성기였음..그때 성룡형님과 종종 비교했었던 영록이 형님..멋진 영화임",
    "date": "13.07.01",
    "rating": "7",
    "author": "thra****",
    "review_id": "7694718",
    "movie_id": "10186"
  },
  {
    "review": "영록이형 노래만 듣기좋은게 아니라, 영화도 참 대단했구나, 영화가 얼마나 대중에게 어필했으면 돌아이란 단어가 여지껏 사용되겠는가...그것만해도 오랫동안 기억에 남는 영화다...노홍철을 주연으로한 리메이크판도 나왔으면 한다.",
    "date": "13.04.23",
    "rating": "10",
    "author": "bajj****",
    "review_id": "7476623",
    "movie_id": "10186"
  },
  {
    "review": "지금의 20대로써, 30년전 우리나라영화의 신스사운드의 향연에 충격을 받았다. 패션도 멋졋다.",
    "date": "13.03.18",
    "rating": "10",
    "author": "myou****",
    "review_id": "7359648",
    "movie_id": "10186"
  },
  {
    "review": "그 시대에 이 정도 영화는 온몸으로 그대로 찍은 대단한 영화이다. 전영록이기 가능",
    "date": "12.06.21",
    "rating": "10",
    "author": "sinb****",
    "review_id": "6405341",
    "movie_id": "10186"
  },
  {
    "review": "한국 최고의 액션영화라고 해도될듯 한국판 성룡!!",
    "date": "12.04.07",
    "rating": "9",
    "author": "ssiv****",
    "review_id": "6200018",
    "movie_id": "10186"
  },
  {
    "review": "80년대 대중이 좋아할만한 요소를 다 집어넣었다.",
    "date": "11.04.24",
    "rating": "6",
    "author": "mist****",
    "review_id": "5390114",
    "movie_id": "10186"
  },
  {
    "review": "감독 밸류에 비해 지나치게 초라하다.",
    "date": "10.09.21",
    "rating": "1",
    "author": "pria****",
    "review_id": "4852555",
    "movie_id": "10186"
  },
  {
    "review": "무슨 컬트영화 같다..이두용이 이런 감독이었나?흠좀무",
    "date": "10.09.08",
    "rating": "5",
    "author": "0323****",
    "review_id": "4823463",
    "movie_id": "10186"
  },
  {
    "review": "원조 닌자어쌔신 ㅠㅠ",
    "date": "10.02.07",
    "rating": "10",
    "author": "suse****",
    "review_id": "4253985",
    "movie_id": "10186"
  },
  {
    "review": "무협영화를 너무 많이 본 부작용...",
    "date": "10.01.31",
    "rating": "5",
    "author": "mygr****",
    "review_id": "4226505",
    "movie_id": "10186"
  },
  {
    "review": "송아지는 삐약삐약 병아리는 음메  와 이거 짱이다",
    "date": "09.06.17",
    "rating": "10",
    "author": "whdd****",
    "review_id": "3572573",
    "movie_id": "10186"
  },
  {
    "review": "어렸을때 참 재밌게 봤던 기억이",
    "date": "09.04.24",
    "rating": "10",
    "author": "oqre****",
    "review_id": "3437799",
    "movie_id": "10186"
  },
  {
    "review": "유치하지만 괜찮다..삼십대가 되어 보니 참 옛날기억이 새록새록",
    "date": "09.01.30",
    "rating": "6",
    "author": "susa****",
    "review_id": "3264127",
    "movie_id": "10186"
  },
  {
    "review": "소년시절의 추억",
    "date": "08.12.08",
    "rating": "9",
    "author": "park****",
    "review_id": "3100658",
    "movie_id": "10186"
  },
  {
    "review": "고전 액션명작. 허나 여기저기 조악함을 감출수는 없다. 리메이크 되었으면 하는 작품",
    "date": "08.12.05",
    "rating": "6",
    "author": "urus****",
    "review_id": "3092471",
    "movie_id": "10186"
  },
  {
    "review": "옛추억이 새록새록.. 이런 영화 리바이벌 안하나? 감독은 류승완 추천..!!",
    "date": "08.10.02",
    "rating": "10",
    "author": "upst****",
    "review_id": "2978014",
    "movie_id": "10186"
  },
  {
    "review": "주인공전영록의 바보스럽운연기가 정말 끝내준다이거보고 웃어죽을뻔했다",
    "date": "08.07.24",
    "rating": "9",
    "author": "ldg0****",
    "review_id": "2799904",
    "movie_id": "10186"
  },
  {
    "review": "어렸을때 잼나게 봤다 ^^",
    "date": "08.06.21",
    "rating": "10",
    "author": "fera****",
    "review_id": "2710774",
    "movie_id": "10186"
  },
  {
    "review": "영원한 젊은 오빠 정팀장님!! 액션최고 어..기완아",
    "date": "08.06.04",
    "rating": "10",
    "author": "02kw****",
    "review_id": "2679336",
    "movie_id": "10186"
  },
  {
    "review": "영원한 젊은 오빠 전영록",
    "date": "08.05.25",
    "rating": "7",
    "author": "meth****",
    "review_id": "2661532",
    "movie_id": "10186"
  },
  {
    "review": "시도가 정말 좋았다 전영록",
    "date": "07.10.26",
    "rating": "6",
    "author": "deff****",
    "review_id": "2112420",
    "movie_id": "10186"
  },
  {
    "review": "한번 또다시 리메이크 되어야 한다... 로우파이로...",
    "date": "07.08.16",
    "rating": "10",
    "author": "mari****",
    "review_id": "1946479",
    "movie_id": "10186"
  },
  {
    "review": "옛날TV로 봤는데 재밌었어요,,다 못봐서 9점이에요~!",
    "date": "07.08.14",
    "rating": "8",
    "author": "zoot****",
    "review_id": "1936222",
    "movie_id": "10186"
  },
  {
    "review": "영원한 오빠 영록님의 젊음...",
    "date": "07.08.08",
    "rating": "8",
    "author": "typo****",
    "review_id": "1906750",
    "movie_id": "10186"
  },
  {
    "review": "어릴적에 봤는데 그땐 최고였다 지금보면 어떨지 몰라도 ㅎㅎ",
    "date": "07.08.05",
    "rating": "10",
    "author": "cart****",
    "review_id": "1884306",
    "movie_id": "10186"
  },
  {
    "review": "지금보면 유치하지만 당시엔 최고의 액션무비였다!",
    "date": "07.08.03",
    "rating": "8",
    "author": "hide****",
    "review_id": "1864834",
    "movie_id": "10186"
  },
  {
    "review": "초등학교때한번보고오늘한번보고~역시!!류승완감독의리메이크제발!!이루어지길",
    "date": "07.08.01",
    "rating": "10",
    "author": "viva****",
    "review_id": "1843198",
    "movie_id": "10186"
  },
  {
    "review": "누나들이 무시했던거 생각나네...ㅋㅋㅋㅋㅋㅋㅋㅋㅋㅋㅋ",
    "date": "07.06.17",
    "rating": "10",
    "author": "ukhk****",
    "review_id": "1706867",
    "movie_id": "10186"
  },
  {
    "review": "85년영화인데 너무 퇴폐적이다. 추억이 아니고 절망이다.",
    "date": "07.05.19",
    "rating": "1",
    "author": "j388****",
    "review_id": "1646413",
    "movie_id": "10186"
  },
  {
    "review": "내가 일곱살때 개봉한 영화...이모,삼촌뻘되는 분들이 공감할 영화",
    "date": "07.05.03",
    "rating": "8",
    "author": "sbrl****",
    "review_id": "1617973",
    "movie_id": "10186"
  },
  {
    "review": "지금보면 유치해서 절대 못 볼껄 하지만 옛날에 봤으니",
    "date": "07.01.12",
    "rating": "7",
    "author": "nala****",
    "review_id": "1378387",
    "movie_id": "10186"
  },
  {
    "review": "당시엔 무지 잼있게 봤지",
    "date": "07.01.09",
    "rating": "4",
    "author": "ppp0****",
    "review_id": "1370040",
    "movie_id": "10186"
  },
  {
    "review": "내가본 1.2.3.4 편 모두 본영화",
    "date": "06.09.14",
    "rating": "10",
    "author": "haya****",
    "review_id": "1120885",
    "movie_id": "10186"
  },
  {
    "review": "아..ㅋ80년대 한국 오락무비의 결정판.",
    "date": "06.07.28",
    "rating": "10",
    "author": "zeed****",
    "review_id": "932269",
    "movie_id": "10186"
  },
  {
    "review": "80년대 아이돌 스타 전영록",
    "date": "06.07.01",
    "rating": "7",
    "author": "park****",
    "review_id": "865111",
    "movie_id": "10186"
  },
  {
    "review": "20대초반이지만 봐버렸네요ㅋ오토바이씬 아주 멋져ㅋ액션도ㅋ",
    "date": "06.02.05",
    "rating": "7",
    "author": "myst****",
    "review_id": "649061",
    "movie_id": "10186"
  },
  {
    "review": "효과음이 기가막혔던 영화",
    "date": "05.12.26",
    "rating": "10",
    "author": "kws7****",
    "review_id": "529768",
    "movie_id": "10186"
  },
  {
    "review": "영웅본색 전영록!",
    "date": "05.12.14",
    "rating": "4",
    "author": "tara****",
    "review_id": "505069",
    "movie_id": "10186"
  },
  {
    "review": "요즘 고딩.20세초반 분들은 보았을라나?",
    "date": "05.07.28",
    "rating": "9",
    "author": "izzo****",
    "review_id": "337053",
    "movie_id": "10186"
  },
  {
    "review": "내가 옛날에 재미있게 봤던 영화중에 하나 추억에 많이 남지요.",
    "date": "05.05.25",
    "rating": "10",
    "author": "pkj0****",
    "review_id": "286070",
    "movie_id": "10186"
  },
  {
    "review": "80년대 최고의 액숀영화~~~~~",
    "date": "04.11.25",
    "rating": "8",
    "author": "taaz****",
    "review_id": "151510",
    "movie_id": "10186"
  },
  {
    "review": "옛날에 재밌게 봤던 영화중 하나",
    "date": "04.11.05",
    "rating": "10",
    "author": "wood****",
    "review_id": "140136",
    "movie_id": "10186"
  }
]