[
  {
    "review_id": "10101025",
    "movie_id": "101897",
    "author": "leye****",
    "review": "새로운 자극과 일상이 녹아있는 영화였어요",
    "rating": "9",
    "date": "15.07.13"
  },
  {
    "review_id": "10089340",
    "movie_id": "101897",
    "author": "rd72****",
    "review": "흔하디 흔한 소재에, 입장만 바꿨을 뿐",
    "rating": "5",
    "date": "15.07.10"
  },
  {
    "review_id": "9890234",
    "movie_id": "101897",
    "author": "anno****",
    "review": "40대의 권태로움을 잘 표현한 영화!",
    "rating": "8",
    "date": "15.05.03"
  },
  {
    "review_id": "9834331",
    "movie_id": "101897",
    "author": "yi20****",
    "review": "외로우면 그런가봐 뭐 그럴수 있을것 같아.",
    "rating": "8",
    "date": "15.04.08"
  },
  {
    "review_id": "9783848",
    "movie_id": "101897",
    "author": "cinc****",
    "review": "감각적이기만 하지 않아서 좋았네요 동행에 대한 메시지~",
    "rating": "8",
    "date": "15.03.15"
  },
  {
    "review_id": "9654524",
    "movie_id": "101897",
    "author": "comb****",
    "review": "여성 심리상 이중성을 잘 보여준 훌륭한 무비의 하나...",
    "rating": "7",
    "date": "15.01.31"
  },
  {
    "review_id": "9528301",
    "movie_id": "101897",
    "author": "jy_0****",
    "review": "재미있다. 성별지향을 넘어 그냥 공감가는 이야기. 오래된 커플이면 겪을 수 있는 흔한 갈등이어서 그런지..",
    "rating": "10",
    "date": "14.12.28"
  },
  {
    "review_id": "9501004",
    "movie_id": "101897",
    "author": "lhe0****",
    "review": "올해영화중 가장기억에남는영화",
    "rating": "10",
    "date": "14.12.22"
  },
  {
    "review_id": "9471995",
    "movie_id": "101897",
    "author": "bles****",
    "review": "끊임없는 권태로움의 극복이 살아가게 한다",
    "rating": "7",
    "date": "14.12.14"
  },
  {
    "review_id": "9427275",
    "movie_id": "101897",
    "author": "phss****",
    "review": "그들을 이해하며, 사랑에는 남녀노소가 없다...",
    "rating": "7",
    "date": "14.11.27"
  },
  {
    "review_id": "9304334",
    "movie_id": "101897",
    "author": "pshi****",
    "review": "생각보다 는  덜...  충격적이었던   영화....",
    "rating": "8",
    "date": "14.10.20"
  },
  {
    "review_id": "9280768",
    "movie_id": "101897",
    "author": "qwep****",
    "review": "보면 운동이 하고 싶다고 생각했다",
    "rating": "7",
    "date": "14.10.10"
  },
  {
    "review_id": "9184726",
    "movie_id": "101897",
    "author": "anne****",
    "review": "정말 보고 싶었는데 못본",
    "rating": "8",
    "date": "14.09.08"
  },
  {
    "review_id": "9136046",
    "movie_id": "101897",
    "author": "kyr9****",
    "review": "태풍의 눈 같은 영화. 파격적인 소재 선정과 스토리.하지만, 외관의 회오리보다 그 속의 안정감이 더 큰 이야기.",
    "rating": "8",
    "date": "14.08.26"
  },
  {
    "review_id": "9128302",
    "movie_id": "101897",
    "author": "cook****",
    "review": "20대보다 더 혼란스러운 30대를 지난 40대의 일탈.",
    "rating": "8",
    "date": "14.08.24"
  },
  {
    "review_id": "9107042",
    "movie_id": "101897",
    "author": "kkos****",
    "review": "내면이 돋보이는 영화 .",
    "rating": "10",
    "date": "14.08.18"
  },
  {
    "review_id": "9065585",
    "movie_id": "101897",
    "author": "mo66****",
    "review": "일부러 모모하우스까지 가서 봤는데... 개인적으로 소재, 연기, 매력 비추",
    "rating": "1",
    "date": "14.08.10"
  },
  {
    "review_id": "9042320",
    "movie_id": "101897",
    "author": "nahy****",
    "review": "흥미로운 주제를 잔잔하게 즐겁게 풀어나가서 좋았어요",
    "rating": "9",
    "date": "14.08.07"
  },
  {
    "review_id": "9028200",
    "movie_id": "101897",
    "author": "sis0****",
    "review": "흥미로운 소재로 이야기를 끌어가지만 전달하려는 메시지가 빈약한 느낌. 그래도 충분히 매력적인 영화였다.",
    "rating": "8",
    "date": "14.08.04"
  },
  {
    "review_id": "9002537",
    "movie_id": "101897",
    "author": "sh03****",
    "review": "재밌게보았습니다~~",
    "rating": "10",
    "date": "14.08.01"
  },
  {
    "review_id": "8977922",
    "movie_id": "101897",
    "author": "nkse****",
    "review": "well...very good!",
    "rating": "8",
    "date": "14.07.29"
  },
  {
    "review_id": "8963032",
    "movie_id": "101897",
    "author": "0107****",
    "review": "제목과 내용이 잘 어울리지 않는듯. 중년 레즈비언 의 이야기지만 우리의 지루한 삶과 연관지어 생각할 수 있도록 해준다.",
    "rating": "7",
    "date": "14.07.26"
  },
  {
    "review_id": "8952153",
    "movie_id": "101897",
    "author": "itor****",
    "review": "결국엔 사람의 이야기였다. 누구나 한번쯤은 겪을 수 밖에 없는 일상의 익숙함에 대한 이야기. 누구에게나 익숙함이 지루함으로 다가올 수 있듯이.",
    "rating": "9",
    "date": "14.07.24"
  },
  {
    "review_id": "8920222",
    "movie_id": "101897",
    "author": "hiju****",
    "review": "동성이든  이성이든 인간이 사랑하고 싸우고 살아가는 모습은 비슷비슷하다...",
    "rating": "3",
    "date": "14.07.16"
  },
  {
    "review_id": "8916293",
    "movie_id": "101897",
    "author": "bloo****",
    "review": "잔잔하지만. 다 보고나면 뭔가 훅 하고 느껴지는 뜨거운 영화.. 잔잔한 삶의 이야기라고만 하기에 여자로써의 삶에 대한 이야기가 뜨겁게 전해지네요..",
    "rating": "10",
    "date": "14.07.14"
  },
  {
    "review_id": "8904665",
    "movie_id": "101897",
    "author": "core****",
    "review": "캐허접....잉여 레즈비언 대뇌망상 합리화 야부리....",
    "rating": "10",
    "date": "14.07.11"
  },
  {
    "review_id": "8900626",
    "movie_id": "101897",
    "author": "b_vs****",
    "review": "생각보다 가볍게 볼 수 있는 권태이야기",
    "rating": "6",
    "date": "14.07.10"
  },
  {
    "review_id": "8899071",
    "movie_id": "101897",
    "author": "gold****",
    "review": "등장인물이 레즈비언이라는 사실이 전혀 거슬리지 않는 40대 여성의 성적 욕망에 대한 섬세한 관찰이 돋보이는 영화이다.",
    "rating": "8",
    "date": "14.07.09"
  },
  {
    "review_id": "8889148",
    "movie_id": "101897",
    "author": "flyi****",
    "review": "여성영화제에서 알게된후 대구에서 보았는데요, 평범하게살아가는 레즈비언 부부중 한여자가 겪는 변화?랄까요 마무리도좋고 화면구성도좋았어요^^ 주인공이 오바도 없고 편하게 관람했습니다!! 추천",
    "rating": "10",
    "date": "14.07.06"
  },
  {
    "review_id": "8886370",
    "movie_id": "101897",
    "author": "vnm1****",
    "review": "스케일이 큰 일상탈출 결국은 조강치처(?) 아니 현실로 돌아오기 위한 몸부림?",
    "rating": "7",
    "date": "14.07.05"
  },
  {
    "review_id": "8875871",
    "movie_id": "101897",
    "author": "cand****",
    "review": "紐⑦넗濡쒕씪異⑹쟾濡",
    "rating": "1",
    "date": "14.07.02"
  },
  {
    "review_id": "8873395",
    "movie_id": "101897",
    "author": "wind****",
    "review": "레즈비언이라는 소재와 엉터리로 지어진 한국 제목으로 이목을 끌지만, 사실은 그냥 삶에 관한 이야기. 일상에 매몰되어 질질 끌려가는 삶을 살던 주인공이 현실과 분리된 일탈을 통해 타인을 치유하고 자신도 치유받는다는 흔한 이야기를 레즈비언으로 새롭게 포장",
    "rating": "6",
    "date": "14.07.01"
  },
  {
    "review_id": "8872880",
    "movie_id": "101897",
    "author": "ryko****",
    "review": "모호한 영향을 주는 커피 한 잔",
    "rating": "7",
    "date": "14.07.01"
  },
  {
    "review_id": "8872145",
    "movie_id": "101897",
    "author": "dudu****",
    "review": "큰 스토리를 이루고있지는 않지만 평범하지 않은 소재를 잔잔하게 풀어나가는 느낌을 주는 영화였어요.특히 인물의 감정을 공감해보며 감상할 수있는 영화인듯",
    "rating": "7",
    "date": "14.06.30"
  },
  {
    "review_id": "8870494",
    "movie_id": "101897",
    "author": "gumc****",
    "review": "40대판 엘워드 라는 말만 안하면 완벽할거 같다 . 세련미가 돋보이는 섹시한 영화",
    "rating": "10",
    "date": "14.06.30"
  },
  {
    "review_id": "8869469",
    "movie_id": "101897",
    "author": "scsc****",
    "review": "심심하다. 어떤 느낌을 주고싶은진 알겠으나..",
    "rating": "6",
    "date": "14.06.29"
  },
  {
    "review_id": "8862780",
    "movie_id": "101897",
    "author": "534k****",
    "review": "어디서 많이 본듯한...",
    "rating": "9",
    "date": "14.06.28"
  },
  {
    "review_id": "8861936",
    "movie_id": "101897",
    "author": "ashw****",
    "review": "생각했던 내용이랑 약간다르긴한데보이는것만생각하면 살짝 불편했던영화하지만 엄마로.주부로 살아간다는 것이 어떤건지갱년기여성의모습을 잘그려냄",
    "rating": "8",
    "date": "14.06.27"
  },
  {
    "review_id": "8861651",
    "movie_id": "101897",
    "author": "yjk4****",
    "review": "영화 분위기랑 음악이 너무 좋았어요~기존에 동성애코드 영화랑은 다른 구성이라 신선했어요",
    "rating": "8",
    "date": "14.06.27"
  },
  {
    "review_id": "8857571",
    "movie_id": "101897",
    "author": "cats****",
    "review": "충격적인 소재인데 정작 영화는 능청스러울 만큼 자연스럽게 흘러간다. 대사가 재미있으면서도 군말이 없고 딱 할말만 한다. 연출이고 캐릭이고, 참 낭비가 없고 깔끔하고 정확하다. 영화를 보니 나도  하고 싶다는 생각이 들었다. '행복'하고 싶다는 생각ㅎㅎ",
    "rating": "9",
    "date": "14.06.26"
  },
  {
    "review_id": "8856945",
    "movie_id": "101897",
    "author": "baby****",
    "review": "미국판 사랑과 전쟁? 제목으로 어그로만 안 끌었으면 좋았을텐데",
    "rating": "10",
    "date": "14.06.26"
  }
]