[
  {
    "review": "적위 완전 초간지.ㅎ 김사장.ㅎㅎ",
    "date": "14.10.31",
    "rating": "10",
    "author": "hiph****",
    "review_id": "9331754",
    "movie_id": "10193"
  },
  {
    "review": "최고의 액션영화",
    "date": "13.08.19",
    "rating": "10",
    "author": "xorb****",
    "review_id": "7901891",
    "movie_id": "10193"
  },
  {
    "review": "적위 오랜만에보는얼굴",
    "date": "09.12.31",
    "rating": "9",
    "author": "dnjs****",
    "review_id": "4111721",
    "movie_id": "10193"
  },
  {
    "review": "그 어떤 무협영화를 봐도, 이 영화만큼 쿵푸가 배우고 싶었던 적이 없었지",
    "date": "08.07.12",
    "rating": "8",
    "author": "ccpk****",
    "review_id": "2755602",
    "movie_id": "10193"
  },
  {
    "review": "동네 극장에서 동시상영으로 심형래의 '따귀 일곱대'와 같이 봤음.",
    "date": "08.04.07",
    "rating": "8",
    "author": "bepl****",
    "review_id": "2566159",
    "movie_id": "10193"
  },
  {
    "review": "저 세녀석 지금은 삼합회 보스되있는거 아니야?",
    "date": "07.10.02",
    "rating": "7",
    "author": "stra****",
    "review_id": "2066418",
    "movie_id": "10193"
  },
  {
    "review": "우리나이때이거안본사람없을듯.근데5편이젤루재미있는데없네",
    "date": "05.12.30",
    "rating": "9",
    "author": "izzo****",
    "review_id": "541914",
    "movie_id": "10193"
  },
  {
    "review": "호소자 시리즈중 가장 재밌었던 작품, 악당으로 적위가 열연",
    "date": "05.10.03",
    "rating": "7",
    "author": "rood****",
    "review_id": "432681",
    "movie_id": "10193"
  },
  {
    "review": "최고였다, 하하~!",
    "date": "04.12.05",
    "rating": "8",
    "author": "kpcc****",
    "review_id": "157153",
    "movie_id": "10193"
  },
  {
    "review": "국민학교때의 추억",
    "date": "04.05.26",
    "rating": "9",
    "author": "nams****",
    "review_id": "46465",
    "movie_id": "10193"
  }
]