[
  {
    "review_id": "10276943",
    "movie_id": "101901",
    "author": "thev****",
    "review": "따질 건 따져서 영화가 재미 있었음. 믿고보는 송배우랑 악한 마스크를 제대로 쓴 곽배우, 신인같지 않았던 임배우 연기 소름돋았어요스토리도 재미있었기 때문에 흥행 안한 게 신기함",
    "rating": "8",
    "date": "15.08.26"
  },
  {
    "review_id": "10276205",
    "movie_id": "101901",
    "author": "hior****",
    "review": "이런 변호사도 있네요.. 멋집니다.",
    "rating": "10",
    "date": "15.08.26"
  },
  {
    "review_id": "10273105",
    "movie_id": "101901",
    "author": "skyo****",
    "review": "송강호 역대급 연기 멋진배우.",
    "rating": "10",
    "date": "15.08.25"
  },
  {
    "review_id": "10272850",
    "movie_id": "101901",
    "author": "wldu****",
    "review": "와 송강호연기너무잘한다 정의와진실은살아있다",
    "rating": "10",
    "date": "15.08.25"
  },
  {
    "review_id": "10269275",
    "movie_id": "101901",
    "author": "kknm****",
    "review": "일단은 영화가 넘 재밌었고 좋은 영화였다. 중간부터 보는내내 너무 답답하고 화가 나서 죽을뻔 했지만..",
    "rating": "9",
    "date": "15.08.23"
  },
  {
    "review_id": "10268780",
    "movie_id": "101901",
    "author": "gael****",
    "review": "정말 좌편향적인 영화. 미화시킬 인물은 아니다",
    "rating": "1",
    "date": "15.08.23"
  },
  {
    "review_id": "10268712",
    "movie_id": "101901",
    "author": "0106****",
    "review": "완전 재밌게 보고 있어유♡♡♡♡ 강추강추강추",
    "rating": "10",
    "date": "15.08.23"
  },
  {
    "review_id": "10267506",
    "movie_id": "101901",
    "author": "gudd****",
    "review": "일베꺼져라두번봐도 좋습니다어리지만 국가에대해 국민에대해 생각해보았습니다",
    "rating": "10",
    "date": "15.08.23"
  },
  {
    "review_id": "10264772",
    "movie_id": "101901",
    "author": "aimi****",
    "review": "상영시간이 길었지만 전혀 지루하지 않았고 이 영화의 모티브가 노무현 전 대통령의 부림사건이었다는 것에 또 놀랐다. 이토록 멋있고 현명하며 불의를 못 참고 진실을 알리려 노력했던 변호사의 말년이 새삼 안타까워졌다.",
    "rating": "8",
    "date": "15.08.22"
  },
  {
    "review_id": "10264392",
    "movie_id": "101901",
    "author": "acok****",
    "review": "좋아요 다시 보고 싶은 영화",
    "rating": "10",
    "date": "15.08.22"
  },
  {
    "review_id": "10262471",
    "movie_id": "101901",
    "author": "skfn****",
    "review": "이 영화는처음에허구라써있지만 모든것이사실이라하면뒤집어질게 보이기에 허구가 섞여 있다 말한 것일뿐. 노무현 대통령께서 어떻게 부산 시민의 마음을 얻고 대통령의 자리까지 올수있었는지를온마음으로느꼈습니다.만들어주셔서 감사합니다. 마지막에는울 수밖에없었어요.",
    "rating": "10",
    "date": "15.08.22"
  },
  {
    "review_id": "10262211",
    "movie_id": "101901",
    "author": "bamb****",
    "review": "생각이 많아지는 영화.",
    "rating": "10",
    "date": "15.08.22"
  },
  {
    "review_id": "10261901",
    "movie_id": "101901",
    "author": "kyki****",
    "review": "재미잇네요 잘만들었어요",
    "rating": "8",
    "date": "15.08.22"
  },
  {
    "review_id": "10261606",
    "movie_id": "101901",
    "author": "zzzz****",
    "review": "생각햇던거보단 아니지만 볼만햇음",
    "rating": "8",
    "date": "15.08.22"
  },
  {
    "review_id": "10261227",
    "movie_id": "101901",
    "author": "kore****",
    "review": "손바닥으로 하늘을 가린게 오래가지는 않을껍니다",
    "rating": "10",
    "date": "15.08.22"
  },
  {
    "review_id": "10260584",
    "movie_id": "101901",
    "author": "pont****",
    "review": "이런 영화 찍어대니 북한이 우릴 우습게 보는거야.",
    "rating": "1",
    "date": "15.08.22"
  },
  {
    "review_id": "10256125",
    "movie_id": "101901",
    "author": "ymjs****",
    "review": "일베충들아 부모님을 생각해 :)",
    "rating": "10",
    "date": "15.08.20"
  },
  {
    "review_id": "10254447",
    "movie_id": "101901",
    "author": "ljh9****",
    "review": "너무 좌편향적인 내용이 많네요.",
    "rating": "1",
    "date": "15.08.20"
  },
  {
    "review_id": "10251599",
    "movie_id": "101901",
    "author": "bu98****",
    "review": "지금의 대한민국도 민주주의의 정의가 올바른지 다시 생각하게 되네요..",
    "rating": "10",
    "date": "15.08.19"
  },
  {
    "review_id": "10249265",
    "movie_id": "101901",
    "author": "govl****",
    "review": "대박ㅎㅎ영화원래영화보고이렇게평점안남기는데 너무대박이여서 글올리고갑니다",
    "rating": "10",
    "date": "15.08.18"
  },
  {
    "review_id": "10246583",
    "movie_id": "101901",
    "author": "somg****",
    "review": "레알이다 이영화...",
    "rating": "10",
    "date": "15.08.17"
  },
  {
    "review_id": "10243870",
    "movie_id": "101901",
    "author": "mida****",
    "review": "모범운전자... 최고... 그립다...송강호 변호연기 짱",
    "rating": "10",
    "date": "15.08.17"
  },
  {
    "review_id": "10243228",
    "movie_id": "101901",
    "author": "hong****",
    "review": "송강호의 명연기 최곱니다",
    "rating": "10",
    "date": "15.08.16"
  },
  {
    "review_id": "10242886",
    "movie_id": "101901",
    "author": "sofa****",
    "review": "노무현 대통령님이 그립다 ㅜ",
    "rating": "10",
    "date": "15.08.16"
  },
  {
    "review_id": "10241624",
    "movie_id": "101901",
    "author": "bigt****",
    "review": "노짱 미만잡 ㅇㅇ 일간베스트는 노무현을 사랑하고 지지합니다",
    "rating": "10",
    "date": "15.08.16"
  },
  {
    "review_id": "10240663",
    "movie_id": "101901",
    "author": "mir1****",
    "review": "그립습니다. 노짱!!!",
    "rating": "10",
    "date": "15.08.16"
  },
  {
    "review_id": "10238695",
    "movie_id": "101901",
    "author": "bjnh****",
    "review": "정말 잘 만들었네요.감동적이고 의미가 많은 영화",
    "rating": "10",
    "date": "15.08.16"
  },
  {
    "review_id": "10235727",
    "movie_id": "101901",
    "author": "pink****",
    "review": "오늘 같은날 보고 싶은 영화. 광복이후..과연 주권은 국민에게 있는가?",
    "rating": "10",
    "date": "15.08.15"
  },
  {
    "review_id": "10234679",
    "movie_id": "101901",
    "author": "sury****",
    "review": "많은 생각을 하게되는 영화....",
    "rating": "9",
    "date": "15.08.15"
  },
  {
    "review_id": "10234672",
    "movie_id": "101901",
    "author": "swes****",
    "review": "대한민국의 빛과 소금 현재도  ing...중 이분들로 인해 나라가 꾸역꾸역 이어져간다. 존경합니다",
    "rating": "10",
    "date": "15.08.15"
  },
  {
    "review_id": "10232485",
    "movie_id": "101901",
    "author": "kong****",
    "review": "감동적이네요..ㅜㅜ",
    "rating": "9",
    "date": "15.08.15"
  },
  {
    "review_id": "10231690",
    "movie_id": "101901",
    "author": "ywki****",
    "review": "정말 썩어빠졌다. 경악을 금치 못할만큼 충격적인 국가 현실이다.",
    "rating": "10",
    "date": "15.08.15"
  },
  {
    "review_id": "10227037",
    "movie_id": "101901",
    "author": "rlgu****",
    "review": "몇번을 다시본 영화!!!!",
    "rating": "10",
    "date": "15.08.14"
  },
  {
    "review_id": "10226347",
    "movie_id": "101901",
    "author": "frie****",
    "review": "한국도 이런 영화를  만들기를 기다렷다. JFK,, 모두가  대통령의 사람들 같은 미국영화. 이런 영화를 만들기를. 박정희 , 전두환, 일제시대 매국노들의  만행에 대항한 많은 애국자들의 영화를",
    "rating": "10",
    "date": "15.08.14"
  },
  {
    "review_id": "10224416",
    "movie_id": "101901",
    "author": "mkj0****",
    "review": "이딴게 9점이넘어 선동은 참으로 무섭구나",
    "rating": "1",
    "date": "15.08.13"
  },
  {
    "review_id": "10221796",
    "movie_id": "101901",
    "author": "kjhr****",
    "review": "그냥...최고다..",
    "rating": "10",
    "date": "15.08.13"
  },
  {
    "review_id": "10219453",
    "movie_id": "101901",
    "author": "tysl****",
    "review": "ㅎㅎ감동적ㅔ요 ㅜㅜ정말정말",
    "rating": "10",
    "date": "15.08.12"
  },
  {
    "review_id": "10219264",
    "movie_id": "101901",
    "author": "donl****",
    "review": "딱 8점정도가 적당한 영화..송광호가 아니었다면...이보단 점수가 낮았을듯..",
    "rating": "8",
    "date": "15.08.12"
  },
  {
    "review_id": "10219116",
    "movie_id": "101901",
    "author": "hsp9****",
    "review": "영웅은 혼탁한 세상속에 태어난다 정치계의 영웅탄생을 바라며",
    "rating": "10",
    "date": "15.08.12"
  },
  {
    "review_id": "10218635",
    "movie_id": "101901",
    "author": "ckdw****",
    "review": "만들어주셔서 감사합니다..",
    "rating": "10",
    "date": "15.08.12"
  },
  {
    "review_id": "10216438",
    "movie_id": "101901",
    "author": "esj1****",
    "review": "화가 치밀어 오르는 영화입니다다시는 저런 어리석은 역사를 되풀이하지 않았으면..",
    "rating": "10",
    "date": "15.08.11"
  },
  {
    "review_id": "10215336",
    "movie_id": "101901",
    "author": "lch9****",
    "review": "내 눈물의 근원이 사랑도 가족도 아닌 국가여야 하는 이 현실이 슬프다.",
    "rating": "10",
    "date": "15.08.11"
  },
  {
    "review_id": "10214917",
    "movie_id": "101901",
    "author": "ilov****",
    "review": "재미는 있는 영화. DJ는 왜?",
    "rating": "2",
    "date": "15.08.11"
  },
  {
    "review_id": "10211918",
    "movie_id": "101901",
    "author": "dino****",
    "review": "과거 정부의 모순제도. 반공이라는 격리체제. 이걸 떠받드는 사람들이 아직 존재한다는 세상에 산다는 것이 부끄럽다. 분열은 영원히 분열만 생긴다.",
    "rating": "10",
    "date": "15.08.10"
  },
  {
    "review_id": "10210897",
    "movie_id": "101901",
    "author": "park****",
    "review": "좋은 의도와 좋은 배우인건 알겠다만 평소에 맨날 정치가지고 싸움질 하는거 보는 것도 지루하고 짜증난데 영화보고나서까지 정치 편가르고 하는거 자체가 보기가 싫다. 영화에는 정치가 관여하지 않기를 바람.",
    "rating": "5",
    "date": "15.08.10"
  },
  {
    "review_id": "10205325",
    "movie_id": "101901",
    "author": "wonj****",
    "review": "과거가 현재와 미래에 똑같이 반복 하지않도록 대한민국의 민주주의를 다시 되돌아봅시다...",
    "rating": "10",
    "date": "15.08.09"
  },
  {
    "review_id": "10200499",
    "movie_id": "101901",
    "author": "hong****",
    "review": "감사하며 살 수 있게 만들어준 영화",
    "rating": "10",
    "date": "15.08.08"
  },
  {
    "review_id": "10198569",
    "movie_id": "101901",
    "author": "sgk4****",
    "review": "ㅋㅋㅋㅋ 알바들 보소 ㅈ씹노잼인데 그렇게 해서라도 미화질 하고싶니 ㅋㅋ",
    "rating": "1",
    "date": "15.08.07"
  },
  {
    "review_id": "10198438",
    "movie_id": "101901",
    "author": "dele****",
    "review": "인생영화...몇번을돌려봐도ㅠㅠㅠㅠ",
    "rating": "10",
    "date": "15.08.07"
  },
  {
    "review_id": "10197776",
    "movie_id": "101901",
    "author": "endy****",
    "review": "허구가 아닌 허구의 영화",
    "rating": "10",
    "date": "15.08.07"
  },
  {
    "review_id": "10196054",
    "movie_id": "101901",
    "author": "jami****",
    "review": "고 노무현 전대통령님! 님의 삶은 역사가 재평가 할 것입니다. 대통령님의 일생으로 대한민국과 국민의 의식이 바뀌었습니다. 감사합니다.",
    "rating": "10",
    "date": "15.08.07"
  },
  {
    "review_id": "10194655",
    "movie_id": "101901",
    "author": "sang****",
    "review": "언제나봐도 감동적인 영화다. 내 꿈을 한층 더 키워준 영화 중 하나",
    "rating": "10",
    "date": "15.08.06"
  },
  {
    "review_id": "10194310",
    "movie_id": "101901",
    "author": "wheh****",
    "review": "굳굳기민으눌ㅇ널ㄴㄹㄹ",
    "rating": "10",
    "date": "15.08.06"
  },
  {
    "review_id": "10194082",
    "movie_id": "101901",
    "author": "sayo****",
    "review": "느낀것이 많았던 영화입니다.",
    "rating": "10",
    "date": "15.08.06"
  },
  {
    "review_id": "10192892",
    "movie_id": "101901",
    "author": "room****",
    "review": "정말 재밌게 봤어요~^^",
    "rating": "10",
    "date": "15.08.06"
  },
  {
    "review_id": "10192856",
    "movie_id": "101901",
    "author": "suwo****",
    "review": "별점 테러하는 일베충들아. 너네들이 그렇게 말도 안되는짓거리들하면서 자유롭게 나댈 수 있는게 민주주의를 위해서 노력하신 사람들 덕분이다. 여기와서도 그런짓거리들 하다니ㅋㅋㅋㅋ 한심하다ㅋㅋ ㅉㅉㅉ",
    "rating": "10",
    "date": "15.08.06"
  },
  {
    "review_id": "10191547",
    "movie_id": "101901",
    "author": "sund****",
    "review": "진짜 이런 평점 리뷰 같은 것들 안 남기는데  안 남 길 수가 없는 영화 정말 정말 재미있게 보고 왔습니다. 실시간이에요 망설이지 말고보세요.",
    "rating": "10",
    "date": "15.08.06"
  },
  {
    "review_id": "10188756",
    "movie_id": "101901",
    "author": "rhdw****",
    "review": "감명 깊게 본 영화다 추천하고갑니다",
    "rating": "10",
    "date": "15.08.05"
  },
  {
    "review_id": "10185696",
    "movie_id": "101901",
    "author": "jkls****",
    "review": "국가란 국민입니다!!!",
    "rating": "10",
    "date": "15.08.04"
  },
  {
    "review_id": "10182754",
    "movie_id": "101901",
    "author": "qjqt****",
    "review": "몇몇 베충이새기들 꿈틀꿈틀 기어나오내 벌레들이 사람끼리 노는데와서 설치는거 아니다 ^^",
    "rating": "10",
    "date": "15.08.04"
  },
  {
    "review_id": "10179454",
    "movie_id": "101901",
    "author": "park****",
    "review": "꼭 봐야파는 영화 보면 가슴이 답답한 영화",
    "rating": "10",
    "date": "15.08.03"
  },
  {
    "review_id": "10176555",
    "movie_id": "101901",
    "author": "namr****",
    "review": "아 졸리다. 남잠 1시간 자고와서 1점 드림",
    "rating": "1",
    "date": "15.08.02"
  },
  {
    "review_id": "10176414",
    "movie_id": "101901",
    "author": "pxde****",
    "review": "그냥 일왕처럼 상징적이고 우상이 필요했던 한국사회의 하찮은 결과물..  이렇게 이용당하는걸 애통해하리라 생각한다",
    "rating": "1",
    "date": "15.08.02"
  },
  {
    "review_id": "10175542",
    "movie_id": "101901",
    "author": "hm_w****",
    "review": "잘 봤습니다. 근현대사의 어두운 측면을 덮을 것이 아니라 타산지석으로 삼아 발전해 나가는 대한민국 되었음 합니다.",
    "rating": "10",
    "date": "15.08.02"
  },
  {
    "review_id": "10169869",
    "movie_id": "101901",
    "author": "daup****",
    "review": "일가친척 모조리 뇌물 받아 처먹고 들통나니까 입막음과 동시에 동정표를 노리고 법의 심판을 피하여 다이빙한 벼노인을 미화한 희대의 사기극.",
    "rating": "1",
    "date": "15.08.01"
  },
  {
    "review_id": "10168725",
    "movie_id": "101901",
    "author": "dnck****",
    "review": "감동적입니다....",
    "rating": "10",
    "date": "15.08.01"
  },
  {
    "review_id": "10168473",
    "movie_id": "101901",
    "author": "ehfp****",
    "review": "민주주의의 발전을 기리며..",
    "rating": "10",
    "date": "15.08.01"
  },
  {
    "review_id": "10168385",
    "movie_id": "101901",
    "author": "qssq****",
    "review": "실제있었던 사건이란 점과 명배우들의 명연기가 돋보임",
    "rating": "10",
    "date": "15.08.01"
  },
  {
    "review_id": "10167030",
    "movie_id": "101901",
    "author": "shim****",
    "review": "그냥,,봤습니다..쭉...눈물 흘리며,,,",
    "rating": "10",
    "date": "15.07.31"
  },
  {
    "review_id": "10165108",
    "movie_id": "101901",
    "author": "3tm7****",
    "review": "재밌었음10자10자",
    "rating": "10",
    "date": "15.07.31"
  },
  {
    "review_id": "10162938",
    "movie_id": "101901",
    "author": "vhrk****",
    "review": "그 분이 너무나도 존경스러위지는 영화, 꼭 봐야한다.",
    "rating": "10",
    "date": "15.07.30"
  },
  {
    "review_id": "10161614",
    "movie_id": "101901",
    "author": "fkjf****",
    "review": "국가의 주권은 국민에게있다.",
    "rating": "10",
    "date": "15.07.30"
  },
  {
    "review_id": "10160045",
    "movie_id": "101901",
    "author": "kih0****",
    "review": "지금도 그 모습을 잊지못합니다.",
    "rating": "10",
    "date": "15.07.30"
  },
  {
    "review_id": "10157672",
    "movie_id": "101901",
    "author": "yuho****",
    "review": "부당한 정권에 대항하여 민주화운동을 펼치다 순국하신 분들에게 애도를 표합니다.",
    "rating": "10",
    "date": "15.07.29"
  },
  {
    "review_id": "10157564",
    "movie_id": "101901",
    "author": "uopk****",
    "review": "사랑합니다....,",
    "rating": "10",
    "date": "15.07.29"
  },
  {
    "review_id": "10157259",
    "movie_id": "101901",
    "author": "hjk7****",
    "review": "잘봤다ㅋ훗날 이인간이 김정일후장빨거라고 누가알았겠어  그래도 10점주기에는 내자존심도 빨갱이될거같아서 노력이 가상해서 반은줄게ㅎ",
    "rating": "5",
    "date": "15.07.29"
  },
  {
    "review_id": "10155387",
    "movie_id": "101901",
    "author": "lsi8****",
    "review": "왜 우리는 그를 미화시키지 못해 안달났나? 이렇게 까지 미화시킬 만큼 그가 이룬 업적은 도대체 무엇인가?",
    "rating": "1",
    "date": "15.07.29"
  },
  {
    "review_id": "10155010",
    "movie_id": "101901",
    "author": "rbfl****",
    "review": "배우들의 연기가 너무 소름돋았고 특히 송강호님의 연기는 너무 감동적이고 정말 와닿아요... 내용도 실제 있었던 일이라 더 슬프고.. 대한민국 사람이라면 꼭 봐야할 영화라고 생각합니다! 이런영화 만들어주셔서 감사합니다ㅠㅠ",
    "rating": "10",
    "date": "15.07.28"
  },
  {
    "review_id": "10153402",
    "movie_id": "101901",
    "author": "k980****",
    "review": "ㅋㅋ쩐다 여기 이중잣대를 가지고 평점 적는거보면 한심 그 자체",
    "rating": "1",
    "date": "15.07.28"
  },
  {
    "review_id": "10152842",
    "movie_id": "101901",
    "author": "bsbc****",
    "review": "재밋게 봤지만 영화는 영화일뿐  진지빨자면 \"국가의 주권은 국민에게 있고 모든권력을 국민에게 나온다\"는  국민주권주의 의미가 \"국가=국민\"이라고 해석하는 현대 자유주의국가는 단한개도 없습니다.",
    "rating": "9",
    "date": "15.07.28"
  },
  {
    "review_id": "10150313",
    "movie_id": "101901",
    "author": "duqr****",
    "review": "무슨말이 더필요할까..",
    "rating": "10",
    "date": "15.07.27"
  },
  {
    "review_id": "10147296",
    "movie_id": "101901",
    "author": "yr85****",
    "review": "짱 감독님과 송강호 배우님의 또 다른 작품 계속 보고싶습니다",
    "rating": "10",
    "date": "15.07.26"
  },
  {
    "review_id": "10146860",
    "movie_id": "101901",
    "author": "rnlc****",
    "review": "현 사회를 이끄는 주도세력 486세대가 낳은 희대의 망작. 니들 죽으면 그때부터 이 영화는 제대로 재평가 될것이다.",
    "rating": "1",
    "date": "15.07.26"
  },
  {
    "review_id": "10144292",
    "movie_id": "101901",
    "author": "9809****",
    "review": "이 영화를 기획한감독,출연배우들이 고마울따름이다",
    "rating": "10",
    "date": "15.07.26"
  },
  {
    "review_id": "10144220",
    "movie_id": "101901",
    "author": "jjhi****",
    "review": "선입견을 버리고 보아야 보이는 영화",
    "rating": "10",
    "date": "15.07.26"
  },
  {
    "review_id": "10140218",
    "movie_id": "101901",
    "author": "slim****",
    "review": "말이 필요없다. 10점짜리 영화...",
    "rating": "10",
    "date": "15.07.25"
  },
  {
    "review_id": "10139836",
    "movie_id": "101901",
    "author": "2yoh****",
    "review": "이런 정의에 사도들만 넘쳐나면 지금은 얼마나 살기좋아졌을까요 간접적으로나마 만족합니다. 몰입도 최고입니다!!",
    "rating": "9",
    "date": "15.07.25"
  },
  {
    "review_id": "10137767",
    "movie_id": "101901",
    "author": "kk_j****",
    "review": "생각해보면 일본만 우리나라 사람들을 괴롭힌 건 이니었다. 민주주의를 가장한 정권잡이들이 우리들에게 한 행동이 더 괴로웠던 것 같다. 강자가 약자를 지배하는 세상이라..",
    "rating": "10",
    "date": "15.07.24"
  },
  {
    "review_id": "10137007",
    "movie_id": "101901",
    "author": "sshi****",
    "review": "송강호의 연기(더불어 다른 연기자들도)가 돋보였던 영화. 한참지난 이야기임에도 왜 현재진행형으로 느껴지는 걸까. 오달수의 말처럼 과거에도, 현재에도 스스로 복 발로차고 자유와 정의를 위해 힘쓰신 모든 분들께 감사드립니다.",
    "rating": "9",
    "date": "15.07.24"
  },
  {
    "review_id": "10136507",
    "movie_id": "101901",
    "author": "toto****",
    "review": "많은 시간이 흘렀지만 변하지 않는 이 현실이 참 ...  아직도 끝나지 못한 이야기다.",
    "rating": "10",
    "date": "15.07.24"
  },
  {
    "review_id": "10135454",
    "movie_id": "101901",
    "author": "khmi****",
    "review": "법대로라면 이나라 현직대통령부터 구속되어야지",
    "rating": "10",
    "date": "15.07.23"
  },
  {
    "review_id": "10133224",
    "movie_id": "101901",
    "author": "gu99****",
    "review": "꼭 봐야하는 영화 굿굿굿",
    "rating": "10",
    "date": "15.07.23"
  },
  {
    "review_id": "10132517",
    "movie_id": "101901",
    "author": "klj6****",
    "review": "최고의영화고 몇년이지나도 최고의영화일거같습니다",
    "rating": "10",
    "date": "15.07.23"
  },
  {
    "review_id": "10132010",
    "movie_id": "101901",
    "author": "rlad****",
    "review": "영화를 끝까지 다 본 후 눈물이 막 떨어지는걸 주체할 수가 없었다.",
    "rating": "10",
    "date": "15.07.23"
  },
  {
    "review_id": "10131957",
    "movie_id": "101901",
    "author": "m9so****",
    "review": "가슴이 아파 두번 볼 용기가 ..  대한 사람 대한 으로 길이 보전하세",
    "rating": "10",
    "date": "15.07.23"
  },
  {
    "review_id": "10130989",
    "movie_id": "101901",
    "author": "digl****",
    "review": "끝나고 웃음과 여운이 남는다... 슬픈우리 자화상",
    "rating": "8",
    "date": "15.07.22"
  },
  {
    "review_id": "10130217",
    "movie_id": "101901",
    "author": "sunj****",
    "review": "재밌어요 웃으며 재밌게봤네요",
    "rating": "10",
    "date": "15.07.22"
  },
  {
    "review_id": "10129123",
    "movie_id": "101901",
    "author": "gcy7****",
    "review": "‘송변’ 집 천장에 숨어 살던 쥐새끼, 꼭 보러오세요씨네21 | 주성철이게 평론이냐? 평론가냐?",
    "rating": "5",
    "date": "15.07.22"
  },
  {
    "review_id": "10127354",
    "movie_id": "101901",
    "author": "artc****",
    "review": "정말 최고의 영화, 엔딩크레딧에서 눈물난 영화는 처음",
    "rating": "10",
    "date": "15.07.22"
  },
  {
    "review_id": "10125732",
    "movie_id": "101901",
    "author": "mona****",
    "review": "정치를 떠나 꿀잼ㅇㅅㅇ",
    "rating": "10",
    "date": "15.07.21"
  }
]