[
  {
    "review_id": "10274595",
    "movie_id": "101972",
    "author": "ske4****",
    "review": "평점이 너무 낮은거 아닌가? 킬링타임용으로 전혀 손색없는 영화인데 말이다!!",
    "rating": "10",
    "date": "15.08.25"
  },
  {
    "review_id": "10274410",
    "movie_id": "101972",
    "author": "rlsa****",
    "review": "평점에 걸려들었음. 실망. 뭐 노장 액션만있고 말하고자하는 내용은 뭔지 분명하지도않고. 동료애도 없이 엄청 죽이다가 갑자기 동료애가 솟구치고.... 어디 본시리즈에 비교하는지",
    "rating": "4",
    "date": "15.08.25"
  },
  {
    "review_id": "10274048",
    "movie_id": "101972",
    "author": "outs****",
    "review": "전문가 때문에 10점 준다는 놈이나, 그것 때문에 1점 준다는 놈이나 ㅋㅋㅋ 진짜 한국놈들 하여간 ㅋㅋ 에휴 왜 사니?",
    "rating": "5",
    "date": "15.08.25"
  },
  {
    "review_id": "10262095",
    "movie_id": "101972",
    "author": "yyho****",
    "review": "007행님의 화려한 액션 여전히 살아 있네 ㅋ올가 이뿌고 또 죽이네 ㅎ정말 재미있게 잘 즐겨 봤다",
    "rating": "10",
    "date": "15.08.22"
  },
  {
    "review_id": "10258639",
    "movie_id": "101972",
    "author": "mazk****",
    "review": "올가 쿠릴렌코 때문에 참고 봤음. 루크 브레이시 멋있다.",
    "rating": "6",
    "date": "15.08.21"
  },
  {
    "review_id": "10253001",
    "movie_id": "101972",
    "author": "naya****",
    "review": "전체적인  구성은  좋타에  동감..근데스토리자체가  너무뻔하고극진행자체가.긴장감이나..스릴같은게..너무업슴..최근본 영화중  최악.",
    "rating": "1",
    "date": "15.08.20"
  },
  {
    "review_id": "10241064",
    "movie_id": "101972",
    "author": "wanl****",
    "review": "내용 전개가 무리가 많다. 다만 피어스가 찬 시계는 맘에 들더만..",
    "rating": "3",
    "date": "15.08.16"
  },
  {
    "review_id": "10240316",
    "movie_id": "101972",
    "author": "woll****",
    "review": "평론가 점수가 너무~~  야들은 스파이첩보물에서 무얼기대하지.. 내용이 많아 조금 산만해도 반전등 영화적요소등 갖출건 다갖춘 수준작이구만...",
    "rating": "10",
    "date": "15.08.16"
  },
  {
    "review_id": "10240307",
    "movie_id": "101972",
    "author": "sanb****",
    "review": "솔직히 7점대 영화는 아니고 8점 초반은 되어야 겠기에",
    "rating": "10",
    "date": "15.08.16"
  },
  {
    "review_id": "10240274",
    "movie_id": "101972",
    "author": "dpat****",
    "review": "올가 몸매 쩐다쩔어 후덜덜이다.",
    "rating": "7",
    "date": "15.08.16"
  },
  {
    "review_id": "10239953",
    "movie_id": "101972",
    "author": "expr****",
    "review": "올가의 이쁜  외모랑 발연기만 기억난다.",
    "rating": "2",
    "date": "15.08.16"
  },
  {
    "review_id": "10180578",
    "movie_id": "101972",
    "author": "cjsr****",
    "review": "완전강추 합니다 진짜재밋네요ㅎ",
    "rating": "10",
    "date": "15.08.03"
  },
  {
    "review_id": "10135961",
    "movie_id": "101972",
    "author": "iss2****",
    "review": "무난하게 액션 즐길사람은 ㄱㄱ",
    "rating": "6",
    "date": "15.07.24"
  },
  {
    "review_id": "10135550",
    "movie_id": "101972",
    "author": "pont****",
    "review": "피어스 브로스넌은 확실히 약해져. 올가 쿠릴렌코는 매력이 철철..",
    "rating": "4",
    "date": "15.07.24"
  },
  {
    "review_id": "10032043",
    "movie_id": "101972",
    "author": "nola****",
    "review": "생각보다 많이 별로다ㅠ그냥 시간죽이기용으로 봤는데도...쩝 글쎄",
    "rating": "6",
    "date": "15.06.25"
  },
  {
    "review_id": "10022870",
    "movie_id": "101972",
    "author": "qwee****",
    "review": "노벰버 맨 x 노잼버 맨 o",
    "rating": "1",
    "date": "15.06.22"
  },
  {
    "review_id": "9991935",
    "movie_id": "101972",
    "author": "tori****",
    "review": "노장이 출연한 늙은 영화.",
    "rating": "5",
    "date": "15.06.12"
  },
  {
    "review_id": "9852457",
    "movie_id": "101972",
    "author": "pds8****",
    "review": "평타취~그냥 괜차늠. 가성비정도 있음.",
    "rating": "3",
    "date": "15.04.19"
  },
  {
    "review_id": "9829781",
    "movie_id": "101972",
    "author": "hamj****",
    "review": "차만 부순다고 될일을 아닌데",
    "rating": "6",
    "date": "15.04.05"
  },
  {
    "review_id": "9808724",
    "movie_id": "101972",
    "author": "spin****",
    "review": "줄거리와  감동이 아쉬웁다.",
    "rating": "5",
    "date": "15.03.27"
  },
  {
    "review_id": "9807715",
    "movie_id": "101972",
    "author": "godd****",
    "review": "피어스 브러스넌 밖에 안보이는데 너무 늙어버려서 안습이었네요",
    "rating": "6",
    "date": "15.03.26"
  },
  {
    "review_id": "9795818",
    "movie_id": "101972",
    "author": "ymca****",
    "review": "늙은이가 힘이 장난이 아니더라구여",
    "rating": "10",
    "date": "15.03.20"
  },
  {
    "review_id": "9786885",
    "movie_id": "101972",
    "author": "poro****",
    "review": "재밌게잘봣어요.. 주말에 킬링타임 ^^",
    "rating": "10",
    "date": "15.03.16"
  },
  {
    "review_id": "9781418",
    "movie_id": "101972",
    "author": "hub3****",
    "review": "많이 기대안햇는데 완전잘봤다!",
    "rating": "10",
    "date": "15.03.14"
  },
  {
    "review_id": "9770224",
    "movie_id": "101972",
    "author": "thk5****",
    "review": "진짜 완전 잼있따 대박 !! 굿",
    "rating": "10",
    "date": "15.03.10"
  },
  {
    "review_id": "9764110",
    "movie_id": "101972",
    "author": "nmon****",
    "review": "생각보다 재밌네요. 여주인공은 매력이 넘치는듯.",
    "rating": "7",
    "date": "15.03.07"
  },
  {
    "review_id": "9761455",
    "movie_id": "101972",
    "author": "shc3****",
    "review": "생각보다 괜찮았네요^^",
    "rating": "7",
    "date": "15.03.06"
  },
  {
    "review_id": "9737801",
    "movie_id": "101972",
    "author": "kimj****",
    "review": "그냥되게음괜찮았어요",
    "rating": "9",
    "date": "15.02.25"
  },
  {
    "review_id": "9737271",
    "movie_id": "101972",
    "author": "alsr****",
    "review": "액션이 참 볼만하네요...^^*",
    "rating": "10",
    "date": "15.02.25"
  },
  {
    "review_id": "9718414",
    "movie_id": "101972",
    "author": "oojj****",
    "review": "눈에 띄는 액션이 없어 재미가 없다.",
    "rating": "5",
    "date": "15.02.20"
  },
  {
    "review_id": "9714132",
    "movie_id": "101972",
    "author": "zag1****",
    "review": "별로였네요.  기대했는데",
    "rating": "5",
    "date": "15.02.19"
  },
  {
    "review_id": "9710944",
    "movie_id": "101972",
    "author": "yaya****",
    "review": "재미따그거면돼지멀더바래구성도좋아",
    "rating": "10",
    "date": "15.02.18"
  },
  {
    "review_id": "9693953",
    "movie_id": "101972",
    "author": "clga****",
    "review": "나름괜찮은영화~~근데세월은 어쩔수가~~",
    "rating": "10",
    "date": "15.02.14"
  },
  {
    "review_id": "9689192",
    "movie_id": "101972",
    "author": "dunk****",
    "review": "여기 나오는 여자 왜 이렇게 매력적인지 ㅎㅎ",
    "rating": "10",
    "date": "15.02.12"
  },
  {
    "review_id": "9683720",
    "movie_id": "101972",
    "author": "sbt6****",
    "review": "영화관에서 그럭저럭 볼만했음   개연성은 떨어지고 액션이 화려하진 않지만 긴장감 하나만큼은 계속쥐고 갓음",
    "rating": "6",
    "date": "15.02.10"
  },
  {
    "review_id": "9677342",
    "movie_id": "101972",
    "author": "tpql****",
    "review": "기대한대로 멋진 액션을 보여주고 피어스브로스넌이 녹슬지않았다는걸 엿볼수있었음",
    "rating": "10",
    "date": "15.02.07"
  },
  {
    "review_id": "9665714",
    "movie_id": "101972",
    "author": "yana****",
    "review": "공감할수 없는 상황 전개가 수시로 나온다...",
    "rating": "7",
    "date": "15.02.04"
  },
  {
    "review_id": "9661987",
    "movie_id": "101972",
    "author": "fait****",
    "review": "이정도면 007 후속작이라 할만함",
    "rating": "9",
    "date": "15.02.03"
  },
  {
    "review_id": "9637462",
    "movie_id": "101972",
    "author": "wond****",
    "review": "겁나재밌음 최고의액션영화 근데평점왜이리낮아",
    "rating": "10",
    "date": "15.01.26"
  },
  {
    "review_id": "9632729",
    "movie_id": "101972",
    "author": "wind****",
    "review": "소재나 전개는 뻔한 수준이였고 액션은 평범했다. 그래도 첩보물로서의 이야기는 생각보다 좋았고 향수를 느끼게 해주는 피어스 브로스넌의 첩보액션은 반가웠다",
    "rating": "6",
    "date": "15.01.24"
  },
  {
    "review_id": "9615721",
    "movie_id": "101972",
    "author": "mdee****",
    "review": "피어스 브로스넌이 티비에서 첨 본게  엊그제 같은데.. 많이 늙었네요... 뭐 하긴 아버지뻘이라.. 그래도 배역을 잘 소화해 볼만했고요.. 반전을 노린거같은데 별로 이해도 안되고 약했어요.. 중반이후가 아쉽네요.",
    "rating": "7",
    "date": "15.01.20"
  },
  {
    "review_id": "9611636",
    "movie_id": "101972",
    "author": "bayd****",
    "review": "첩보물 취향 안타서 기대 아예 안하고 봤는데 이건 좀 볼만하네.",
    "rating": "6",
    "date": "15.01.19"
  },
  {
    "review_id": "9588281",
    "movie_id": "101972",
    "author": "adiv****",
    "review": "마지막 반전을 가기 위해 빠른 전개임에도 중반까지 지루했다.",
    "rating": "6",
    "date": "15.01.12"
  },
  {
    "review_id": "9583634",
    "movie_id": "101972",
    "author": "hisu****",
    "review": "이영화재미잇긴햇는데 무슨007이끝나끝나긴말도않되는소이하고잇어 2015년도에 007시리즈개봉하신다 입조심해라",
    "rating": "9",
    "date": "15.01.11"
  },
  {
    "review_id": "9582254",
    "movie_id": "101972",
    "author": "sea_****",
    "review": "평점에 속았네.. 스토리가 너무 허술하다.. 평점을 조금  내려 드립니다.",
    "rating": "1",
    "date": "15.01.11"
  },
  {
    "review_id": "9570383",
    "movie_id": "101972",
    "author": "hcli****",
    "review": "이정도면 볼만합니다^^",
    "rating": "10",
    "date": "15.01.07"
  },
  {
    "review_id": "9569840",
    "movie_id": "101972",
    "author": "iixo****",
    "review": "전 지루하지 않고 정말 재밌었어요.. 자세히 보지않으면 초중반을 불친절하다 느낄 수도 있어요..인물들 간의 관계라던가 앨리스의 또 다른 모습을 보는 것이 흥미로웠고 결말도 통쾌했고..긴장하고  추리하며 보는 재미가 있는 거 같아요~",
    "rating": "8",
    "date": "15.01.07"
  },
  {
    "review_id": "9561405",
    "movie_id": "101972",
    "author": "tk2d****",
    "review": "걍 뭐 나름 보기 괜찮았던 영화. 킬링타임용으로 좋다",
    "rating": "8",
    "date": "15.01.04"
  },
  {
    "review_id": "9556215",
    "movie_id": "101972",
    "author": "i100****",
    "review": "완전 짱 너무 재밌었어요",
    "rating": "9",
    "date": "15.01.03"
  },
  {
    "review_id": "9535828",
    "movie_id": "101972",
    "author": "wjsr****",
    "review": "상관의 음모 및 비리, 옛동료와의 우정 혹은 대결, 연인에 대한 복수, 위험에 처한 여인과의 사랑... 인물관계에 있어서 큰줄기가 명확치 않고 가지만 무성",
    "rating": "5",
    "date": "14.12.29"
  },
  {
    "review_id": "9507055",
    "movie_id": "101972",
    "author": "astr****",
    "review": "재미나게봤어요 비디오로  재미나게보셍?ㄷ",
    "rating": "9",
    "date": "14.12.24"
  },
  {
    "review_id": "9505486",
    "movie_id": "101972",
    "author": "rolk****",
    "review": "이 쓰레기 어디다 버리면되나요?",
    "rating": "1",
    "date": "14.12.23"
  },
  {
    "review_id": "9482624",
    "movie_id": "101972",
    "author": "roka****",
    "review": "요즘 노익장을 무시할 수 없다.. 리암형과 피어스형이 두엣으로 뭉치면 어디 나라 하나는 때려부실수도~~ ㅋㅋㅋ",
    "rating": "7",
    "date": "14.12.17"
  },
  {
    "review_id": "9475652",
    "movie_id": "101972",
    "author": "dean****",
    "review": "우려먹는 이야기에, 배우까지..신선함이라도 있어야 하지 않았나 싶다.",
    "rating": "6",
    "date": "14.12.15"
  },
  {
    "review_id": "9474504",
    "movie_id": "101972",
    "author": "sasc****",
    "review": "액션 장면들이 힘들어 보인다. 시원한 맛은 없고 저렇게 밖에 못하나 싶다.",
    "rating": "1",
    "date": "14.12.14"
  },
  {
    "review_id": "9470994",
    "movie_id": "101972",
    "author": "guev****",
    "review": "지루할 틈은 없지만 첩보스릴러의 재미를 살리지 못한채 그럭저럭 킬링타임용에 그치는군",
    "rating": "6",
    "date": "14.12.13"
  },
  {
    "review_id": "9464077",
    "movie_id": "101972",
    "author": "moon****",
    "review": "이게 왜 7점대이지? 시간가는 줄 모르고 봤어요",
    "rating": "9",
    "date": "14.12.10"
  },
  {
    "review_id": "9458575",
    "movie_id": "101972",
    "author": "wlsg****",
    "review": "혼자봐도 볼만한 영화입니다",
    "rating": "9",
    "date": "14.12.08"
  },
  {
    "review_id": "9458024",
    "movie_id": "101972",
    "author": "ppon****",
    "review": "여주인공 히트맨에 나왔던?? 이영화에선 완전 딴사람인줄~ 기대했던것보단 아쉬웠지만 그냥저냥 볼만했음",
    "rating": "7",
    "date": "14.12.08"
  },
  {
    "review_id": "9456977",
    "movie_id": "101972",
    "author": "gign****",
    "review": "숨이 턱 막힌다. 솔직히 볼만하고 내용 탄탄한대. 왜 이게 점수가 낮은걸까? 어이없는 평점에 어이없는 웃음뿐. 볼만하다.",
    "rating": "8",
    "date": "14.12.07"
  },
  {
    "review_id": "9450825",
    "movie_id": "101972",
    "author": "tn99****",
    "review": "단물 다 빠진 소재에다 연출까지.. ;;;",
    "rating": "5",
    "date": "14.12.06"
  },
  {
    "review_id": "9443369",
    "movie_id": "101972",
    "author": "duke****",
    "review": "대체 머가 문제지? 다보고나서도 먼가 이상하게 찜찜하더라.. 연출에 문제가있나?  특히 여자 허벅지를 칼로긋는장면은 왜그랬는지 이해가 안가더라;;",
    "rating": "1",
    "date": "14.12.03"
  },
  {
    "review_id": "9431631",
    "movie_id": "101972",
    "author": "yho4****",
    "review": "기대와는다리게재밋네여",
    "rating": "9",
    "date": "14.11.29"
  },
  {
    "review_id": "9429143",
    "movie_id": "101972",
    "author": "maym****",
    "review": "네임밸류로 치자면 최고의 영화인데, 실상 영화 자체는 B급 영화. 스토리 엉성, 연출력 엉성. 유명한 배우들 가져다 놓고 이렇게 영화 망쳐도 되는거야? 감독이 뭐하는 작자인지 궁금하다.",
    "rating": "4",
    "date": "14.11.28"
  },
  {
    "review_id": "9425490",
    "movie_id": "101972",
    "author": "imsw****",
    "review": "스토리는 나쁘지 않은데 연출과 플롯이 진부함. 원래 6점 주고 싶은데 올가 쿠릴렌코 예뻐서 +1",
    "rating": "7",
    "date": "14.11.27"
  },
  {
    "review_id": "9416592",
    "movie_id": "101972",
    "author": "k_ri****",
    "review": "미국 영화 시장은 망했다. 겁나게 유치.",
    "rating": "1",
    "date": "14.11.23"
  },
  {
    "review_id": "9416343",
    "movie_id": "101972",
    "author": "ehwj****",
    "review": "생각 보다 구리지는 않았는데 그냥저냥 봤다",
    "rating": "6",
    "date": "14.11.23"
  },
  {
    "review_id": "9414465",
    "movie_id": "101972",
    "author": "310_****",
    "review": "항상 진지했던 납치영화에 개그요소가 들어있어서 신선했음. 그게 몰입에 방해요소가 되기도 했지만 이런 시도가 좋아보였음.",
    "rating": "8",
    "date": "14.11.23"
  },
  {
    "review_id": "9406535",
    "movie_id": "101972",
    "author": "fait****",
    "review": "무난한 스파이 영화지만 많은 복선을 깔려고 한게 오히려 더 마이너스가 된",
    "rating": "7",
    "date": "14.11.21"
  },
  {
    "review_id": "9406211",
    "movie_id": "101972",
    "author": "mac1****",
    "review": "기본은 어쩔수없어  역시좋아",
    "rating": "9",
    "date": "14.11.21"
  },
  {
    "review_id": "9401966",
    "movie_id": "101972",
    "author": "kjaa****",
    "review": "스토리도 괜찮고 나름 재밌었어요",
    "rating": "10",
    "date": "14.11.20"
  },
  {
    "review_id": "9401841",
    "movie_id": "101972",
    "author": "anse****",
    "review": "생각보다재밌었어용ㅋㅋ",
    "rating": "8",
    "date": "14.11.20"
  },
  {
    "review_id": "9401717",
    "movie_id": "101972",
    "author": "ange****",
    "review": "굳 굳 7점대는 말이 안됨",
    "rating": "10",
    "date": "14.11.20"
  },
  {
    "review_id": "9398022",
    "movie_id": "101972",
    "author": "gksm****",
    "review": "난별로인듯햇던영화인데 여친은볼만햇다고..",
    "rating": "6",
    "date": "14.11.18"
  },
  {
    "review_id": "9397536",
    "movie_id": "101972",
    "author": "joon****",
    "review": "그냥 본 시리즈 랑 테이큰 믹스 한 스토리 와 액션 이 보이는 영화 내요... 간단하게 설명하면..뭐 그냥 보고싶은 액션 영화 못찾았을때 보급용 으로 보시면 될것같아요 !",
    "rating": "2",
    "date": "14.11.18"
  },
  {
    "review_id": "9396302",
    "movie_id": "101972",
    "author": "yoos****",
    "review": "어머님과 함께 감상했는데、적당한 수위와 재미로 가족영화로서 나쁘지 않네요 허허 그나저나 저 나이에 이런 액션을 선보일 수 있다는 것에 박수를 보냅니다。대단하네요 하하",
    "rating": "10",
    "date": "14.11.17"
  },
  {
    "review_id": "9395584",
    "movie_id": "101972",
    "author": "trak****",
    "review": "재미없다. 광고문구를 믿지 마세요.",
    "rating": "3",
    "date": "14.11.17"
  },
  {
    "review_id": "9395045",
    "movie_id": "101972",
    "author": "zxck****",
    "review": "스토리는 진부하지만 피어스 브로스넌의 액션을 오랜만에  다시 볼 수 있어서 좋았다...",
    "rating": "6",
    "date": "14.11.17"
  },
  {
    "review_id": "9391346",
    "movie_id": "101972",
    "author": "motu****",
    "review": "기대없이 봐서 그랬는지 몰라도, 내게는 기대 이상이었다",
    "rating": "8",
    "date": "14.11.16"
  },
  {
    "review_id": "9391243",
    "movie_id": "101972",
    "author": "anyo****",
    "review": "기대도 안햇지만 너무 식상하다",
    "rating": "5",
    "date": "14.11.16"
  },
  {
    "review_id": "9388996",
    "movie_id": "101972",
    "author": "lspf****",
    "review": "내용 전개는 꽤 좋습니다만 영상미와 연출이 좀 아쉬웠습니다.",
    "rating": "7",
    "date": "14.11.16"
  },
  {
    "review_id": "9386341",
    "movie_id": "101972",
    "author": "repo****",
    "review": "별로일것같았는데생각보다재밋엇음♡",
    "rating": "10",
    "date": "14.11.15"
  },
  {
    "review_id": "9384127",
    "movie_id": "101972",
    "author": "song****",
    "review": "역시 과거의 007을 다시 보는 듯.. 피어스 브로스넌 멋짐.",
    "rating": "10",
    "date": "14.11.14"
  },
  {
    "review_id": "9382784",
    "movie_id": "101972",
    "author": "alle****",
    "review": "이런 영화보고 볼만하다는사람은 도대체 그동안 어떤영화를 보고다녔을까? 007운운하길레 한번봐줬더만 ㅋㅋ 최악임",
    "rating": "1",
    "date": "14.11.14"
  },
  {
    "review_id": "9380016",
    "movie_id": "101972",
    "author": "umea****",
    "review": "심심할때 보기 딱 좋은 영화",
    "rating": "8",
    "date": "14.11.13"
  },
  {
    "review_id": "9375346",
    "movie_id": "101972",
    "author": "hang****",
    "review": "007을 언급했다는 자체가 너무 부끄럽네요 이런 영화 만드는데 돈 쓰지말고 기부나 봉사활동이나 다니면 훨씬 세상이 좋아질텐데ㅜㅜ",
    "rating": "3",
    "date": "14.11.12"
  },
  {
    "review_id": "9374892",
    "movie_id": "101972",
    "author": "kilk****",
    "review": "유명한 영화고, 평점도 좋고 해서 인내를 갖고 봤지만 끝까지 못 보겠다. 중도 포기. 나랑은 너무 안맞아. 지루해.",
    "rating": "1",
    "date": "14.11.12"
  },
  {
    "review_id": "9373810",
    "movie_id": "101972",
    "author": "park****",
    "review": "엣지오브 투모로우보다 1억배 재밋어요",
    "rating": "10",
    "date": "14.11.12"
  },
  {
    "review_id": "9372582",
    "movie_id": "101972",
    "author": "seon****",
    "review": "피어스 브로스넌 님 할배다되었군요..잘생긴분이 늙는다는건 안타까운일..ㅎㅎ",
    "rating": "6",
    "date": "14.11.11"
  },
  {
    "review_id": "9372113",
    "movie_id": "101972",
    "author": "pass****",
    "review": "그냥 평범한 액션 스릴러..",
    "rating": "6",
    "date": "14.11.11"
  },
  {
    "review_id": "9369301",
    "movie_id": "101972",
    "author": "1111****",
    "review": "이만하면 충분히 재밌다..",
    "rating": "7",
    "date": "14.11.10"
  },
  {
    "review_id": "9361423",
    "movie_id": "101972",
    "author": "neag****",
    "review": "어이가 없다. 보는 내내 헛웃음나옴 ㅋㅋㅋ",
    "rating": "1",
    "date": "14.11.09"
  },
  {
    "review_id": "9361165",
    "movie_id": "101972",
    "author": "pedr****",
    "review": "그래, 007(피어스 브로스넌)은 끝났지.",
    "rating": "4",
    "date": "14.11.09"
  },
  {
    "review_id": "9358604",
    "movie_id": "101972",
    "author": "kwon****",
    "review": "그럭저럭 볼만합니다..",
    "rating": "6",
    "date": "14.11.08"
  },
  {
    "review_id": "9357802",
    "movie_id": "101972",
    "author": "bass****",
    "review": "7점이 적당합니다. 좋은 킬링타임용입니다. 그런데 피어스 형님 올만에 봐서 좋았습니다. 그래서 9점 드립니다^^",
    "rating": "9",
    "date": "14.11.08"
  },
  {
    "review_id": "9356815",
    "movie_id": "101972",
    "author": "csmo****",
    "review": "올가 쿠릴렌코 몸매 하난 끝장나네. B급 냄새 많이 나고 연출력이 딸리는게 아쉽다.",
    "rating": "6",
    "date": "14.11.08"
  },
  {
    "review_id": "9353256",
    "movie_id": "101972",
    "author": "mult****",
    "review": "이영화 구성좋다는분들 ㅋㅋ아마 친구랑 같이영화보고 님들이 영화 좋다고 재밌다하면 같이본 친구들은 이해하지 못할겁니다 ㅋㅋ진짜 최악 최저 스토리 주인공 행동 개연성없음캐릭간의 이해관계 최악 ㅋㅋㅋCIA갘ㅋㅋ이렇게 허접하게 표현된 영화 간만이라능ㅋ",
    "rating": "1",
    "date": "14.11.08"
  },
  {
    "review_id": "9352089",
    "movie_id": "101972",
    "author": "purp****",
    "review": "스토리가 빈약하다...007를 바라고 본다면 큰 착각",
    "rating": "3",
    "date": "14.11.07"
  },
  {
    "review_id": "9349410",
    "movie_id": "101972",
    "author": "dduk****",
    "review": "전반적으로 캐스팅이나 분위기도 007 짝퉁이란 말밖에 안나오네... 내용이 뻔히 보여서 그닥 재밌는 것도 아니고 답답한 장면도 많음. 액션도 그냥 그렇고 여주인공 몸매 보는 재미만 있을뿐ㅋ",
    "rating": "6",
    "date": "14.11.07"
  },
  {
    "review_id": "9349138",
    "movie_id": "101972",
    "author": "tugu****",
    "review": "이정도면 최고지요...",
    "rating": "10",
    "date": "14.11.07"
  }
]