[
  {
    "review_id": "10159712",
    "movie_id": "101955",
    "author": "gusw****",
    "review": "연기력 굿 긴장감 넘치고 잼씀",
    "rating": "10",
    "date": "15.07.30"
  },
  {
    "review_id": "10018392",
    "movie_id": "101955",
    "author": "msmj****",
    "review": "두배우의 연기력 굿! 블록버스터에 찌들어서 다양성 영",
    "rating": "10",
    "date": "15.06.21"
  },
  {
    "review_id": "9992268",
    "movie_id": "101955",
    "author": "knol****",
    "review": "노인을 위한 나라는 없다에서 철학을 빼고 감성을 넣었다",
    "rating": "8",
    "date": "15.06.12"
  },
  {
    "review_id": "9970794",
    "movie_id": "101955",
    "author": "jtk3****",
    "review": "펜트리늄/  여기서 평론가 놀이 하고 있는건  '독립영화 보는 법도 모르는 놈들' 이라며  중2병질 하고 있는 너 외에는 없는것 같은데..",
    "rating": "5",
    "date": "15.06.02"
  },
  {
    "review_id": "9960304",
    "movie_id": "101955",
    "author": "52no****",
    "review": "블록버스터에 찌들어서 다양성 영화, 독립영화 보는법은 쥐뿔도 모르면서 평론가마냥 별점1점 남기는 관객들 클라스...",
    "rating": "8",
    "date": "15.05.29"
  },
  {
    "review_id": "9959114",
    "movie_id": "101955",
    "author": "univ****",
    "review": "두배우의 연기력 굿!   허나  스토리 하나 없고  주연배우들 100분동안 대사 10개도 없음",
    "rating": "1",
    "date": "15.05.29"
  },
  {
    "review_id": "9959091",
    "movie_id": "101955",
    "author": "sjhy****",
    "review": "로버트 패틴슨 인생연기했네.",
    "rating": "10",
    "date": "15.05.29"
  },
  {
    "review_id": "9959082",
    "movie_id": "101955",
    "author": "he2e****",
    "review": "칸영화제 상영했었네ㅎㄷㄷ매드맥스처럼 다른 결로 갈증나고 볼만함!",
    "rating": "9",
    "date": "15.05.29"
  },
  {
    "review_id": "9959076",
    "movie_id": "101955",
    "author": "cres****",
    "review": "로버트 패틴슨이 연기를 못한다는 사람은 이 영화 꼭 보시길... 인생연기",
    "rating": "10",
    "date": "15.05.29"
  },
  {
    "review_id": "9957914",
    "movie_id": "101955",
    "author": "hell****",
    "review": "안보시는게 좋습니다.이거 볼시간에 한시간 반동안 코를 파는게 더 내 인생에 유익할듯",
    "rating": "1",
    "date": "15.05.28"
  }
]