[
  {
    "review": "신성일 장미희. 나  태어나기도 전인데 이거 쩌내..",
    "date": "15.07.05",
    "rating": "7",
    "author": "toto****",
    "review_id": "10070407",
    "movie_id": "10199"
  },
  {
    "review": "70년대 청춘을 이야기하는 영화",
    "date": "11.11.09",
    "rating": "10",
    "author": "hcr3****",
    "review_id": "5838039",
    "movie_id": "10199"
  },
  {
    "review": "77년 당시, 단성사에서 4개월내내 전회 매진해야 58만명 동원할 수 있었겠죠^^;",
    "date": "08.10.12",
    "rating": "10",
    "author": "sung****",
    "review_id": "2996408",
    "movie_id": "10199"
  },
  {
    "review": "성모마리아까지는 아니고 이화는 고결한 영혼을 가진 휴머니스트라고 봅니다",
    "date": "08.05.12",
    "rating": "10",
    "author": "kys7****",
    "review_id": "2634733",
    "movie_id": "10199"
  },
  {
    "review": "very good !",
    "date": "07.10.17",
    "rating": "8",
    "author": "cles****",
    "review_id": "2094871",
    "movie_id": "10199"
  },
  {
    "review": "당시의 수작",
    "date": "07.02.09",
    "rating": "7",
    "author": "ysuh****",
    "review_id": "1456321",
    "movie_id": "10199"
  },
  {
    "review": "이 영화가 우리나라 영화 최초로. 10만명이 넘은 영화",
    "date": "06.11.28",
    "rating": "10",
    "author": "xx41****",
    "review_id": "1255826",
    "movie_id": "10199"
  },
  {
    "review": "대단하다",
    "date": "06.08.20",
    "rating": "10",
    "author": "zeed****",
    "review_id": "1063361",
    "movie_id": "10199"
  },
  {
    "review": "사랑은 이기적인게 아니다..이화는 성모 마리아가 된다",
    "date": "06.01.08",
    "rating": "8",
    "author": "expr****",
    "review_id": "571281",
    "movie_id": "10199"
  },
  {
    "review": "엄마 몰래 보세요.. 봐도 별거 없었는데 ..",
    "date": "05.12.25",
    "rating": "8",
    "author": "blue****",
    "review_id": "528743",
    "movie_id": "10199"
  },
  {
    "review": "이화가 선생이 되는 건 어떻게 아셨나요? 그런다는 말도 없던데",
    "date": "05.08.14",
    "rating": "6",
    "author": "lome****",
    "review_id": "365855",
    "movie_id": "10199"
  }
]