[
  {
    "review": "웃기면서 재미있는 액션영화  애들이 장난아니게 액션",
    "date": "15.08.18",
    "rating": "7",
    "author": "adiv****",
    "review_id": "10248101",
    "movie_id": "10197"
  },
  {
    "review": "명작중에명작이다 호소자2보다재미있다",
    "date": "14.02.02",
    "rating": "10",
    "author": "guma****",
    "review_id": "8463697",
    "movie_id": "10197"
  },
  {
    "review": "극장에서 봤는데 ,.,ㅋㅋ",
    "date": "09.03.09",
    "rating": "10",
    "author": "nice****",
    "review_id": "3355873",
    "movie_id": "10197"
  },
  {
    "review": "호소자시리즈중에서 6탄이게제일잼있다 완전명작이다",
    "date": "07.02.05",
    "rating": "10",
    "author": "fcso****",
    "review_id": "1445770",
    "movie_id": "10197"
  },
  {
    "review": "태국 로케 볼거리가 상당한 물량에 가장 풍성한 작품",
    "date": "05.10.03",
    "rating": "7",
    "author": "rood****",
    "review_id": "432689",
    "movie_id": "10197"
  },
  {
    "review": "액션영화의 정의는 그들이 내렸다...호소자..",
    "date": "05.02.25",
    "rating": "10",
    "author": "thec****",
    "review_id": "229670",
    "movie_id": "10197"
  }
]