[
  {
    "review_id": "9995381",
    "movie_id": "101977",
    "author": "2328****",
    "review": "그냥본다그냥보고있다그냥봤다",
    "rating": "10",
    "date": "15.06.13"
  },
  {
    "review_id": "9848150",
    "movie_id": "101977",
    "author": "ecli****",
    "review": "겟썸에서 전교1짱 이였던 지간뎃찡 ㅠㅠ 부인보다 약한거같앙",
    "rating": "6",
    "date": "15.04.16"
  },
  {
    "review_id": "9808470",
    "movie_id": "101977",
    "author": "rayi****",
    "review": "최근 몇년간 봤던 영화중에 최악. 노잼. 뭔 생각으로 만든건지",
    "rating": "1",
    "date": "15.03.26"
  },
  {
    "review_id": "9694666",
    "movie_id": "101977",
    "author": "oojj****",
    "review": "영화의 재미 보다 짚라인 타 보고 싶다.",
    "rating": "3",
    "date": "15.02.14"
  },
  {
    "review_id": "9688985",
    "movie_id": "101977",
    "author": "qkxm****",
    "review": "방금 봤는데 의외로 재밌음",
    "rating": "6",
    "date": "15.02.12"
  },
  {
    "review_id": "9471762",
    "movie_id": "101977",
    "author": "vm4e****",
    "review": "딱 킬링타임용 액션, 스릴러 무비 ㅋ",
    "rating": "6",
    "date": "14.12.13"
  },
  {
    "review_id": "9397667",
    "movie_id": "101977",
    "author": "hauk****",
    "review": "전~~~혀 매력없던 뚱녀주인공 카라노와 겟썸의 매력을 송두리채 날려버린 캠 지갠뎃의 한심한 후속작 선택에 의문부호만 가득한 b급도 안되는 c급 푸에르토리코 수준의 영화...ㅡㅡ;",
    "rating": "1",
    "date": "14.11.18"
  },
  {
    "review_id": "9363223",
    "movie_id": "101977",
    "author": "kos4****",
    "review": "첫인상부터 강인한 여성상이다",
    "rating": "5",
    "date": "14.11.09"
  },
  {
    "review_id": "9343104",
    "movie_id": "101977",
    "author": "mado****",
    "review": "매력적인 선수임에는 틀림없는데... 매력적인 배우가 되기는 힘둘겠다...",
    "rating": "5",
    "date": "14.11.06"
  },
  {
    "review_id": "9338132",
    "movie_id": "101977",
    "author": "cont****",
    "review": "저 여자 내 타입~~~~",
    "rating": "7",
    "date": "14.11.03"
  },
  {
    "review_id": "9293262",
    "movie_id": "101977",
    "author": "bles****",
    "review": "40년전 영화보는 줄 알았다",
    "rating": "2",
    "date": "14.10.15"
  },
  {
    "review_id": "9292797",
    "movie_id": "101977",
    "author": "figh****",
    "review": "큰 기대안하고 보면 킬링타임용 영화로 나쁘지않음지나카라노 느무 섹시해~~ ^^",
    "rating": "5",
    "date": "14.10.14"
  },
  {
    "review_id": "9288437",
    "movie_id": "101977",
    "author": "jyh5****",
    "review": "이런영화도 알바가 있네. B급영화 그이상도 이하도 아닙니다",
    "rating": "1",
    "date": "14.10.12"
  },
  {
    "review_id": "9283627",
    "movie_id": "101977",
    "author": "hoon****",
    "review": "영화 참 잘만들었다. 시종 긴장의 끈을 놓을수 없었던 액션 스릴러. 소 굳!캐리비안섬을 배경으로 펼쳐지는 가슴 졸이는 납치극이 아주 볼만하다. 간만에 영화다운 영화를 보다니.주연배우들은 그다지 눈에 익숙치 않고, 헐리우드 영화가 아니라서 영상이",
    "rating": "8",
    "date": "14.10.11"
  },
  {
    "review_id": "9281392",
    "movie_id": "101977",
    "author": "jame****",
    "review": "남자를 떡주물르듯 패대기 치는 카라노 포스~ ㅎ ㄷ ㄷ",
    "rating": "10",
    "date": "14.10.10"
  },
  {
    "review_id": "9279807",
    "movie_id": "101977",
    "author": "sonn****",
    "review": "저는 카라노를 좋아하니까요.^",
    "rating": "8",
    "date": "14.10.10"
  }
]