[
  {
    "review_id": "10113595",
    "movie_id": "102052",
    "author": "my76****",
    "review": "별점을 줘야한다는게 안타깝다ㅡㅡ 개노잼 닉쿤빼고 다원숭이ㅡㅡ",
    "rating": "1",
    "date": "15.07.17"
  },
  {
    "review_id": "10112746",
    "movie_id": "102052",
    "author": "wate****",
    "review": "싱크로율  제로, 일본은 왜 남자가  정말 원숭이처럼 못생겻지?",
    "rating": "1",
    "date": "15.07.17"
  },
  {
    "review_id": "9993706",
    "movie_id": "102052",
    "author": "emde****",
    "review": "ㅋㅋㅋㅋ세상에이렇게오글거리는거처음",
    "rating": "1",
    "date": "15.06.12"
  },
  {
    "review_id": "9887345",
    "movie_id": "102052",
    "author": "acy2****",
    "review": "보지마세요...그냥애니로보시는게훨씬나아요.. 영화랑 애니랑 비교됨;;;; 우리 하니쨩;;;;쿄우야쨩;; 타마키쨩;;; 지못미;",
    "rating": "1",
    "date": "15.05.02"
  },
  {
    "review_id": "9848601",
    "movie_id": "102052",
    "author": "tjsd****",
    "review": "갠인으로 괜찮았는대 크으",
    "rating": "10",
    "date": "15.04.16"
  },
  {
    "review_id": "9841345",
    "movie_id": "102052",
    "author": "jsst****",
    "review": "닉쿤은 갑자기 왜.... 보통 한국 연예인들은 이런 류의 영화 꺼려하지 않나... 남장물 같은거... 특히 일본껀... 제왑은 대체 뭔생각으로...",
    "rating": "5",
    "date": "15.04.12"
  },
  {
    "review_id": "9805469",
    "movie_id": "102052",
    "author": "slrz****",
    "review": "완전재밌게봤어요 완전팬이에요",
    "rating": "10",
    "date": "15.03.25"
  },
  {
    "review_id": "9788145",
    "movie_id": "102052",
    "author": "masa****",
    "review": "이 점수는 애니를 위한 것",
    "rating": "10",
    "date": "15.03.16"
  },
  {
    "review_id": "9749270",
    "movie_id": "102052",
    "author": "1013****",
    "review": "애니랑 비교하자면 좀그렇겠지만 전개인적으로좋았어요.영화나오니깐 좋네여!!오글오글거리는게 전좋던데요평점보니깐 다 닉쿤을주연으로써라.영화개판이다.하던데 일드에서 한국인을주연으로쓰는건 아니죠;;그리구 그렇게 영화개판아니던데..어쨋튼 재밌게봤어요.저는",
    "rating": "10",
    "date": "15.03.01"
  },
  {
    "review_id": "9742112",
    "movie_id": "102052",
    "author": "asak****",
    "review": "확실히, 촬영디자인은 좋은데, 이건 영화입니다... 영화가 만화랑 똑같이 만들려고 하는건 솔직히 실화된게 아니죠... 안그래도 몇년전부터 실화된 영화 만들자고들 난린데, 타마키가 밀려날때 한자... 와~~ 이건 아니다 진짜...",
    "rating": "1",
    "date": "15.02.27"
  },
  {
    "review_id": "9724241",
    "movie_id": "102052",
    "author": "pino****",
    "review": "오란을 이렇게 망치지마라ㅂㄷㅂㄷ",
    "rating": "2",
    "date": "15.02.21"
  },
  {
    "review_id": "9646093",
    "movie_id": "102052",
    "author": "rms4****",
    "review": "주연 겁나못생김....",
    "rating": "1",
    "date": "15.01.28"
  },
  {
    "review_id": "9574300",
    "movie_id": "102052",
    "author": "tdf2****",
    "review": "별로 재미도없고 감동도없고... 닉쿤한테 왜내가 미안한지 닉쿤왜 넣었대 ㅋ",
    "rating": "1",
    "date": "15.01.08"
  },
  {
    "review_id": "9522580",
    "movie_id": "102052",
    "author": "elai****",
    "review": "1점도 아깝다 진심으로...",
    "rating": "1",
    "date": "14.12.27"
  },
  {
    "review_id": "9423743",
    "movie_id": "102052",
    "author": "kate****",
    "review": "닉쿤나오니까 다오징어잼ㅋㅋ",
    "rating": "1",
    "date": "14.11.26"
  },
  {
    "review_id": "9401147",
    "movie_id": "102052",
    "author": "jisu****",
    "review": "치바 유다이~!! 류세이 료 짱 완전 ~!!ㅎㅎ",
    "rating": "10",
    "date": "14.11.19"
  },
  {
    "review_id": "9295052",
    "movie_id": "102052",
    "author": "cool****",
    "review": "애니 진짜 소장할정도로 잼있게 봤는데 일드 엄청 좋아하는데 이건 모욕이다. 와 배우들 왜이래 ㅠ 거의 아는애들인데 너무했어",
    "rating": "1",
    "date": "14.10.16"
  },
  {
    "review_id": "9204836",
    "movie_id": "102052",
    "author": "dlek****",
    "review": "일본과 우리나라의 미의 기준이 다르다고 생각을 하며 보려고 해도...도저히 못보겠다...",
    "rating": "2",
    "date": "14.09.11"
  },
  {
    "review_id": "8983089",
    "movie_id": "102052",
    "author": "dmsw****",
    "review": "무슨 우주최고 꽃미남은 개뿔ㅋㅋㅋㅋ",
    "rating": "1",
    "date": "14.07.30"
  },
  {
    "review_id": "8898445",
    "movie_id": "102052",
    "author": "cupc****",
    "review": "별 하나도 아까움 애니로보세요 진짜 남주...노답임 그나마 싱크로율 높은건 안경낀..갑자기 이름생각 안남 그나마 그사람만 비슷함 닉쿤이 주인공이고 뭐고 다 바름ㅋㅋㅋ 보다가 신경질나 죽을뻔했넹ㅋㅋ닉쿤이 그나마 살림",
    "rating": "1",
    "date": "14.07.09"
  },
  {
    "review_id": "8834078",
    "movie_id": "102052",
    "author": "soj0****",
    "review": "악~~~ㄷㄷ 이건 악ㄱㄱㄱ",
    "rating": "1",
    "date": "14.06.16"
  },
  {
    "review_id": "8819486",
    "movie_id": "102052",
    "author": "ciei****",
    "review": "타카시...ㅠ애니로 보세요 꼭 보세요",
    "rating": "1",
    "date": "14.06.10"
  },
  {
    "review_id": "8676048",
    "movie_id": "102052",
    "author": "lsyj****",
    "review": "애니 본 사람은 이거 안보는게 나음...",
    "rating": "1",
    "date": "14.04.27"
  },
  {
    "review_id": "8658555",
    "movie_id": "102052",
    "author": "bamb****",
    "review": "하... 영어더빙은 진짜 할말없게 만드네요.아무리 애니랑 현실이랑 차이가 있다지만 비주얼이 영 떨어져서 몰입도 최악ㅠ 닉쿤이 왜 여기에 출연했을까..",
    "rating": "1",
    "date": "14.04.19"
  },
  {
    "review_id": "8539851",
    "movie_id": "102052",
    "author": "jko0****",
    "review": "애니는애니로남아야대....어잌후 손이 미끄러졋네....",
    "rating": "10",
    "date": "14.02.26"
  },
  {
    "review_id": "8534615",
    "movie_id": "102052",
    "author": "dmsw****",
    "review": "치바완전죠아기여웡♥",
    "rating": "10",
    "date": "14.02.24"
  },
  {
    "review_id": "8292301",
    "movie_id": "102052",
    "author": "dleh****",
    "review": "난 재밋던데..;;;",
    "rating": "10",
    "date": "13.12.24"
  },
  {
    "review_id": "8221029",
    "movie_id": "102052",
    "author": "soyo****",
    "review": "애니는 그냥 애니로 남아야 됨",
    "rating": "1",
    "date": "13.12.17"
  },
  {
    "review_id": "8221010",
    "movie_id": "102052",
    "author": "symb****",
    "review": "역시 만화는 만화일뿐..",
    "rating": "1",
    "date": "13.12.17"
  },
  {
    "review_id": "8147614",
    "movie_id": "102052",
    "author": "yoyo****",
    "review": "감동과 교훈도 있고,무엇보다 망가짐을 두려워하지 않는 배우들의 연기가 예뻐보였달까?^^;",
    "rating": "10",
    "date": "13.11.17"
  },
  {
    "review_id": "8147172",
    "movie_id": "102052",
    "author": "sumi****",
    "review": "오글거리지만 재미있음",
    "rating": "10",
    "date": "13.11.17"
  },
  {
    "review_id": "8080230",
    "movie_id": "102052",
    "author": "cjsw****",
    "review": "좀 유치했던 것 같아요 또 배우도 캐릭터에 별로 맞지않는것 같구요",
    "rating": "2",
    "date": "13.10.22"
  },
  {
    "review_id": "7721771",
    "movie_id": "102052",
    "author": "jins****",
    "review": "재밌음",
    "rating": "10",
    "date": "13.07.10"
  },
  {
    "review_id": "7716294",
    "movie_id": "102052",
    "author": "mjwh****",
    "review": "처음에 봤을때는   재미있었다  하지만  자꾸보니까  재미있네요   오란고교 호스트부  호이팅^^",
    "rating": "5",
    "date": "13.07.08"
  },
  {
    "review_id": "7534026",
    "movie_id": "102052",
    "author": "mary****",
    "review": "그래... 이름을 오란으로 지은 것 자체가 오글거려서이겠지....",
    "rating": "3",
    "date": "13.05.17"
  },
  {
    "review_id": "7490896",
    "movie_id": "102052",
    "author": "khj1****",
    "review": "오글거리는 내 손좀 누가 펴줘요 ㅋㅋㅋㅋㅋㅋㅋㅋㅋㅋㅋㅋㅋㅋㅋㅋ",
    "rating": "2",
    "date": "13.04.28"
  },
  {
    "review_id": "7481686",
    "movie_id": "102052",
    "author": "geum****",
    "review": "재미있겠다 나 오란고교 호스트부 정말 좋은데ㅋㅋㅋ영화도 기대해요ㅎㅎ",
    "rating": "10",
    "date": "13.04.25"
  },
  {
    "review_id": "7427059",
    "movie_id": "102052",
    "author": "dkdl****",
    "review": "난 저딴 원숭이들 영화에 닉쿤을 넣었단것부터가 화남",
    "rating": "1",
    "date": "13.03.31"
  },
  {
    "review_id": "7425849",
    "movie_id": "102052",
    "author": "cact****",
    "review": "이거 드라마로 먼저 봤는데 유치하지만 그게 매력으로 느껴졌던ㅋㅋㅋㅋㅋ 영화도 좀 유치하고 오글거리지만 그게 맛이라고 생각함ㅋㅋ",
    "rating": "10",
    "date": "13.03.31"
  },
  {
    "review_id": "7419446",
    "movie_id": "102052",
    "author": "als7****",
    "review": "일본이 왜 애니가 발달한지 알겠다..........",
    "rating": "1",
    "date": "13.03.29"
  },
  {
    "review_id": "7397570",
    "movie_id": "102052",
    "author": "hill****",
    "review": "가면라이더 가부토 사소드도련님 나오네요~ 그냥 특촬물 보세요. 이것보지 마시구요. 판타지를 깨는 능력있는 영화네요.",
    "rating": "1",
    "date": "13.03.23"
  },
  {
    "review_id": "7397311",
    "movie_id": "102052",
    "author": "wlsa****",
    "review": "애니를 망치네....",
    "rating": "1",
    "date": "13.03.22"
  },
  {
    "review_id": "7395283",
    "movie_id": "102052",
    "author": "elin****",
    "review": "오그라드는 유치함에 빵 터지기도 함",
    "rating": "10",
    "date": "13.03.22"
  },
  {
    "review_id": "7393233",
    "movie_id": "102052",
    "author": "alal****",
    "review": "맞아요 이보다 애니로 보는게 훨 났습니다...거짓 아닙니다.. 근데 영 할말이 없네요ㅡㅡ;;;",
    "rating": "3",
    "date": "13.03.22"
  },
  {
    "review_id": "7390913",
    "movie_id": "102052",
    "author": "anak****",
    "review": "이야~ 알바 많이 풀었네",
    "rating": "1",
    "date": "13.03.22"
  },
  {
    "review_id": "7387234",
    "movie_id": "102052",
    "author": "hunt****",
    "review": "닉쿤급 = OOO기급 조연 넣어준 것만으로도 감사해야지 개OO 빠순녀들아 좀 닥치고 버로우",
    "rating": "10",
    "date": "13.03.21"
  },
  {
    "review_id": "7385430",
    "movie_id": "102052",
    "author": "go63****",
    "review": "이건 드라마나 영화를 보는거 보다는 애니보는게나아요 진심",
    "rating": "8",
    "date": "13.03.21"
  },
  {
    "review_id": "7361282",
    "movie_id": "102052",
    "author": "iben****",
    "review": "오글거리는 일본영화의 제맛을 보여주는 영화.. ㅎㅎㅎㅎㅎ 닉쿤의 등장은 덤",
    "rating": "10",
    "date": "13.03.18"
  },
  {
    "review_id": "7354357",
    "movie_id": "102052",
    "author": "skan****",
    "review": "은근재미",
    "rating": "10",
    "date": "13.03.16"
  },
  {
    "review_id": "7353319",
    "movie_id": "102052",
    "author": "wlan****",
    "review": "이건 그냥 애니로 보세요 아직 안본 애니지만 솔직히 제 취향 애니는 아님",
    "rating": "1",
    "date": "13.03.16"
  },
  {
    "review_id": "7350990",
    "movie_id": "102052",
    "author": "cuti****",
    "review": "1점도 아깝네ㅋㅋㅋㅋㅋ닉쿤급을 주연으로 써야 훈남아닌가ㅋㅋㅋㅋㅋ닉쿤을 조연으로 쓰고 앉았네 아무리 까메오라지만ㅋㅋㅋㅋ",
    "rating": "1",
    "date": "13.03.16"
  }
]