[
  {
    "review": "그냥 좋죠 뭐 좋네요 오랜만에 다시 봅니다",
    "date": "15.08.08",
    "rating": "10",
    "author": "akfr****",
    "review_id": "10202075",
    "movie_id": "10201"
  },
  {
    "review": "수식어가 필요없는 진짜 멋진 영화...",
    "date": "15.07.28",
    "rating": "10",
    "author": "funo****",
    "review_id": "10154861",
    "movie_id": "10201"
  },
  {
    "review": "이제 막 사회생활을 시작하는 사람들은 한번쯤 볼 만한 영화. 톰크루즈의 리즈시절 미친미모는 덤! ^^",
    "date": "15.05.23",
    "rating": "8",
    "author": "gshh****",
    "review_id": "9941453",
    "movie_id": "10201"
  },
  {
    "review": "톰크루즈가 만들어준 칵테일을 마시는 기분",
    "date": "15.03.18",
    "rating": "7",
    "author": "ken9****",
    "review_id": "9791794",
    "movie_id": "10201"
  },
  {
    "review": "영호ㅏ는 진짜 쓰레기중에 쓰레기 탐크루즈 미모만 보이는 영화",
    "date": "15.02.16",
    "rating": "1",
    "author": "pipp****",
    "review_id": "9703802",
    "movie_id": "10201"
  },
  {
    "review": "멋진영화....탐의 젊은날이라...",
    "date": "14.12.31",
    "rating": "9",
    "author": "bigt****",
    "review_id": "9539585",
    "movie_id": "10201"
  },
  {
    "review": "푸켓에 놀러갔다 처음 본 올드무비..푸켓에서 보니 낭만이 배가된 듯 ~",
    "date": "14.10.31",
    "rating": "10",
    "author": "osth****",
    "review_id": "9332479",
    "movie_id": "10201"
  },
  {
    "review": "지금 기준으로는 조금 진부한 스토리이지만 이영화가 나온 그때를 생각한다면 참 신선하고 흥미와 반전을 느낄 수 있어서 좋았던 영화다 톰크루즈의 인기는 그당시에도 절정기였고 비치보이즈의 kokomo는 이영화의 흥행 덕분에 빌보드 1위를 먹었었지 ㅋㅋ",
    "date": "14.10.02",
    "rating": "9",
    "author": "mbes****",
    "review_id": "9255555",
    "movie_id": "10201"
  },
  {
    "review": "인간의 진정한 행복은 부를 원없이 누리진 못해도 내가 가장 좋아하는 일을 하면서 사랑하는 사람과 여생을 보내는 것",
    "date": "14.09.22",
    "rating": "10",
    "author": "cred****",
    "review_id": "9233805",
    "movie_id": "10201"
  },
  {
    "review": "80년대 음악, 스타일, 감각의 80년대식 로맨스물의 정석.",
    "date": "14.09.20",
    "rating": "8",
    "author": "sipj****",
    "review_id": "9229113",
    "movie_id": "10201"
  },
  {
    "review": "이영화보고 배운게많다 일단 겁먹지말자",
    "date": "14.09.02",
    "rating": "10",
    "author": "rayl****",
    "review_id": "9155992",
    "movie_id": "10201"
  },
  {
    "review": "별 감동은 없지만 톰크루즈가 완전 잘 생겼다는 건 인정한 영화",
    "date": "14.08.11",
    "rating": "7",
    "author": "lees****",
    "review_id": "9067599",
    "movie_id": "10201"
  },
  {
    "review": "진짜 탐크루즈 세상에서 제일 잘생긴거 같다...얼굴 보다 시간 다감",
    "date": "14.06.18",
    "rating": "10",
    "author": "gree****",
    "review_id": "8838144",
    "movie_id": "10201"
  },
  {
    "review": "역시 톰 크루즈는 최고!",
    "date": "14.05.01",
    "rating": "9",
    "author": "jooz****",
    "review_id": "8688484",
    "movie_id": "10201"
  },
  {
    "review": "이영화 이후 국내에 칵테일 열풍이 불었던영화",
    "date": "14.01.27",
    "rating": "7",
    "author": "adiv****",
    "review_id": "8437316",
    "movie_id": "10201"
  },
  {
    "review": "각본은 크게 두드러지지 않지만 깔끔한 영화.",
    "date": "13.12.08",
    "rating": "7",
    "author": "keep****",
    "review_id": "8198762",
    "movie_id": "10201"
  },
  {
    "review": "젊은 톰을 만날 수 있는 영화.출세. 명예. 성공. 실패. 죽음. 사랑. 탄생다 있네",
    "date": "13.10.21",
    "rating": "10",
    "author": "silb****",
    "review_id": "8078683",
    "movie_id": "10201"
  },
  {
    "review": "톰크루즈는 연기 가 아니라 그냥 본인같아;; 진짜 대단",
    "date": "13.09.10",
    "rating": "9",
    "author": "als9****",
    "review_id": "7963598",
    "movie_id": "10201"
  },
  {
    "review": "그냥 그런 영화",
    "date": "13.09.05",
    "rating": "3",
    "author": "no13****",
    "review_id": "7949867",
    "movie_id": "10201"
  },
  {
    "review": "젊은시절괴뇌??좋지만 현실감이...ㅠ 그래도 영회 장면마다 현실감 쩌는 이야기 탐크즈상큼한얼굴로 추천영환아니지만시대감포함 8점",
    "date": "13.08.30",
    "rating": "8",
    "author": "suna****",
    "review_id": "7934102",
    "movie_id": "10201"
  },
  {
    "review": "톰 크루즈의 패기넘치는 연기와  코코모 해변과 아름다운 노래가 어울러진 이름다운 사랑이야기",
    "date": "13.08.05",
    "rating": "10",
    "author": "piby****",
    "review_id": "7840936",
    "movie_id": "10201"
  },
  {
    "review": "어린시절 한번 본 후 오늘 다시 보니 느낌이 많이 다르다. 우선 그시절 노래들은 좋았고, 내용은 사랑이 중요하다 라는 그저그런 스토리다. 사실 인생은 결혼이 끝이고 해피엔딩이 아니라 그 이후의 이야기가 더 중요한 법이다. 둘이 잘살길 빈다",
    "date": "13.07.26",
    "rating": "7",
    "author": "danz****",
    "review_id": "7785370",
    "movie_id": "10201"
  },
  {
    "review": "젊은 시절 톰 크루즈의 유쾌한 청춘 영화",
    "date": "13.05.14",
    "rating": "8",
    "author": "thel****",
    "review_id": "7527457",
    "movie_id": "10201"
  },
  {
    "review": "젊은 청춘의 패기와 열정, 그리고 낭만... 그러나 현실은 시궁창...",
    "date": "13.03.06",
    "rating": "7",
    "author": "deka****",
    "review_id": "7327031",
    "movie_id": "10201"
  },
  {
    "review": "재밋어 보여",
    "date": "12.12.24",
    "rating": "10",
    "author": "byun****",
    "review_id": "7037072",
    "movie_id": "10201"
  },
  {
    "review": "보는내내 즐거웠던 영화",
    "date": "12.12.12",
    "rating": "10",
    "author": "kims****",
    "review_id": "6994757",
    "movie_id": "10201"
  },
  {
    "review": "영화는 멋있다. 하지만 영화 주인공 만큼 밋있는 사람이 없기에, 공감은 할 수 없다.",
    "date": "12.10.04",
    "rating": "8",
    "author": "kimg****",
    "review_id": "6763303",
    "movie_id": "10201"
  },
  {
    "review": "당시 국도극장에서 이 영화를 봤었다.. 탑건으로 명실상부 최고스타로 발돋움했던 톰 크루즈.. 극장에서는 그가 나오는씬 마다 카메라 플래쉬와 함성이 터졌고 극장안의 모든 여인들이 자지러지는 진풍경이 나왔었다. 아련하구나..",
    "date": "12.08.27",
    "rating": "8",
    "author": "send****",
    "review_id": "6648494",
    "movie_id": "10201"
  },
  {
    "review": "낭만적인 청춘!!!",
    "date": "12.08.13",
    "rating": "8",
    "author": "ny__****",
    "review_id": "6599755",
    "movie_id": "10201"
  },
  {
    "review": "재밌네~",
    "date": "12.06.30",
    "rating": "8",
    "author": "dbzh****",
    "review_id": "6432124",
    "movie_id": "10201"
  },
  {
    "review": "다시 보지말고 그냥 어릴적 향수로 묻어놔라~지금다시보니 유치해서 못보겠다.",
    "date": "12.04.13",
    "rating": "1",
    "author": "debu****",
    "review_id": "6217053",
    "movie_id": "10201"
  },
  {
    "review": "누가 상상이나 했을까, 톰크루즈와엘리자베스슈가 대배우가 될지, 멋진 영화다.",
    "date": "12.03.16",
    "rating": "8",
    "author": "tomb****",
    "review_id": "6147164",
    "movie_id": "10201"
  },
  {
    "review": "이때만 하더라도 엘리자베스 슈, 톰 크루즈가 대배우가 될 줄 몰랐었지! 잼있다~",
    "date": "12.03.11",
    "rating": "9",
    "author": "nkot****",
    "review_id": "6135856",
    "movie_id": "10201"
  },
  {
    "review": "탐 크루즈와 엘리자베스 슈의 청춘이 감미로운 OST와 함께 잘 버무려졌다",
    "date": "12.01.21",
    "rating": "8",
    "author": "cont****",
    "review_id": "6006328",
    "movie_id": "10201"
  },
  {
    "review": "탐 크루즈나 영화나 개 끌린다... 빅 재미는 아닌데 묘한 매력이 쩐다",
    "date": "12.01.14",
    "rating": "10",
    "author": "wlfh****",
    "review_id": "5985016",
    "movie_id": "10201"
  },
  {
    "review": "산만산만. 막장막장. 톰크루즈 때문에 봤음ㅋ",
    "date": "11.11.11",
    "rating": "8",
    "author": "zhen****",
    "review_id": "5841849",
    "movie_id": "10201"
  },
  {
    "review": "O.S.T만으로도 10점",
    "date": "11.07.20",
    "rating": "10",
    "author": "skyh****",
    "review_id": "5555954",
    "movie_id": "10201"
  },
  {
    "review": "이영화 보고 톰크루즈 한테 뽕갔다.톰크루즈의 매력 죽인다.",
    "date": "11.06.23",
    "rating": "10",
    "author": "liuh****",
    "review_id": "5495066",
    "movie_id": "10201"
  },
  {
    "review": "삭막한 요즘 이런 순수한낭만을 꿈꾸는게 멍청한짓이라 생각한다면이영화가 재미없을거임",
    "date": "11.05.03",
    "rating": "10",
    "author": "zzbb****",
    "review_id": "5403320",
    "movie_id": "10201"
  },
  {
    "review": "전개는 산만하나 사회초년생의 고민들이 담겨있다.",
    "date": "11.03.27",
    "rating": "8",
    "author": "alsc****",
    "review_id": "5338989",
    "movie_id": "10201"
  },
  {
    "review": "막 엄청난 감동 그런것 없지만 매력적인 영화ㅋㅋㅋ",
    "date": "11.01.05",
    "rating": "10",
    "author": "lsn3****",
    "review_id": "5129500",
    "movie_id": "10201"
  },
  {
    "review": "아>.< 톰의 젊은시절모습!!! 너무멋잇네요 엄마미소짓게하는ㅋㅋㅋㅋ",
    "date": "10.11.14",
    "rating": "10",
    "author": "yes5****",
    "review_id": "4958861",
    "movie_id": "10201"
  },
  {
    "review": "탐 크루즈의 매력.",
    "date": "10.11.06",
    "rating": "10",
    "author": "miss****",
    "review_id": "4941667",
    "movie_id": "10201"
  },
  {
    "review": "경영학 전공자이면서 군대 갓 전역한 모든 이들에게 추천합니다.",
    "date": "10.10.13",
    "rating": "8",
    "author": "long****",
    "review_id": "4901164",
    "movie_id": "10201"
  },
  {
    "review": "진실한 마음은 통하는것.",
    "date": "10.09.29",
    "rating": "9",
    "author": "boxe****",
    "review_id": "4875395",
    "movie_id": "10201"
  },
  {
    "review": "! 오랜만에 제대로된 영화를 ! 평점왜케 낮은겨~!!",
    "date": "10.09.23",
    "rating": "10",
    "author": "me88****",
    "review_id": "4862022",
    "movie_id": "10201"
  },
  {
    "review": "골든 라즈베리 상을 받는 이유가 있다.",
    "date": "10.09.21",
    "rating": "3",
    "author": "bbq2****",
    "review_id": "4853783",
    "movie_id": "10201"
  },
  {
    "review": "라즈베리 상을 받을 영화는 아니라 생각함.",
    "date": "10.09.19",
    "rating": "8",
    "author": "dlwo****",
    "review_id": "4846949",
    "movie_id": "10201"
  },
  {
    "review": "노력없이 한탕노리는 인물의 최후  그리고 중요한 교훈 . 나도 자존심을 버려야제",
    "date": "10.09.14",
    "rating": "8",
    "author": "jinj****",
    "review_id": "4835936",
    "movie_id": "10201"
  },
  {
    "review": "아무 생각없이 유쾌하게 볼 수 있는 영화",
    "date": "10.09.01",
    "rating": "7",
    "author": "noxp****",
    "review_id": "4811133",
    "movie_id": "10201"
  },
  {
    "review": "중반까진 지루..다 보고 나면 단순 애정 영화가 아님을 앎..근데 남주 연기 못함",
    "date": "10.07.27",
    "rating": "7",
    "author": "come****",
    "review_id": "4676161",
    "movie_id": "10201"
  },
  {
    "review": "추억의 80년대 클래식. 시원한 배경과 음악과 함께 탐 크루즈의 매력 속으로.",
    "date": "10.07.18",
    "rating": "7",
    "author": "stit****",
    "review_id": "4649055",
    "movie_id": "10201"
  },
  {
    "review": "톰 크루즈 멋지네요.",
    "date": "10.07.14",
    "rating": "8",
    "author": "dlwl****",
    "review_id": "4639378",
    "movie_id": "10201"
  },
  {
    "review": "이게 벌써 23년된영화라니 세월참.....",
    "date": "10.07.02",
    "rating": "10",
    "author": "musc****",
    "review_id": "4604477",
    "movie_id": "10201"
  },
  {
    "review": "재미는 없었지만 톰님 보는 재미에..ㅋㅋ",
    "date": "10.06.27",
    "rating": "8",
    "author": "hyun****",
    "review_id": "4594296",
    "movie_id": "10201"
  },
  {
    "review": "탐크루즈 미남, 여주인공도 예뻐요",
    "date": "10.06.21",
    "rating": "8",
    "author": "spri****",
    "review_id": "4583284",
    "movie_id": "10201"
  },
  {
    "review": "이런게 영화다. 평점이 부족해",
    "date": "10.06.19",
    "rating": "10",
    "author": "cjlo****",
    "review_id": "4576922",
    "movie_id": "10201"
  },
  {
    "review": "굿",
    "date": "10.05.18",
    "rating": "10",
    "author": "bwmi****",
    "review_id": "4508679",
    "movie_id": "10201"
  },
  {
    "review": "인생은 시.인생은 칵테일.내일도 시와 칵테일.",
    "date": "10.05.05",
    "rating": "9",
    "author": "lees****",
    "review_id": "4481464",
    "movie_id": "10201"
  },
  {
    "review": "awesome~! 과거의 명작을 다시보는중인데.. 역시 좋은작품은 영원하다",
    "date": "10.05.04",
    "rating": "10",
    "author": "sean****",
    "review_id": "4477724",
    "movie_id": "10201"
  },
  {
    "review": "그닥 재밌지는 않네 톰크루즈 연기력 부족하다.",
    "date": "10.04.25",
    "rating": "6",
    "author": "sund****",
    "review_id": "4454476",
    "movie_id": "10201"
  },
  {
    "review": "벌써 20년이나 되었다니...지금보니 큰 공감은 없지만 그유명한 노래 kokomo는 영원함",
    "date": "10.04.04",
    "rating": "8",
    "author": "mrbi****",
    "review_id": "4408983",
    "movie_id": "10201"
  },
  {
    "review": "돈은 잊어라!",
    "date": "10.02.06",
    "rating": "8",
    "author": "caca****",
    "review_id": "4253493",
    "movie_id": "10201"
  },
  {
    "review": "아무생각없이 봤는데 킬링타임용으로 괜찮음...톰크루즈는 진짜 잘생겼단말이야",
    "date": "09.11.27",
    "rating": "8",
    "author": "rd72****",
    "review_id": "3995986",
    "movie_id": "10201"
  },
  {
    "review": "내가 영화감독이라면 이런 영화 또 만들고 싶다. totally entertaing",
    "date": "09.09.06",
    "rating": "10",
    "author": "yewa****",
    "review_id": "3813912",
    "movie_id": "10201"
  },
  {
    "review": "중딩때 봤던 영화지만 다시 봐도 최고다 / 요즘은 이런영화 보기 드물지...음",
    "date": "09.07.28",
    "rating": "10",
    "author": "pose****",
    "review_id": "3676461",
    "movie_id": "10201"
  },
  {
    "review": "톰크루즈영화는 별거없어도 볼만하게 재밌다",
    "date": "09.07.09",
    "rating": "8",
    "author": "reki****",
    "review_id": "3619465",
    "movie_id": "10201"
  },
  {
    "review": "탐크루즈라는 사람을 인식시킨 재밋는영화",
    "date": "09.04.08",
    "rating": "10",
    "author": "magi****",
    "review_id": "3411030",
    "movie_id": "10201"
  },
  {
    "review": "어렸을적 이상형...금발애인의 환상을 갖게 해준 여자주인공...그유명한OST kokomo",
    "date": "09.03.25",
    "rating": "10",
    "author": "wsle****",
    "review_id": "3386521",
    "movie_id": "10201"
  },
  {
    "review": "10점만점에 10점",
    "date": "09.03.14",
    "rating": "10",
    "author": "7774****",
    "review_id": "3364813",
    "movie_id": "10201"
  },
  {
    "review": "백점짜리.. 사랑 성공 인생",
    "date": "09.03.02",
    "rating": "10",
    "author": "ans3****",
    "review_id": "3343101",
    "movie_id": "10201"
  },
  {
    "review": "살 맛나게 해주는 영화. 제목 하나는 참 잘지었네",
    "date": "09.02.22",
    "rating": "10",
    "author": "jmp0****",
    "review_id": "3322920",
    "movie_id": "10201"
  },
  {
    "review": "탐크루즈를 알게해준 영화. 어린시절 아주 재미있게 본영화 ㅋㅋ",
    "date": "09.02.19",
    "rating": "8",
    "author": "tleh****",
    "review_id": "3314909",
    "movie_id": "10201"
  },
  {
    "review": "최고의 영화~",
    "date": "09.01.31",
    "rating": "10",
    "author": "0303****",
    "review_id": "3266576",
    "movie_id": "10201"
  },
  {
    "review": "부를 원하는 인생관을 설계한 젊은이들에게 말초 신경을 자극시켜준 영화...",
    "date": "08.11.24",
    "rating": "10",
    "author": "unde****",
    "review_id": "3069940",
    "movie_id": "10201"
  },
  {
    "review": ".국딩시절의 맛본 양키들의 청춘로망!!",
    "date": "08.10.05",
    "rating": "10",
    "author": "dcap****",
    "review_id": "2983583",
    "movie_id": "10201"
  },
  {
    "review": "나름 교훈있는 영화 ㅋㅋㅋ 와우...",
    "date": "08.07.28",
    "rating": "9",
    "author": "juro****",
    "review_id": "2810526",
    "movie_id": "10201"
  },
  {
    "review": "어른들을 위한 동화..귀에 익은 노래는 덤이다.",
    "date": "08.07.09",
    "rating": "10",
    "author": "sair****",
    "review_id": "2749776",
    "movie_id": "10201"
  },
  {
    "review": "아주 재밌었다. 제목에 딱 맞는 영화",
    "date": "08.03.29",
    "rating": "10",
    "author": "edo1****",
    "review_id": "2546900",
    "movie_id": "10201"
  },
  {
    "review": "토요명화에서 심심찮게 해주던... 톰쿠르즈의 초기 괜찮은영화 중하나",
    "date": "08.02.01",
    "rating": "7",
    "author": "evil****",
    "review_id": "2393765",
    "movie_id": "10201"
  },
  {
    "review": "칵테일로 시작해서.. 사랑으로 끝나는 막장스토리..",
    "date": "07.11.21",
    "rating": "1",
    "author": "dj16****",
    "review_id": "2171784",
    "movie_id": "10201"
  },
  {
    "review": "이것이 로망이며 인생이다!",
    "date": "07.10.17",
    "rating": "10",
    "author": "expr****",
    "review_id": "2094205",
    "movie_id": "10201"
  },
  {
    "review": "젊음을 어떻게 보낼지 탐이 잘 가르쳐 준 영화, 재미있었고 기억에남는다",
    "date": "07.08.23",
    "rating": "9",
    "author": "99io****",
    "review_id": "1971951",
    "movie_id": "10201"
  },
  {
    "review": "음악과 칵테일쇼가 기억에 남는 영화",
    "date": "07.08.19",
    "rating": "8",
    "author": "seun****",
    "review_id": "1960001",
    "movie_id": "10201"
  },
  {
    "review": "톰크루즈의 칵테일 묘기는 제다이의 라이트세이버 검술에 비할만하다",
    "date": "07.08.14",
    "rating": "10",
    "author": "baks****",
    "review_id": "1937664",
    "movie_id": "10201"
  },
  {
    "review": "아직 탐크루즈의 매력을 모르신다면...꼭 보시길..",
    "date": "07.08.09",
    "rating": "10",
    "author": "typo****",
    "review_id": "1908214",
    "movie_id": "10201"
  },
  {
    "review": "칵테일 맛 제대로다",
    "date": "07.07.16",
    "rating": "10",
    "author": "s140****",
    "review_id": "1782530",
    "movie_id": "10201"
  },
  {
    "review": "♬OST GOOD。",
    "date": "07.07.03",
    "rating": "8",
    "author": "dhkq****",
    "review_id": "1742769",
    "movie_id": "10201"
  },
  {
    "review": "초반의 스피디한 전개에 흥분,그리고 하늘빛 젊음과 핑크빛 사랑.good!",
    "date": "07.06.05",
    "rating": "10",
    "author": "bepl****",
    "review_id": "1682995",
    "movie_id": "10201"
  },
  {
    "review": "그냥 볼만하다 탐크루즈의 미소 엘리자베스슈의 화창함 .. 그냥 보는거다",
    "date": "07.05.07",
    "rating": "8",
    "author": "anda****",
    "review_id": "1626811",
    "movie_id": "10201"
  },
  {
    "review": "마이탐 ㅠㅠ",
    "date": "07.05.07",
    "rating": "10",
    "author": "lhn9****",
    "review_id": "1626607",
    "movie_id": "10201"
  },
  {
    "review": "탑건 과 함께 탐의매력에 푹빠져드게하는 영화^^",
    "date": "07.04.03",
    "rating": "8",
    "author": "id36****",
    "review_id": "1571300",
    "movie_id": "10201"
  },
  {
    "review": "풋풋했던 탐..ㅋㅋ 이국적이고 상큼한 영화",
    "date": "07.03.13",
    "rating": "8",
    "author": "naeg****",
    "review_id": "1532589",
    "movie_id": "10201"
  },
  {
    "review": "인생을 느끼다....",
    "date": "07.02.27",
    "rating": "9",
    "author": "dust****",
    "review_id": "1506227",
    "movie_id": "10201"
  },
  {
    "review": "이미지즘 적 영화 하지만 아쉬움...",
    "date": "06.12.30",
    "rating": "8",
    "author": "pixx****",
    "review_id": "1341120",
    "movie_id": "10201"
  },
  {
    "review": "음악영화 한편을 본듯한... 너무 잘어울리는 영상과 비치보이스",
    "date": "06.12.26",
    "rating": "8",
    "author": "elf2****",
    "review_id": "1328825",
    "movie_id": "10201"
  },
  {
    "review": "신나는 음악과 함께 즐길수 있는 영화",
    "date": "06.12.25",
    "rating": "8",
    "author": "nala****",
    "review_id": "1325270",
    "movie_id": "10201"
  },
  {
    "review": "유쾌한 영화",
    "date": "06.09.08",
    "rating": "8",
    "author": "pawr****",
    "review_id": "1111074",
    "movie_id": "10201"
  },
  {
    "review": "작품성 조은 영화는 역시 옛날영화죠!",
    "date": "06.08.21",
    "rating": "9",
    "author": "debi****",
    "review_id": "1066236",
    "movie_id": "10201"
  },
  {
    "review": "톰 크루즈 진짜 멋있다...",
    "date": "06.08.07",
    "rating": "9",
    "author": "dgis****",
    "review_id": "979893",
    "movie_id": "10201"
  }
]