[
  {
    "review_id": "10167784",
    "movie_id": "102055",
    "author": "key2****",
    "review": "우디알랜괜잖은감독이네요..아이스크림처럼..부두러운사랑이야기..정말사랑이참..아름다운영화네요..주인공..굿...음악도,눈빛도..사랑에..빠지다...행복한느낌이다..뉴욕..",
    "rating": "9",
    "date": "15.07.31"
  },
  {
    "review_id": "10056932",
    "movie_id": "102055",
    "author": "munk****",
    "review": "지루. 시작도 중간도 마무리도 뭐 다 맹탕느낌. 제비가 된 과정도 맹탕이더니 제비질도 맹탕. 한 여인을 사랑하고 헤어지는 것도 맹탕... 뭐여 이게,",
    "rating": "3",
    "date": "15.07.01"
  },
  {
    "review_id": "9807705",
    "movie_id": "102055",
    "author": "tjsd****",
    "review": "늦가을에 한번 더 보고싶다",
    "rating": "6",
    "date": "15.03.26"
  },
  {
    "review_id": "9790367",
    "movie_id": "102055",
    "author": "rose****",
    "review": "전형적인 미국 분위기가 물씬...그 향이  좋다",
    "rating": "10",
    "date": "15.03.17"
  },
  {
    "review_id": "9760010",
    "movie_id": "102055",
    "author": "han_****",
    "review": "존 터투로와 우디 앨런 등 배우들의 연기가 편안하고, 영화 자체도 따뜻한 느낌이라 좋았습니다^^ 소소하게 보는 재미가 있습니다. 개인적으로는 우디 앨런의 대사들에서 특유의 매력을 느꼈다고나 할까...",
    "rating": "7",
    "date": "15.03.06"
  },
  {
    "review_id": "9756202",
    "movie_id": "102055",
    "author": "shar****",
    "review": "태어나 첨으로 극장에서 혼자본 영화라서 두배로 의미가 있었던..배우, 스토리, 연출력 모두 정말 최고:)",
    "rating": "10",
    "date": "15.03.04"
  },
  {
    "review_id": "9737786",
    "movie_id": "102055",
    "author": "civi****",
    "review": "영화들이 보는 영화라 할까. 약간 난해하면서도 직구같은 사랑의 해석.",
    "rating": "7",
    "date": "15.02.25"
  },
  {
    "review_id": "9692580",
    "movie_id": "102055",
    "author": "yjy9****",
    "review": "적당히 유쾌하고 재밌고 음악!",
    "rating": "10",
    "date": "15.02.13"
  },
  {
    "review_id": "9685401",
    "movie_id": "102055",
    "author": "dlwo****",
    "review": "우아하게 보이고 싶은 영화.",
    "rating": "7",
    "date": "15.02.10"
  },
  {
    "review_id": "9682418",
    "movie_id": "102055",
    "author": "blue****",
    "review": "이제는 사라진 극장판 드라마",
    "rating": "6",
    "date": "15.02.09"
  },
  {
    "review_id": "9676929",
    "movie_id": "102055",
    "author": "rode****",
    "review": "이런 영화 너무 좋다...",
    "rating": "9",
    "date": "15.02.07"
  },
  {
    "review_id": "9639820",
    "movie_id": "102055",
    "author": "hell****",
    "review": "평이~~한 영화. 음악은 좋다.",
    "rating": "6",
    "date": "15.01.26"
  },
  {
    "review_id": "9623707",
    "movie_id": "102055",
    "author": "mari****",
    "review": "지루했어요 우디앨런이 나왔던 것 밖에 기억이 안나요",
    "rating": "5",
    "date": "15.01.22"
  },
  {
    "review_id": "9612623",
    "movie_id": "102055",
    "author": "eyah****",
    "review": "잔잔하게 즐거운영화입니다",
    "rating": "9",
    "date": "15.01.19"
  },
  {
    "review_id": "9595154",
    "movie_id": "102055",
    "author": "sy13****",
    "review": "외로움을 생각해보게 만드는 영화",
    "rating": "8",
    "date": "15.01.15"
  },
  {
    "review_id": "9567649",
    "movie_id": "102055",
    "author": "muzi****",
    "review": "세련되고 재밌었어요.",
    "rating": "10",
    "date": "15.01.06"
  },
  {
    "review_id": "9565749",
    "movie_id": "102055",
    "author": "stup****",
    "review": "유쾌하고 특이한 영화.",
    "rating": "9",
    "date": "15.01.05"
  },
  {
    "review_id": "9563825",
    "movie_id": "102055",
    "author": "tran****",
    "review": "어떨결에 포주와 남창이 된 남자들의 유쾌한 이야기... 배경음악도 너무 좋다!!!",
    "rating": "8",
    "date": "15.01.05"
  },
  {
    "review_id": "9563082",
    "movie_id": "102055",
    "author": "ozel****",
    "review": "영화보다는 음악이 더 좋았던 듯...!",
    "rating": "7",
    "date": "15.01.04"
  },
  {
    "review_id": "9558089",
    "movie_id": "102055",
    "author": "sed6****",
    "review": "재미가 없었습니다..",
    "rating": "6",
    "date": "15.01.03"
  },
  {
    "review_id": "9535937",
    "movie_id": "102055",
    "author": "robt****",
    "review": "다른 우디앨런 작품보다 스토리의 해학은 좀 떨어지는듯 하지만 그럭저럭 볼만합니다.",
    "rating": "8",
    "date": "14.12.29"
  },
  {
    "review_id": "9523117",
    "movie_id": "102055",
    "author": "plmj****",
    "review": "재미있어요!! ㅋㅋㅋ 제가 좋아하는 스타일이어섷 그런지는 모르겠지만 그 특유의 느낌을 잘 전달받았습니다",
    "rating": "9",
    "date": "14.12.27"
  },
  {
    "review_id": "9521844",
    "movie_id": "102055",
    "author": "love****",
    "review": "내평점전체적으로 영화가 깔끔하고 정갈하네요. 연기하는 우디앨런이 어색하게 느껴지다니 ㅋㅋ 감독이 우디앨런이겠거니 하고 봤을 정도.",
    "rating": "7",
    "date": "14.12.26"
  },
  {
    "review_id": "9480793",
    "movie_id": "102055",
    "author": "caca****",
    "review": "연인끼리 보면 좋은 영화입니다",
    "rating": "10",
    "date": "14.12.17"
  },
  {
    "review_id": "9476116",
    "movie_id": "102055",
    "author": "jane****",
    "review": "아이디어와 상상력이 좋은 영화. 엔딩 음악도 좋아요.",
    "rating": "8",
    "date": "14.12.15"
  },
  {
    "review_id": "9467314",
    "movie_id": "102055",
    "author": "kahe****",
    "review": "그냥 물만 잘주면 되요. 장미는 가시에서 나고  가시는 장미에서 난다.",
    "rating": "10",
    "date": "14.12.12"
  },
  {
    "review_id": "9467253",
    "movie_id": "102055",
    "author": "dana****",
    "review": "기대하고 봐서 내용에 대한 실망은 했지만 각 배우들의 연기라던지 색감 음악등은 괜찮았다",
    "rating": "7",
    "date": "14.12.12"
  },
  {
    "review_id": "9461680",
    "movie_id": "102055",
    "author": "rhwl****",
    "review": "영화에 나오는 노래들 너무너무 좋다",
    "rating": "7",
    "date": "14.12.09"
  },
  {
    "review_id": "9443499",
    "movie_id": "102055",
    "author": "stoj****",
    "review": "괜찮게  잘  봤어요~음악 좋네요",
    "rating": "9",
    "date": "14.12.03"
  },
  {
    "review_id": "9442377",
    "movie_id": "102055",
    "author": "zzzi****",
    "review": "음악도 좋고 두사람의 콤비도 좋고 볼만합니다!",
    "rating": "8",
    "date": "14.12.03"
  },
  {
    "review_id": "9425055",
    "movie_id": "102055",
    "author": "duck****",
    "review": "잔잔한 극흐름은 좋았으나 영화가 끝나고 허무함이 밀려왔다. 도대체 뭘 이야기 하고 싶었던 걸까?",
    "rating": "8",
    "date": "14.11.27"
  },
  {
    "review_id": "9390840",
    "movie_id": "102055",
    "author": "anal****",
    "review": "썸남과 길을 걷다 무작정 보면 즐거울 영화... 가볍고 재밋어요",
    "rating": "9",
    "date": "14.11.16"
  },
  {
    "review_id": "9367371",
    "movie_id": "102055",
    "author": "xine****",
    "review": "뉴욕에  몇년 살았는데.. 영화에 나오는 뉴욕의 동네별 인구 특성에 대해 너무 잘 잡아내어서   계속  낄낄대며 봤습니다.  재밌는 영화예요.",
    "rating": "7",
    "date": "14.11.10"
  },
  {
    "review_id": "9344418",
    "movie_id": "102055",
    "author": "mail****",
    "review": "음악과 작품배경이 좋아요",
    "rating": "7",
    "date": "14.11.06"
  },
  {
    "review_id": "9339125",
    "movie_id": "102055",
    "author": "pann****",
    "review": "음악과 내용이 잔잔한게 너무 좋더라구요",
    "rating": "8",
    "date": "14.11.03"
  },
  {
    "review_id": "9336646",
    "movie_id": "102055",
    "author": "beck****",
    "review": "사랑은 교감과의 상호작용",
    "rating": "7",
    "date": "14.11.02"
  },
  {
    "review_id": "9335884",
    "movie_id": "102055",
    "author": "miss****",
    "review": "우디 앨런이 전부인, 우디앨런의 코믹함만이 재미있었던 지골로 인 뉴욕",
    "rating": "5",
    "date": "14.11.02"
  },
  {
    "review_id": "9333436",
    "movie_id": "102055",
    "author": "prim****",
    "review": "잔잔하지만 유쾌한영화",
    "rating": "8",
    "date": "14.11.01"
  },
  {
    "review_id": "9331001",
    "movie_id": "102055",
    "author": "cj09****",
    "review": "영상미가 이쁜영화 최고",
    "rating": "10",
    "date": "14.10.31"
  },
  {
    "review_id": "9330876",
    "movie_id": "102055",
    "author": "anyo****",
    "review": "마음에 여유로움을 가져다 준 좋은 영화에요^-^",
    "rating": "9",
    "date": "14.10.31"
  },
  {
    "review_id": "9330573",
    "movie_id": "102055",
    "author": "dkdl****",
    "review": "본능에 충실한 영화이기에..이제 서른.. 삶의 한구덩이에 있는 저로서는 아름답지만 또 너무나 씁쓸했던 영화...꽃은 항상 피우고 지기 마련이죠.. 영화내내 꽃이 등장하는의미를 생각해볼 수 있는 영화였습니다~^^",
    "rating": "10",
    "date": "14.10.31"
  },
  {
    "review_id": "9324488",
    "movie_id": "102055",
    "author": "gong****",
    "review": "영화음악이 너무 좋네요",
    "rating": "7",
    "date": "14.10.28"
  },
  {
    "review_id": "9317922",
    "movie_id": "102055",
    "author": "fama****",
    "review": "멍청한 사람들은 이 영화를 보고 매춘이란 것에 대해 이야기하고, 똑똑한 사람들은 이 영화를 보고 사랑에 대해 논한다.",
    "rating": "8",
    "date": "14.10.26"
  },
  {
    "review_id": "9317430",
    "movie_id": "102055",
    "author": "dear****",
    "review": "내용을 전혀 모르고 봐서 너무 당황스러웠지만, 유쾌하게 웃을 수 있는 영화였어요.",
    "rating": "7",
    "date": "14.10.26"
  },
  {
    "review_id": "9315587",
    "movie_id": "102055",
    "author": "dile****",
    "review": "재밌어요! 우디앨런의 인상적인 연기!",
    "rating": "8",
    "date": "14.10.25"
  },
  {
    "review_id": "9309618",
    "movie_id": "102055",
    "author": "mare****",
    "review": "잔잔한 전개? 우디 앨런식의 위트있고 훈훈한 코미디를 좋아한다면 편안하게 볼만한 영화.근데 보는 내내 조니뎁 디스하는 것 같은 느낌은 뭘까?",
    "rating": "7",
    "date": "14.10.23"
  },
  {
    "review_id": "9309561",
    "movie_id": "102055",
    "author": "bbq2****",
    "review": "우디 앨런은 언제나 봐도 재밌고, 존 터투로의 섬세한 몸짓과 표정, 그 알쏭달쏭한 미소가 참 좋았다.",
    "rating": "6",
    "date": "14.10.23"
  },
  {
    "review_id": "9309108",
    "movie_id": "102055",
    "author": "berg****",
    "review": "우디 앨런 로맨틱 무비가 이런 것이었군요...(!) 기분 전환 용으로 최고인듯~. 가볍고 즐거운 것도 좋네요.",
    "rating": "7",
    "date": "14.10.23"
  },
  {
    "review_id": "9307698",
    "movie_id": "102055",
    "author": "dong****",
    "review": "무난하고 좋은데 뭔가가 아쉬운 영화 그게 뭘까...",
    "rating": "7",
    "date": "14.10.22"
  },
  {
    "review_id": "9299654",
    "movie_id": "102055",
    "author": "yoon****",
    "review": "ㅜㅜ어려운내용인건지 재미없는내용인건지,이해하기 좀 난해하고 지루했어요",
    "rating": "2",
    "date": "14.10.18"
  },
  {
    "review_id": "9297810",
    "movie_id": "102055",
    "author": "clie****",
    "review": "80 노인의 사랑에 대한 해석. 유대인들의 철학도 비꼬고.나는 이 감독을 좋아하고 존경합니다.. 이분의 작품들 dvd 모으고 싶숩니다.",
    "rating": "9",
    "date": "14.10.17"
  },
  {
    "review_id": "9294353",
    "movie_id": "102055",
    "author": "sant****",
    "review": "존터투로의 매력이 잘 드러난다. 제작자로 돈 들인 효과가 있는 듯. 진정 원하는 것이 섹스보다는 다정 다감한 손길이지 않을까?",
    "rating": "7",
    "date": "14.10.15"
  },
  {
    "review_id": "9294139",
    "movie_id": "102055",
    "author": "kan1****",
    "review": "음악이 압도적으로 좋고, 우디앨런 매력 넘치고, 잔잔하니 볼만했어요",
    "rating": "7",
    "date": "14.10.15"
  },
  {
    "review_id": "9293043",
    "movie_id": "102055",
    "author": "yoma****",
    "review": "이 영화를 이해하기엔 내가 아직 너무 어린듯",
    "rating": "7",
    "date": "14.10.14"
  },
  {
    "review_id": "9290916",
    "movie_id": "102055",
    "author": "zini****",
    "review": "오랜만에 조조로 봤던 영화. 음악도 좋았고 결코 가볍지 않았지만 무겁지도 않게 그려냈던 사랑의 모습도 좋았다.^^",
    "rating": "9",
    "date": "14.10.14"
  },
  {
    "review_id": "9289865",
    "movie_id": "102055",
    "author": "ya2n****",
    "review": "딱 우디알렌 영화.재밋고 유머가있고 눈물도있는",
    "rating": "9",
    "date": "14.10.13"
  },
  {
    "review_id": "9289646",
    "movie_id": "102055",
    "author": "lint****",
    "review": "잼나요~ 근데 조큼 아쉬운ㅋ",
    "rating": "9",
    "date": "14.10.13"
  },
  {
    "review_id": "9284069",
    "movie_id": "102055",
    "author": "kimi****",
    "review": "너무좋아요 강추합니다.",
    "rating": "7",
    "date": "14.10.11"
  },
  {
    "review_id": "9283770",
    "movie_id": "102055",
    "author": "dont****",
    "review": "유쾌하고 인생에 대해 다시 생각하게 해준 영화^^",
    "rating": "10",
    "date": "14.10.11"
  },
  {
    "review_id": "9281222",
    "movie_id": "102055",
    "author": "web4****",
    "review": "잔잔해서좋았어요 음악도 좋았고 연기도 좋았고",
    "rating": "9",
    "date": "14.10.10"
  },
  {
    "review_id": "9277520",
    "movie_id": "102055",
    "author": "eura****",
    "review": "내용을 모르고 엄마랑 보러갔다가 살짝 당황했지만.. 잔잔하게 봤어요~!",
    "rating": "7",
    "date": "14.10.09"
  },
  {
    "review_id": "9274562",
    "movie_id": "102055",
    "author": "crea****",
    "review": "우디알랜 연기도 좋앟고, 화면속 영상미가 돋보여요",
    "rating": "10",
    "date": "14.10.08"
  },
  {
    "review_id": "9272643",
    "movie_id": "102055",
    "author": "abub****",
    "review": "이 계절에 어울리는 재밌는 영화예요^^",
    "rating": "8",
    "date": "14.10.07"
  },
  {
    "review_id": "9269523",
    "movie_id": "102055",
    "author": "coco****",
    "review": "노래와 우디앨런의 연기가  영화를 살린 느낌!",
    "rating": "7",
    "date": "14.10.06"
  },
  {
    "review_id": "9267967",
    "movie_id": "102055",
    "author": "yooj****",
    "review": "굿굿 역시우디앨런!!",
    "rating": "9",
    "date": "14.10.05"
  },
  {
    "review_id": "9266666",
    "movie_id": "102055",
    "author": "gyru****",
    "review": "관객의 입장에서 오랜만에 감정을 이입해 본 영화네요~ 남주의 묘한 매력에 빠져들어요~~",
    "rating": "7",
    "date": "14.10.05"
  },
  {
    "review_id": "9263413",
    "movie_id": "102055",
    "author": "emat****",
    "review": "우디앨런 특유의 유머와부드러운 치유사 지골로^^",
    "rating": "8",
    "date": "14.10.04"
  },
  {
    "review_id": "9263139",
    "movie_id": "102055",
    "author": "sbnd****",
    "review": "사랑에는 고통이 따른다.",
    "rating": "7",
    "date": "14.10.04"
  },
  {
    "review_id": "9263127",
    "movie_id": "102055",
    "author": "maya****",
    "review": "가을이라  더 좋은 영화..뉴욕에 가을은 예쁘다",
    "rating": "7",
    "date": "14.10.04"
  },
  {
    "review_id": "9262994",
    "movie_id": "102055",
    "author": "afte****",
    "review": "오랜만에 우디 앨런을 보는 것으로도 좋더라",
    "rating": "8",
    "date": "14.10.04"
  },
  {
    "review_id": "9259778",
    "movie_id": "102055",
    "author": "oldb****",
    "review": "지나친 설명조의 연출은 지양해야하나 이 영화는 은유적으로나마 관객에게 좀 더 친절해야 했던게 아닐까? 관객의 관대한 시선에 너무 의존하고 있는 듯한 영화",
    "rating": "7",
    "date": "14.10.03"
  },
  {
    "review_id": "9259649",
    "movie_id": "102055",
    "author": "rure****",
    "review": "남창 영화가 아닌 것 같아서 그럴듯하다",
    "rating": "7",
    "date": "14.10.03"
  },
  {
    "review_id": "9258319",
    "movie_id": "102055",
    "author": "domi****",
    "review": "따뜻한 영상미와 음악이 돋보였어요.. 밉지않은 우디앨런의 역할이 영화를 살려준 것 같아요..;)",
    "rating": "8",
    "date": "14.10.03"
  },
  {
    "review_id": "9256691",
    "movie_id": "102055",
    "author": "helk****",
    "review": "그럭저럭...그냥그럼",
    "rating": "7",
    "date": "14.10.03"
  },
  {
    "review_id": "9256252",
    "movie_id": "102055",
    "author": "aest****",
    "review": "감독을 하진 않았으나 참 우디앨런스러운 영화네요.",
    "rating": "9",
    "date": "14.10.02"
  },
  {
    "review_id": "9256144",
    "movie_id": "102055",
    "author": "cuty****",
    "review": "이영화를 다 보고 나면 지골로는 남창이 아닌, 영혼에 생기를 불어넣어주는 마술사라는 의미로 다가온다 적어도?휘오라반테에게만은~ 순수진지섬세따뜻함을 지닌 남자이기 때문이다 매춘. 쓰리썸이 주요한사건인데도가볍고  유쾌하게 엮어내는 머레이 역의 우디앨런~",
    "rating": "10",
    "date": "14.10.02"
  },
  {
    "review_id": "9255342",
    "movie_id": "102055",
    "author": "wonk****",
    "review": "역시 우디 알렌! 거창한 앤딩은 아니지만 꼭 영화가 끝나고 난 후 미소짓게 하는 영화. 그리고 정말 뉴욕에 가보고 싶게 하는 영화. 밝고 감동적이면서도 웃기기까지 하고 게다가 멋진 새론스톤과 소피아 배르가라의 후덜덜한 포스까지 눈도 즐거워요!",
    "rating": "10",
    "date": "14.10.02"
  },
  {
    "review_id": "9254839",
    "movie_id": "102055",
    "author": "kimm****",
    "review": "ost는 좋아요,, 내용은 살짝 아쉬움",
    "rating": "6",
    "date": "14.10.02"
  },
  {
    "review_id": "9253670",
    "movie_id": "102055",
    "author": "banj****",
    "review": "\"나쁘지 않다\"는 표현이 적절. 퇴폐적 주제를 별로 퇴폐스럽지 않게 그럭저럭 다룬 영화. 그럭저럭...그래서 7점.",
    "rating": "7",
    "date": "14.10.02"
  },
  {
    "review_id": "9253472",
    "movie_id": "102055",
    "author": "dltm****",
    "review": "재밌게 잘 봤네요, 버질과 봉고가 영원하길~",
    "rating": "8",
    "date": "14.10.02"
  },
  {
    "review_id": "9252858",
    "movie_id": "102055",
    "author": "free****",
    "review": "기대하지않고 마음 편히 보면 공감하면서 볼수있다.",
    "rating": "8",
    "date": "14.10.01"
  },
  {
    "review_id": "9252780",
    "movie_id": "102055",
    "author": "mybo****",
    "review": "순수한사랑은 아름답다",
    "rating": "7",
    "date": "14.10.01"
  },
  {
    "review_id": "9252389",
    "movie_id": "102055",
    "author": "yuuu****",
    "review": "지골로가 주 소재인듯햇으나 사실은 여자들의 고독을 다룬영화. 스토리 외에도 긴장감있는 앵글과 분위기 연출 굿!",
    "rating": "9",
    "date": "14.10.01"
  },
  {
    "review_id": "9252148",
    "movie_id": "102055",
    "author": "jw76****",
    "review": "조금은 부족한 스토리 라인과 간간히 채우는 우디 앨런의 유머",
    "rating": "6",
    "date": "14.10.01"
  },
  {
    "review_id": "9252045",
    "movie_id": "102055",
    "author": "qusq****",
    "review": "내가 느낀바는 말그대로 그저 그런 영화이다. 좋은 음악들이 삽입되어 있었지만 전체적인 스토리에는 크게 몰입하지 못했다",
    "rating": "7",
    "date": "14.10.01"
  },
  {
    "review_id": "9251465",
    "movie_id": "102055",
    "author": "shin****",
    "review": "우디앨런의 능청스런 연기가 돋보이는 영화네요ㅎㅎ",
    "rating": "9",
    "date": "14.10.01"
  },
  {
    "review_id": "9251102",
    "movie_id": "102055",
    "author": "ptty****",
    "review": "재밌게 기분전환되는 영화잔잔한 유머도있고",
    "rating": "10",
    "date": "14.09.30"
  },
  {
    "review_id": "9250948",
    "movie_id": "102055",
    "author": "iss2****",
    "review": "가을 분위기와 잘어울리는 영화인듯",
    "rating": "6",
    "date": "14.09.30"
  },
  {
    "review_id": "9250823",
    "movie_id": "102055",
    "author": "skyy****",
    "review": "딱 우디 앨런 다운 영화였다. 가을 날씨와 잘 어울리는 영화.",
    "rating": "9",
    "date": "14.09.30"
  },
  {
    "review_id": "9250673",
    "movie_id": "102055",
    "author": "part****",
    "review": "간만에 꽊짜여진 알차고도 잔잔한 음악의 영화네요",
    "rating": "10",
    "date": "14.09.30"
  },
  {
    "review_id": "9250564",
    "movie_id": "102055",
    "author": "mjmo****",
    "review": "우디알렌 영화인줄 알았는데....남자 주인공이 약간 어색했어요.음악은 좋았습니다?",
    "rating": "8",
    "date": "14.09.30"
  },
  {
    "review_id": "9250561",
    "movie_id": "102055",
    "author": "myit****",
    "review": "바톤핑크의 존 터투로는 참으로 빛났는데... \"I'm sorry.\"라는 대사 한 마디로 진정성 표현한 배우.  만든 의도는 뭔지 알겠는데, 연출력은 글쎄...",
    "rating": "6",
    "date": "14.09.30"
  },
  {
    "review_id": "9250459",
    "movie_id": "102055",
    "author": "real****",
    "review": "소재는 진부하지만 음악이 커버하는 이상한 영화",
    "rating": "8",
    "date": "14.09.30"
  },
  {
    "review_id": "9250407",
    "movie_id": "102055",
    "author": "lmss****",
    "review": "너무좋앗어요   노래음악이너무 좋네요  ..",
    "rating": "10",
    "date": "14.09.30"
  },
  {
    "review_id": "9249520",
    "movie_id": "102055",
    "author": "rhrh****",
    "review": "잔잔하면서 중간중간 빵 터지는 영화. 비오는 날의 탁월한 선택 :)",
    "rating": "10",
    "date": "14.09.29"
  },
  {
    "review_id": "9249396",
    "movie_id": "102055",
    "author": "dtod****",
    "review": "가볍지만 가볍지않은 거장의 영화",
    "rating": "6",
    "date": "14.09.29"
  },
  {
    "review_id": "9249383",
    "movie_id": "102055",
    "author": "534k****",
    "review": "ost가 계속 귀에 맴돈다",
    "rating": "8",
    "date": "14.09.29"
  },
  {
    "review_id": "9249257",
    "movie_id": "102055",
    "author": "5192****",
    "review": "한마디로 그냥 아무내용도 없고 감동도 없고 동주고 보기 아까운 영화 ㅠㅠㅠ 이걸 영화라고 홍보하는 알바들이 역겨울뿐",
    "rating": "2",
    "date": "14.09.29"
  },
  {
    "review_id": "9249190",
    "movie_id": "102055",
    "author": "pyul****",
    "review": "우디앨런 할아부지 넘 귀여워요 ㅠ ㅋㅋ 거기다가 여주인공의 빈티지한 분위기 + ost 듣는 재미가 쏠쏠!",
    "rating": "7",
    "date": "14.09.29"
  },
  {
    "review_id": "9247868",
    "movie_id": "102055",
    "author": "hair****",
    "review": "무슨 말을 하고 싶은 영화인지 모르겠다. 알듯말듯.. 아직은 내가 덜 외로워서일지도..",
    "rating": "6",
    "date": "14.09.29"
  }
]