[
  {
    "review_id": "8358854",
    "movie_id": "102054",
    "author": "naj3****",
    "review": "<2013.01.16> 이요 님들..",
    "rating": "10",
    "date": "14.01.07"
  },
  {
    "review_id": "8354902",
    "movie_id": "102054",
    "author": "ehsd****",
    "review": "베니베니베니베니 ㅠㅠ 카팔닥도 나와 ㅠ",
    "rating": "10",
    "date": "14.01.06"
  },
  {
    "review_id": "8354326",
    "movie_id": "102054",
    "author": "mygo****",
    "review": "ㅠㅠ빨리 보고싶네요ㅠㅠ 국내에 있는 수많은 베니팬들이 기다리고 있어요!ㅠㅠ",
    "rating": "10",
    "date": "14.01.06"
  },
  {
    "review_id": "8353387",
    "movie_id": "102054",
    "author": "qnrk****",
    "review": "부산국제영화제에서도 이례적인 매진 사례를 기록했는데 경쟁작들에 비해 시장성이 약하다고 개봉 미루는건 아니지 않나 ㅠㅠ",
    "rating": "10",
    "date": "14.01.05"
  },
  {
    "review_id": "8352969",
    "movie_id": "102054",
    "author": "dawo****",
    "review": "저기....볼 사람 엄청 많으니까 개봉좀...",
    "rating": "10",
    "date": "14.01.05"
  },
  {
    "review_id": "8340718",
    "movie_id": "102054",
    "author": "mros****",
    "review": "진짜 보고싶다 ㅠㅠ영화관에서ㅜㅜㅜㅜ굿",
    "rating": "10",
    "date": "14.01.02"
  },
  {
    "review_id": "8334692",
    "movie_id": "102054",
    "author": "dete****",
    "review": "아쉽게도2013년 12월이 지났는데도 아직도 우리나라에서는 개봉을 하지 않았습니다. 많이 기다렸는데 너무나도 안타가워서 이렇게 개봉후 평점에 글을 남기게 되었습니다. 빠른 시일내에 한국에서 제 5계급이 개봉되는 것을 보고 싶습니다. 베네딕트컴버배치!",
    "rating": "10",
    "date": "14.01.01"
  }
]