[
  {
    "review": "새로 시작하는 이들에게 추천",
    "date": "15.08.26",
    "rating": "8",
    "author": "happ****",
    "review_id": "10276121",
    "movie_id": "10204"
  },
  {
    "review": "저도 밑에분과 같네요..! 토요명화에서 정말 멋있었던 목소리(폴 뉴먼)의 더빙으로 라스트 신을 보고싶다!",
    "date": "15.02.27",
    "rating": "10",
    "author": "sacr****",
    "review_id": "9742840",
    "movie_id": "10204"
  },
  {
    "review": "당시 24살의 리즈 시절의 포텐 터지는 매력결정체 톰 크루즈를 발라버리는 61살의 폴 뉴먼의 연륜이 넘쳐나는 마력 카리스마 간지! ㅎㄷㄷ 어떤 말도 필요없음~",
    "date": "14.12.22",
    "rating": "10",
    "author": "nasu****",
    "review_id": "9499968",
    "movie_id": "10204"
  },
  {
    "review": "영화 허슬러를 추억팔이 할려고 했으나 실패한 영화 같다.",
    "date": "14.11.23",
    "rating": "7",
    "author": "katy****",
    "review_id": "9416184",
    "movie_id": "10204"
  },
  {
    "review": "더빙으로 마지막 장면 보고싶다",
    "date": "14.11.14",
    "rating": "8",
    "author": "rnfh****",
    "review_id": "9383291",
    "movie_id": "10204"
  },
  {
    "review": "신예와 노장의 승부와 우정에 대한 80년대식 스포츠 드라마.",
    "date": "14.09.23",
    "rating": "7",
    "author": "sipj****",
    "review_id": "9235977",
    "movie_id": "10204"
  },
  {
    "review": "허슬러를 먼저 봐서 그런지 폴 뉴먼이 톰 크루즈한테 농락당하는 꼴을 못 봐주겠다.. 폴 뉴먼의 실력을 지나치게 너프시켰다",
    "date": "14.06.28",
    "rating": "5",
    "author": "yhwa****",
    "review_id": "8863528",
    "movie_id": "10204"
  },
  {
    "review": "사라지지 않는 노병.. 엉뚱한 방식의 교학상장..",
    "date": "14.06.26",
    "rating": "6",
    "author": "imf0****",
    "review_id": "8859219",
    "movie_id": "10204"
  },
  {
    "review": "남자들의 숨길수 없는 승부욕",
    "date": "14.04.05",
    "rating": "8",
    "author": "kimm****",
    "review_id": "8629099",
    "movie_id": "10204"
  },
  {
    "review": "스토리보단 스타일로 보는 영화. 시대를 뛰어넘는 연출은 역시 거장의 작품 다우며, 풋풋한 탐 크루즈도 볼만하고, 폴 뉴먼은 극강의 중년의 멋을 보여준다.",
    "date": "13.08.12",
    "rating": "9",
    "author": "kimg****",
    "review_id": "7872639",
    "movie_id": "10204"
  },
  {
    "review": "풋풋한 톰",
    "date": "13.05.12",
    "rating": "10",
    "author": "lsh5****",
    "review_id": "7523468",
    "movie_id": "10204"
  },
  {
    "review": "특출하진 못 한 영화.",
    "date": "13.03.18",
    "rating": "7",
    "author": "dlwo****",
    "review_id": "7359335",
    "movie_id": "10204"
  },
  {
    "review": "도박따위가 뭐라고 열정을 불태우냐 걍 바하마나 가라",
    "date": "13.03.17",
    "rating": "4",
    "author": "dica****",
    "review_id": "7355194",
    "movie_id": "10204"
  },
  {
    "review": "젖비린내 나는 톰크루즈 말고 허슬러를 데려오라고",
    "date": "12.09.13",
    "rating": "5",
    "author": "rd72****",
    "review_id": "6694265",
    "movie_id": "10204"
  },
  {
    "review": "'허슬러'는 잊어주세요.",
    "date": "12.06.06",
    "rating": "8",
    "author": "bamg****",
    "review_id": "6367345",
    "movie_id": "10204"
  },
  {
    "review": "주제는 괜찮은데 뭔가 싱겁네.",
    "date": "12.04.20",
    "rating": "7",
    "author": "bbob****",
    "review_id": "6234655",
    "movie_id": "10204"
  },
  {
    "review": "당구와 톰크루즈",
    "date": "12.01.24",
    "rating": "10",
    "author": "wlfh****",
    "review_id": "6014181",
    "movie_id": "10204"
  },
  {
    "review": "당구는 안 좋아하지만 폴 뉴먼과 톰 크루즈만으로도..",
    "date": "11.12.03",
    "rating": "8",
    "author": "figh****",
    "review_id": "5884967",
    "movie_id": "10204"
  },
  {
    "review": "기존의 상식에 자유로운 발상을 가한 영화",
    "date": "11.06.30",
    "rating": "9",
    "author": "evil****",
    "review_id": "5511235",
    "movie_id": "10204"
  },
  {
    "review": "역시 진정한 남자들의 세계에는 돈을 뛰어넘는 열정과 승부가 있다! 신선한 작품!",
    "date": "11.06.23",
    "rating": "9",
    "author": "deka****",
    "review_id": "5494363",
    "movie_id": "10204"
  },
  {
    "review": "흐뭇하게 미소지어지는 깔끔한 결말...역시 마틴 스콜세지",
    "date": "11.04.28",
    "rating": "8",
    "author": "sunn****",
    "review_id": "5395726",
    "movie_id": "10204"
  },
  {
    "review": "대배우 폴뉴먼,당구좋아하는사람은 재미있게보게으나 나로선 별루..",
    "date": "11.01.29",
    "rating": "8",
    "author": "a109****",
    "review_id": "5192863",
    "movie_id": "10204"
  },
  {
    "review": "웃기고 있네",
    "date": "11.01.20",
    "rating": "10",
    "author": "iblu****",
    "review_id": "5172185",
    "movie_id": "10204"
  },
  {
    "review": "지금보면 폴뉴먼과 탐크루즈의 조합이 다시 새롭다.",
    "date": "10.11.29",
    "rating": "10",
    "author": "amg7****",
    "review_id": "5005415",
    "movie_id": "10204"
  },
  {
    "review": "멋잇다 폴뉴먼..",
    "date": "10.08.17",
    "rating": "10",
    "author": "cbh8****",
    "review_id": "4757857",
    "movie_id": "10204"
  },
  {
    "review": "New Man",
    "date": "10.06.25",
    "rating": "7",
    "author": "bbq2****",
    "review_id": "4590547",
    "movie_id": "10204"
  },
  {
    "review": "어릴때보고 다시보는거지만 명작은 명작이로세~",
    "date": "10.05.03",
    "rating": "10",
    "author": "sean****",
    "review_id": "4475633",
    "movie_id": "10204"
  },
  {
    "review": "재미는 있는데, 결말이 조금 찜찜하달까..좀더 깔끔하면 좋았을걸ㅋ",
    "date": "10.02.17",
    "rating": "8",
    "author": "obaf****",
    "review_id": "4294325",
    "movie_id": "10204"
  },
  {
    "review": "폴 할배.ㅠㅠ",
    "date": "09.07.29",
    "rating": "8",
    "author": "diri****",
    "review_id": "3681812",
    "movie_id": "10204"
  },
  {
    "review": "이제부터가 시작이야☞ 멋진 폴 뉴먼 고인의명복을 진심으로 빕니다.",
    "date": "08.09.28",
    "rating": "10",
    "author": "dhkq****",
    "review_id": "2972192",
    "movie_id": "10204"
  },
  {
    "review": "허슬러 보단 흥미가 떨어지지만 나름 복잡하게 묘사함",
    "date": "08.06.01",
    "rating": "8",
    "author": "ador****",
    "review_id": "2674690",
    "movie_id": "10204"
  },
  {
    "review": "멋진 당구인생들...",
    "date": "08.03.28",
    "rating": "10",
    "author": "2001****",
    "review_id": "2545177",
    "movie_id": "10204"
  },
  {
    "review": "쓰리가락 돌리는 스콜세지와 볼하우스, 맛세이찍는 폴과 탐.",
    "date": "08.02.11",
    "rating": "8",
    "author": "slyk****",
    "review_id": "2434866",
    "movie_id": "10204"
  },
  {
    "review": "젊디 젊은 톰의 매력 그리고 노년의 매력을 뽐내는 폴 뉴먼 ..",
    "date": "08.02.05",
    "rating": "7",
    "author": "1stl****",
    "review_id": "2411612",
    "movie_id": "10204"
  },
  {
    "review": "식어가는 인생에 불씨를 지펴줄... 촉매제같은 사람... 만나보고 싶당~",
    "date": "08.01.10",
    "rating": "9",
    "author": "heod****",
    "review_id": "2314725",
    "movie_id": "10204"
  },
  {
    "review": "중딩시절 풀뉴먼을 사랑했다.근데 이게 마틴의 작품인건 대딩때 알았다^^",
    "date": "07.11.27",
    "rating": "10",
    "author": "riqu****",
    "review_id": "2188129",
    "movie_id": "10204"
  },
  {
    "review": "타짜가 울고가는 진정한 승부사들의 세계",
    "date": "07.11.19",
    "rating": "9",
    "author": "baks****",
    "review_id": "2167120",
    "movie_id": "10204"
  },
  {
    "review": "그냥 좀 뭔가 독특하다.",
    "date": "07.10.27",
    "rating": "10",
    "author": "drya****",
    "review_id": "2114584",
    "movie_id": "10204"
  },
  {
    "review": "이제부터가 시작이야",
    "date": "07.08.28",
    "rating": "9",
    "author": "wowo****",
    "review_id": "1985853",
    "movie_id": "10204"
  },
  {
    "review": "TV에서 재미있게 봤던 영화",
    "date": "07.08.19",
    "rating": "8",
    "author": "seun****",
    "review_id": "1960029",
    "movie_id": "10204"
  },
  {
    "review": "역시 나이는 숫자에 불과하다...",
    "date": "07.08.09",
    "rating": "9",
    "author": "typo****",
    "review_id": "1908212",
    "movie_id": "10204"
  },
  {
    "review": "열정의 회복! 이런 라스트씬 정말 좋다^^",
    "date": "07.01.17",
    "rating": "9",
    "author": "dela****",
    "review_id": "1392000",
    "movie_id": "10204"
  },
  {
    "review": "제법 맛깔나게 그려진 영화",
    "date": "06.12.25",
    "rating": "8",
    "author": "nala****",
    "review_id": "1325264",
    "movie_id": "10204"
  },
  {
    "review": "개인적으로 빈센트 같은 녀석들 부류는 맘에 참 안들어 ㅡㅡ;",
    "date": "06.11.24",
    "rating": "7",
    "author": "cat1****",
    "review_id": "1249016",
    "movie_id": "10204"
  },
  {
    "review": "당구는 못치지만..허슬러가 되고프게 많드는영화..",
    "date": "06.10.08",
    "rating": "8",
    "author": "jaux****",
    "review_id": "1171950",
    "movie_id": "10204"
  },
  {
    "review": "돈의 색깔은? Black Or White",
    "date": "06.09.29",
    "rating": "7",
    "author": "tubt****",
    "review_id": "1148447",
    "movie_id": "10204"
  },
  {
    "review": "I'm back!",
    "date": "06.09.08",
    "rating": "7",
    "author": "pawr****",
    "review_id": "1111075",
    "movie_id": "10204"
  },
  {
    "review": "특유의 활동력 넘치는 매력적인 마틴 스콜세지의 영화",
    "date": "06.08.29",
    "rating": "7",
    "author": "jals****",
    "review_id": "1088936",
    "movie_id": "10204"
  },
  {
    "review": "폴뉴먼 대박 멋있어",
    "date": "06.08.09",
    "rating": "10",
    "author": "azaz****",
    "review_id": "989026",
    "movie_id": "10204"
  },
  {
    "review": "멋진 영화 였다.",
    "date": "06.07.28",
    "rating": "10",
    "author": "sang****",
    "review_id": "930163",
    "movie_id": "10204"
  },
  {
    "review": "절묘하게 상황이 역전되는군..폴뉴먼에게 한표~",
    "date": "06.05.08",
    "rating": "7",
    "author": "jrrm****",
    "review_id": "792600",
    "movie_id": "10204"
  },
  {
    "review": "나이는 숫자의 불과 하다..도전하라~그자체가 멋진것이다.",
    "date": "06.05.03",
    "rating": "10",
    "author": "pale****",
    "review_id": "784347",
    "movie_id": "10204"
  },
  {
    "review": "역시 스콜시즈다.",
    "date": "06.05.02",
    "rating": "10",
    "author": "leeh****",
    "review_id": "782873",
    "movie_id": "10204"
  },
  {
    "review": "스코세지 영화는 다 지루하다",
    "date": "05.12.24",
    "rating": "6",
    "author": "kws7****",
    "review_id": "524367",
    "movie_id": "10204"
  },
  {
    "review": "어렸을 때 결말을 보고 그랬다 \"뭐야~!\"",
    "date": "05.11.20",
    "rating": "7",
    "author": "palm****",
    "review_id": "480135",
    "movie_id": "10204"
  },
  {
    "review": "탐 크루즈보다 더웃 멋있는 폴 뉴먼.",
    "date": "05.09.16",
    "rating": "7",
    "author": "movi****",
    "review_id": "407513",
    "movie_id": "10204"
  },
  {
    "review": "이 영화도 이제 20년가까이 되어가는군...",
    "date": "05.08.23",
    "rating": "10",
    "author": "aks9****",
    "review_id": "380496",
    "movie_id": "10204"
  },
  {
    "review": "기대가 너무 크면 실망도 크다",
    "date": "05.07.28",
    "rating": "6",
    "author": "nams****",
    "review_id": "337841",
    "movie_id": "10204"
  },
  {
    "review": "폴뉴먼과 탐크루즈의 카리스마 대결~~ 최고다 굿",
    "date": "05.07.09",
    "rating": "9",
    "author": "dean****",
    "review_id": "316291",
    "movie_id": "10204"
  },
  {
    "review": "인생의 황혼기도 훌쩍 지나버린 자존심 강한 멋진 남자 폴뉴먼.",
    "date": "05.03.22",
    "rating": "8",
    "author": "tjsd****",
    "review_id": "245549",
    "movie_id": "10204"
  },
  {
    "review": "뻭사리는 있어도 실패는 없다! 한큐에 한다마씩만 뽑자!",
    "date": "05.01.16",
    "rating": "9",
    "author": "bums****",
    "review_id": "187064",
    "movie_id": "10204"
  },
  {
    "review": "톰 크루즈의 신선한 모습",
    "date": "04.09.22",
    "rating": "8",
    "author": "buzz****",
    "review_id": "112533",
    "movie_id": "10204"
  },
  {
    "review": "꽤 잘 만들었네요,, 미국의 내기 당구 문화를,,",
    "date": "04.05.30",
    "rating": "10",
    "author": "coal****",
    "review_id": "47511",
    "movie_id": "10204"
  },
  {
    "review": "과거의 아이콘 폴 뉴먼과 현재의 아이콘 탐 크루즈의 만남..",
    "date": "04.02.18",
    "rating": "8",
    "author": "thin****",
    "review_id": "21498",
    "movie_id": "10204"
  },
  {
    "review": "폴뉴먼의 관록과 톰 크루즈의 패기로 영화는 완성된다.",
    "date": "04.01.23",
    "rating": "10",
    "author": "spik****",
    "review_id": "12432",
    "movie_id": "10204"
  }
]