[
  {
    "review": "한국 억지감동 빠따 영화보다가 이 영화를 보면 정말 온몸에 소름이 돋는다!!",
    "date": "15.08.08",
    "rating": "10",
    "author": "ske4****",
    "review_id": "10200803",
    "movie_id": "10219"
  },
  {
    "review": "말이필요없는 최고의영화",
    "date": "15.05.03",
    "rating": "10",
    "author": "motl****",
    "review_id": "9890348",
    "movie_id": "10219"
  },
  {
    "review": "재밌지만, 뭔가 갈등 없이 술술풀리는 느낌",
    "date": "14.11.21",
    "rating": "9",
    "author": "pass****",
    "review_id": "9405998",
    "movie_id": "10219"
  },
  {
    "review": "기립박수 그런류의 명작이 아니라, 야구와 인생, 사랑들을 잘 접목한 유쾌한 코미디 영화의 명작.",
    "date": "14.10.26",
    "rating": "10",
    "author": "inow****",
    "review_id": "9318338",
    "movie_id": "10219"
  },
  {
    "review": "중학생때 본 추억으로 다시 한 번 보아도 재미는 변치 않았다.",
    "date": "14.10.13",
    "rating": "9",
    "author": "stun****",
    "review_id": "9290020",
    "movie_id": "10219"
  },
  {
    "review": "마지막 번트처럼 말도 안되지만서도 사랑스런 마운드",
    "date": "14.10.10",
    "rating": "8",
    "author": "izzo****",
    "review_id": "9280171",
    "movie_id": "10219"
  },
  {
    "review": "가볍게 볼만한 유쾌한 야구영화! 젊었을 적 찰리쉰과 웨슬리스나입스! 본의 등장곡은 지금들어도 유쾌하다 ㅡ",
    "date": "14.06.15",
    "rating": "8",
    "author": "stem****",
    "review_id": "8833502",
    "movie_id": "10219"
  },
  {
    "review": "야구영화 는 물론  스포츠영화는 다 내용이 같다!",
    "date": "14.05.25",
    "rating": "8",
    "author": "katy****",
    "review_id": "8764794",
    "movie_id": "10219"
  },
  {
    "review": "90년대 유행하던 코믹물. 25년이 지난 지금도 통하는 웃음~",
    "date": "14.05.12",
    "rating": "10",
    "author": "hath****",
    "review_id": "8726659",
    "movie_id": "10219"
  },
  {
    "review": "이런영화를보고 별점을 안달면안될거 같아 글씁니다정말 잘 재미있습니다~오래된영화라 생각하고 안볼려다 봤는데 명작은 명작이네요",
    "date": "13.11.21",
    "rating": "10",
    "author": "hjh9****",
    "review_id": "8156251",
    "movie_id": "10219"
  },
  {
    "review": "진한 감동",
    "date": "13.08.26",
    "rating": "10",
    "author": "land****",
    "review_id": "7924806",
    "movie_id": "10219"
  },
  {
    "review": "추억의 명작 야구 영화..... 내용도 유쾌하고 재미있음.",
    "date": "13.07.16",
    "rating": "8",
    "author": "adiv****",
    "review_id": "7747924",
    "movie_id": "10219"
  },
  {
    "review": "나에겐 지금까지도 최고의 야구 영화다. 특히 마지막 감독의 작전은 진짜 소름 돋았음.",
    "date": "13.05.18",
    "rating": "10",
    "author": "ldj0****",
    "review_id": "7535605",
    "movie_id": "10219"
  },
  {
    "review": "빵빵 터진다 ㅋㅋㅋㅋㅋㅋㅋㅋㅋ 시크한 감독님이 귀여웠당",
    "date": "12.10.27",
    "rating": "10",
    "author": "lail****",
    "review_id": "6830650",
    "movie_id": "10219"
  },
  {
    "review": "ㅋㅋ 뻔하지만 잼네요ㅋㅋㅋ 각각의 캐릭터들이 웃김",
    "date": "12.05.17",
    "rating": "10",
    "author": "wnst****",
    "review_id": "6306680",
    "movie_id": "10219"
  },
  {
    "review": "야구를 좋아해서 그나마 3점 아 재미없네...",
    "date": "12.05.10",
    "rating": "3",
    "author": "dbzh****",
    "review_id": "6285747",
    "movie_id": "10219"
  },
  {
    "review": "야구영화하면 메이저리그가 떠오를 수 밖에 없는 당연지사.",
    "date": "12.02.01",
    "rating": "8",
    "author": "crui****",
    "review_id": "6041128",
    "movie_id": "10219"
  },
  {
    "review": "뻔하긴한데  잼씀 ㅎㅎ",
    "date": "11.10.04",
    "rating": "9",
    "author": "qrss****",
    "review_id": "5771561",
    "movie_id": "10219"
  },
  {
    "review": "마지막 웨슬리스나입스의 질주에 소름이 돋았다.",
    "date": "11.10.01",
    "rating": "10",
    "author": "pcsm****",
    "review_id": "5764425",
    "movie_id": "10219"
  },
  {
    "review": "만약 진부하지 않았더라면 평작에 불과했을뻔...뻔했기에 명작이다..",
    "date": "11.07.05",
    "rating": "10",
    "author": "kjh7****",
    "review_id": "5522938",
    "movie_id": "10219"
  },
  {
    "review": "허술한 이야기와 상투적인 안전함은 단지 시대와 장르의 한계 일뿐",
    "date": "11.06.30",
    "rating": "6",
    "author": "jusp****",
    "review_id": "5510633",
    "movie_id": "10219"
  },
  {
    "review": "진부해서 명작이다",
    "date": "11.06.30",
    "rating": "10",
    "author": "moop****",
    "review_id": "5509256",
    "movie_id": "10219"
  },
  {
    "review": "코믹과 감동을 겸비한 최고의 야구 영화",
    "date": "11.06.18",
    "rating": "10",
    "author": "alon****",
    "review_id": "5487172",
    "movie_id": "10219"
  },
  {
    "review": "야구영화중 최고",
    "date": "11.06.18",
    "rating": "8",
    "author": "mais****",
    "review_id": "5486873",
    "movie_id": "10219"
  },
  {
    "review": "어릴 적 최고의 야구 영화였다.",
    "date": "11.06.08",
    "rating": "10",
    "author": "pree****",
    "review_id": "5471305",
    "movie_id": "10219"
  },
  {
    "review": "말도 안되지만 가볍고 유쾌한 야구영화",
    "date": "11.05.22",
    "rating": "7",
    "author": "hyea****",
    "review_id": "5444703",
    "movie_id": "10219"
  },
  {
    "review": "한 편의 영화가 아닌 한 게임을 보았다.",
    "date": "11.04.26",
    "rating": "9",
    "author": "wlfa****",
    "review_id": "5393173",
    "movie_id": "10219"
  },
  {
    "review": "쾌활하고 가벼운 야구영화",
    "date": "11.03.20",
    "rating": "4",
    "author": "ccpk****",
    "review_id": "5324227",
    "movie_id": "10219"
  },
  {
    "review": "뻔하고 말도 안됨",
    "date": "11.03.20",
    "rating": "4",
    "author": "rame****",
    "review_id": "5324225",
    "movie_id": "10219"
  },
  {
    "review": "진지하지 않고, 진부하다",
    "date": "11.03.20",
    "rating": "6",
    "author": "kpcc****",
    "review_id": "5324223",
    "movie_id": "10219"
  },
  {
    "review": "아.. 할말이없다 이건",
    "date": "11.02.28",
    "rating": "10",
    "author": "jnjm****",
    "review_id": "5284563",
    "movie_id": "10219"
  },
  {
    "review": "재밌어요 ㅎㅎ",
    "date": "11.02.17",
    "rating": "10",
    "author": "hbk8****",
    "review_id": "5251554",
    "movie_id": "10219"
  },
  {
    "review": "9회말 2사 2루에서 그런 생각을 하다니 ㅋㅋㅋㅋㅋ",
    "date": "11.02.14",
    "rating": "8",
    "author": "figh****",
    "review_id": "5244517",
    "movie_id": "10219"
  },
  {
    "review": "그들의 성공은 값지고 가치가 있었다..전형적인 아메리칸 드림을 그린 스포츠영화!",
    "date": "11.01.04",
    "rating": "7",
    "author": "thra****",
    "review_id": "5126486",
    "movie_id": "10219"
  },
  {
    "review": "ㅋㅋㅋ너무재미있다.",
    "date": "10.12.28",
    "rating": "10",
    "author": "2723****",
    "review_id": "5096716",
    "movie_id": "10219"
  },
  {
    "review": "마지막 번트가 감동",
    "date": "10.12.21",
    "rating": "9",
    "author": "yjh1****",
    "review_id": "5071765",
    "movie_id": "10219"
  },
  {
    "review": "I THINK I LOVE U WHILD THING!!!!",
    "date": "10.12.09",
    "rating": "10",
    "author": "prac****",
    "review_id": "5040283",
    "movie_id": "10219"
  },
  {
    "review": "본 하이킥 광속구는 볼때마다 라이언이 생각남.ㄲㄲ 최고지",
    "date": "10.12.09",
    "rating": "10",
    "author": "chom****",
    "review_id": "5039504",
    "movie_id": "10219"
  },
  {
    "review": "10년만에 봐도 재밌네요 야구영화 중 명작!",
    "date": "10.11.21",
    "rating": "10",
    "author": "zzmi****",
    "review_id": "4978444",
    "movie_id": "10219"
  },
  {
    "review": "릭 본이 3진 아웃 시켰을때 월드컵 뺨치게 소리질렀다...ㅋㅎ",
    "date": "10.11.02",
    "rating": "10",
    "author": "tjsw****",
    "review_id": "4935605",
    "movie_id": "10219"
  },
  {
    "review": "오늘 TV로 봤는데 재미있었어요..",
    "date": "10.11.02",
    "rating": "9",
    "author": "imak****",
    "review_id": "4935581",
    "movie_id": "10219"
  },
  {
    "review": "89년에 보고 20년 넘어서 다시 봤는데도 재밌는 영화",
    "date": "10.11.02",
    "rating": "10",
    "author": "doer****",
    "review_id": "4935540",
    "movie_id": "10219"
  },
  {
    "review": "찰리쉰의 등장씬에 10점만점",
    "date": "10.08.10",
    "rating": "10",
    "author": "eum8****",
    "review_id": "4730501",
    "movie_id": "10219"
  },
  {
    "review": "중학교 때 봤던 영화인데, 신나고 코믹스러웠던 기억이 아직도 나네요",
    "date": "10.08.03",
    "rating": "10",
    "author": "chgs****",
    "review_id": "4701791",
    "movie_id": "10219"
  },
  {
    "review": "재미있었던 영화. 야구영화 걸작 중 하나",
    "date": "10.04.21",
    "rating": "10",
    "author": "0104****",
    "review_id": "4446030",
    "movie_id": "10219"
  },
  {
    "review": "벌써 20년이 지났지만 아직까지 재미있다 ㅋㅋ 감동을 생생히 느낄 수 있다 ㅋ",
    "date": "09.11.18",
    "rating": "10",
    "author": "lsn3****",
    "review_id": "3974404",
    "movie_id": "10219"
  },
  {
    "review": "대표적인 야구 영화. 웃음과 감동.. 경기장면도 박진감이 넘친다",
    "date": "09.09.04",
    "rating": "9",
    "author": "gall****",
    "review_id": "3811510",
    "movie_id": "10219"
  },
  {
    "review": "추신수 소식 듣고 생각나서 봤는데;; 영화가 산만하고, 따로 노는 느낌임.",
    "date": "09.07.29",
    "rating": "4",
    "author": "imf0****",
    "review_id": "3681347",
    "movie_id": "10219"
  },
  {
    "review": "좋은 영화 좋은 영화 좋은 영화",
    "date": "09.05.13",
    "rating": "10",
    "author": "nebg****",
    "review_id": "3493444",
    "movie_id": "10219"
  },
  {
    "review": "20년전 영화지만. 우리는 wild thing~",
    "date": "09.03.13",
    "rating": "9",
    "author": "kky7****",
    "review_id": "3362135",
    "movie_id": "10219"
  },
  {
    "review": "그림이 좋은 영화",
    "date": "09.01.21",
    "rating": "10",
    "author": "yoos****",
    "review_id": "3236636",
    "movie_id": "10219"
  },
  {
    "review": "야구는 장난스러운 포카놀음~ Wild Thing~ㅋㅋ",
    "date": "08.12.22",
    "rating": "9",
    "author": "luna****",
    "review_id": "3139426",
    "movie_id": "10219"
  },
  {
    "review": "코믹 역시 미국은 코믹 ... ㅋ 근데 딱 하나 안좋은점은.......첨끝",
    "date": "08.11.23",
    "rating": "10",
    "author": "ghsw****",
    "review_id": "3068208",
    "movie_id": "10219"
  },
  {
    "review": "야구를 소재로한 가장 재미있는 야구 영화!! ^^",
    "date": "08.11.11",
    "rating": "10",
    "author": "stor****",
    "review_id": "3044796",
    "movie_id": "10219"
  },
  {
    "review": "8.8점-오늘날의템파베이:영화전체액자구성이좋았고후반부분의30분간의경기가놀라웠다",
    "date": "08.10.28",
    "rating": "8",
    "author": "wlsq****",
    "review_id": "3023390",
    "movie_id": "10219"
  },
  {
    "review": "경쾌하고 유쾌하다 재미있는 야구게임을 보는 느낌",
    "date": "08.06.25",
    "rating": "7",
    "author": "si2p****",
    "review_id": "2720309",
    "movie_id": "10219"
  },
  {
    "review": "코믹요소가 있는 영화지만 중간중간 발라드곡이 너무 좋더군요.",
    "date": "08.04.30",
    "rating": "10",
    "author": "like****",
    "review_id": "2607567",
    "movie_id": "10219"
  },
  {
    "review": "야구를 소재로, 코믹 요소에 적당한 감동까지 가미한 좋은 영화.",
    "date": "08.04.04",
    "rating": "9",
    "author": "leef****",
    "review_id": "2557398",
    "movie_id": "10219"
  },
  {
    "review": "한번쯤 꿈꾸었던 일들이 영화처럼 이루어진다면 그들의 열정헤 경의를 표하리...",
    "date": "08.03.19",
    "rating": "9",
    "author": "meth****",
    "review_id": "2528853",
    "movie_id": "10219"
  },
  {
    "review": "야구를 소재로 한 영화중 영원히 가장 웃기는 영화",
    "date": "07.12.18",
    "rating": "10",
    "author": "baks****",
    "review_id": "2241564",
    "movie_id": "10219"
  },
  {
    "review": "아주 어렸을때 극장가서 본 영화. 그때의 감동은 정말 잊을수가 없다.",
    "date": "07.12.01",
    "rating": "10",
    "author": "nsx0****",
    "review_id": "2198296",
    "movie_id": "10219"
  },
  {
    "review": "뻔하지만 정말좋다..인간냄새나고 풋풋하고..",
    "date": "07.11.13",
    "rating": "10",
    "author": "newj****",
    "review_id": "2149476",
    "movie_id": "10219"
  },
  {
    "review": "전형적 구조지만 재기넘치는 코메디와 야구 특유의 박진감을 잘 조화시켰다.",
    "date": "07.10.06",
    "rating": "9",
    "author": "rush****",
    "review_id": "2074129",
    "movie_id": "10219"
  },
  {
    "review": "정말 상투적이지만 좋은영화 야구소재라서 더 정이간다",
    "date": "07.09.25",
    "rating": "8",
    "author": "voov****",
    "review_id": "2048564",
    "movie_id": "10219"
  },
  {
    "review": "반항아 길들이기...",
    "date": "07.08.10",
    "rating": "7",
    "author": "typo****",
    "review_id": "1913444",
    "movie_id": "10219"
  },
  {
    "review": "뻔히고 말도 안되지만 야구라는 이유로 재밌는 영화!",
    "date": "07.05.25",
    "rating": "7",
    "author": "agu1****",
    "review_id": "1658363",
    "movie_id": "10219"
  },
  {
    "review": "명작중에 명작이죠 ㅋㅋ",
    "date": "07.04.17",
    "rating": "10",
    "author": "phk3****",
    "review_id": "1593347",
    "movie_id": "10219"
  },
  {
    "review": "재밌지.. ㅎ",
    "date": "07.03.19",
    "rating": "10",
    "author": "tn99****",
    "review_id": "1542379",
    "movie_id": "10219"
  },
  {
    "review": "뻔한 내용의 코미디이지만 찰리쉰이 나온다",
    "date": "07.02.11",
    "rating": "8",
    "author": "nala****",
    "review_id": "1462969",
    "movie_id": "10219"
  },
  {
    "review": "메이저리그를 너무 우습게 보는 영화",
    "date": "07.01.05",
    "rating": "7",
    "author": "lips****",
    "review_id": "1358321",
    "movie_id": "10219"
  },
  {
    "review": "프로야구에 환장할때 메이져리그에 첨으로 관심을 가졌던...",
    "date": "07.01.01",
    "rating": "9",
    "author": "blue****",
    "review_id": "1347482",
    "movie_id": "10219"
  },
  {
    "review": "음악이 맘에든다.........와일드씽...........",
    "date": "06.12.08",
    "rating": "10",
    "author": "hufs****",
    "review_id": "1274271",
    "movie_id": "10219"
  },
  {
    "review": "야구에 대한 상식이 없어도 재미있게 볼수있는영화",
    "date": "06.10.08",
    "rating": "10",
    "author": "hotv****",
    "review_id": "1171310",
    "movie_id": "10219"
  },
  {
    "review": "초딩 때 머가 재밌던지 계속 돌리면서 봤던 영화..",
    "date": "06.09.18",
    "rating": "10",
    "author": "grac****",
    "review_id": "1130515",
    "movie_id": "10219"
  },
  {
    "review": "미소지으며 즐겁게 보고 뒤끝없이 잊어도 되는 그런 영화",
    "date": "06.09.03",
    "rating": "8",
    "author": "goma****",
    "review_id": "1098657",
    "movie_id": "10219"
  },
  {
    "review": "그냥 볼만.. 너무기대하고보지만않으면 그냥 무난한듯..",
    "date": "06.08.16",
    "rating": "8",
    "author": "idze****",
    "review_id": "1039606",
    "movie_id": "10219"
  },
  {
    "review": "뻔한스토리 작위적인감동",
    "date": "06.06.16",
    "rating": "5",
    "author": "ggum****",
    "review_id": "846016",
    "movie_id": "10219"
  },
  {
    "review": "즐겁게 볼 수 있는 코미디 영화..",
    "date": "06.06.01",
    "rating": "9",
    "author": "pseu****",
    "review_id": "825864",
    "movie_id": "10219"
  },
  {
    "review": "이상하게 난 2편이 더 재밌단 말이지...",
    "date": "05.11.20",
    "rating": "8",
    "author": "palm****",
    "review_id": "479446",
    "movie_id": "10219"
  },
  {
    "review": "헐리우드판",
    "date": "05.09.26",
    "rating": "7",
    "author": "movi****",
    "review_id": "423279",
    "movie_id": "10219"
  },
  {
    "review": "굿",
    "date": "05.09.19",
    "rating": "10",
    "author": "pww0****",
    "review_id": "412430",
    "movie_id": "10219"
  },
  {
    "review": "감동이 살아있는 필드 꿈의 구장 다음으로 최고",
    "date": "05.09.11",
    "rating": "6",
    "author": "okjo****",
    "review_id": "401601",
    "movie_id": "10219"
  },
  {
    "review": "이 영화가 아니었음 야구를 좋아했을까..",
    "date": "05.08.04",
    "rating": "10",
    "author": "radi****",
    "review_id": "351971",
    "movie_id": "10219"
  },
  {
    "review": "다시봐도 정말 재밌다~",
    "date": "05.07.24",
    "rating": "10",
    "author": "alie****",
    "review_id": "331930",
    "movie_id": "10219"
  },
  {
    "review": "감동이 있는 영화",
    "date": "05.07.02",
    "rating": "10",
    "author": "mins****",
    "review_id": "310921",
    "movie_id": "10219"
  },
  {
    "review": "유쾌하고 배꼽잡는 야구영화^^",
    "date": "05.02.08",
    "rating": "9",
    "author": "yoju****",
    "review_id": "212628",
    "movie_id": "10219"
  },
  {
    "review": "괜찮은 영화",
    "date": "05.01.14",
    "rating": "9",
    "author": "dcju****",
    "review_id": "185692",
    "movie_id": "10219"
  },
  {
    "review": "이제까지 본 스포츠 영화중에 최고라고 말할 수 있다.",
    "date": "04.12.13",
    "rating": "9",
    "author": "sakt****",
    "review_id": "161528",
    "movie_id": "10219"
  },
  {
    "review": "와일드씽~ 정말 다시 보고싶다. 고고 클리블랜드~",
    "date": "04.11.17",
    "rating": "8",
    "author": "digi****",
    "review_id": "147285",
    "movie_id": "10219"
  },
  {
    "review": "노력은 쓰고 승리는 달다",
    "date": "04.10.28",
    "rating": "10",
    "author": "jdlg****",
    "review_id": "134489",
    "movie_id": "10219"
  },
  {
    "review": "유쾌한 명작. 야구 좋아하는 사람은 꼭!!",
    "date": "04.09.26",
    "rating": "10",
    "author": "bush****",
    "review_id": "114795",
    "movie_id": "10219"
  },
  {
    "review": "꽤 괜찮은 코믹영화~ 생각없이 보긴 괜찮죠",
    "date": "04.09.22",
    "rating": "8",
    "author": "buzz****",
    "review_id": "112518",
    "movie_id": "10219"
  }
]