[
  {
    "review_id": "10073790",
    "movie_id": "102144",
    "author": "jojo****",
    "review": "개인적인 생각이지만 닥터후스러운 어드벤쳐,미스터리 장르를 완벽하게 재밌게 만든 최고의 시리즈",
    "rating": "10",
    "date": "15.07.05"
  },
  {
    "review_id": "10063715",
    "movie_id": "102144",
    "author": "1222****",
    "review": "솔직히 스토리는 모팻보단 러셀이 좋지만 모든것은 맷이 캐어해준다 ㅎㅎ",
    "rating": "10",
    "date": "15.07.03"
  },
  {
    "review_id": "9863509",
    "movie_id": "102144",
    "author": "yeah****",
    "review": "맷 스미스도 좋아~~~ 제로니모!!!",
    "rating": "10",
    "date": "15.04.24"
  },
  {
    "review_id": "9800321",
    "movie_id": "102144",
    "author": "ske4****",
    "review": "닥터후 시리즈는 뭐다? 관심이다!!",
    "rating": "10",
    "date": "15.03.22"
  },
  {
    "review_id": "9698988",
    "movie_id": "102144",
    "author": "ahns****",
    "review": "Geronimo! Doctor Who is the best!!!!",
    "rating": "10",
    "date": "15.02.15"
  },
  {
    "review_id": "9649526",
    "movie_id": "102144",
    "author": "atom****",
    "review": "와...정말 배우도 연기 잘하고 내용도 몰입감있고... 나한텐 영드중에 최고의 영드다...",
    "rating": "10",
    "date": "15.01.29"
  },
  {
    "review_id": "9216916",
    "movie_id": "102144",
    "author": "shyo****",
    "review": "Geronimo!!",
    "rating": "10",
    "date": "14.09.15"
  },
  {
    "review_id": "8756889",
    "movie_id": "102144",
    "author": "inu1****",
    "review": "닥터다~! 닥터~!!",
    "rating": "10",
    "date": "14.05.23"
  },
  {
    "review_id": "8746825",
    "movie_id": "102144",
    "author": "hill****",
    "review": "턱쟁이형님의 매력! 턱쟁이형님의 매력! 턱쟁이형님의 매력!",
    "rating": "10",
    "date": "14.05.19"
  },
  {
    "review_id": "8746201",
    "movie_id": "102144",
    "author": "newr****",
    "review": "오오 드라마도 평점을 줄 수 있구나.  개인적으론 러셀후가 판타지 잔혹동화라면 모팻후는 호러스릴러의 냄새가 나서 후자가 더 취향이더라.",
    "rating": "10",
    "date": "14.05.19"
  },
  {
    "review_id": "8691985",
    "movie_id": "102144",
    "author": "kyt5****",
    "review": "최고의 장르물 드라마.",
    "rating": "10",
    "date": "14.05.02"
  },
  {
    "review_id": "8481011",
    "movie_id": "102144",
    "author": "prin****",
    "review": "Bowties are cool",
    "rating": "10",
    "date": "14.02.06"
  },
  {
    "review_id": "8345064",
    "movie_id": "102144",
    "author": "moun****",
    "review": "닥터가 데이빗 테넌트에서 맷 스미스로 바뀌고 작가도 러셀 t 데이비스에서 스티븐 모팻으로 바뀌었지만, 여전히 훌륭한 퀄리티와 재미. 그리고 발전한 CG기술력이 이목을 끈다. 여태까지 그래왔고 앞으로도 다신 없을 우주에서 제일 재밌고 완벽한 시리즈.",
    "rating": "10",
    "date": "14.01.03"
  },
  {
    "review_id": "8327166",
    "movie_id": "102144",
    "author": "arin****",
    "review": "닥터는 사랑입니다..",
    "rating": "10",
    "date": "13.12.31"
  },
  {
    "review_id": "8171391",
    "movie_id": "102144",
    "author": "gree****",
    "review": "맷스미스 먹방나와요 ㅋㅋ",
    "rating": "10",
    "date": "13.11.27"
  },
  {
    "review_id": "7826175",
    "movie_id": "102144",
    "author": "bg13****",
    "review": "닥터짱짱맨",
    "rating": "10",
    "date": "13.08.03"
  },
  {
    "review_id": "7691277",
    "movie_id": "102144",
    "author": "psyo****",
    "review": "역시 언제나 봐도 재밌는 드라미예요 ㅎ",
    "rating": "10",
    "date": "13.06.30"
  },
  {
    "review_id": "7560242",
    "movie_id": "102144",
    "author": "godk****",
    "review": "왜 아무도 평가를 안하죠, 후비안 여러분??",
    "rating": "10",
    "date": "13.05.28"
  },
  {
    "review_id": "7024562",
    "movie_id": "102144",
    "author": "nan7****",
    "review": "넘재밌어요 계속보고싶어지는 드라마에요",
    "rating": "10",
    "date": "12.12.20"
  }
]