[
  {
    "review_id": "10217665",
    "movie_id": "102216",
    "author": "108p****",
    "review": "우린 왜 이런 영화를 안만들까?? 흥행만 따지는 한국영화가 놓치고 있는걸 보여주는 좋은 슬로우무비~",
    "rating": "10",
    "date": "15.08.11"
  },
  {
    "review_id": "10077394",
    "movie_id": "102216",
    "author": "mi29****",
    "review": "영화가 느린편이라 제 취향과는 멀었지만 굵은 알맹이가 있는 영화로써 감동적이었습니다.",
    "rating": "8",
    "date": "15.07.07"
  },
  {
    "review_id": "10050062",
    "movie_id": "102216",
    "author": "kboy****",
    "review": "세세한 것을 소중히 여기고 쉽게 타협하지 않고 완벽을 추구하는 일본인의 정신과 혼-타쿠미 정신을 부담스럽지 않게 따뜻하고 유머러스하게 그린 웰메이드 영화...이것이 일본 영화, 일본 사회의 저력이다...",
    "rating": "10",
    "date": "15.06.29"
  },
  {
    "review_id": "10019211",
    "movie_id": "102216",
    "author": "l89l****",
    "review": "잔잔한 감독 아오이유우와의 관계에 관한게 너무 부족한게 아쉬웠어요.",
    "rating": "9",
    "date": "15.06.21"
  },
  {
    "review_id": "10016658",
    "movie_id": "102216",
    "author": "sona****",
    "review": "사전을 만드는 작업뿐 아니라, 우리가 잃어버린 것은 15년이라을 셀수도 없게 됨에 있지 않을까?",
    "rating": "9",
    "date": "15.06.20"
  },
  {
    "review_id": "10002514",
    "movie_id": "102216",
    "author": "kaor****",
    "review": "보는이도 사전을 만드는 길고 긴 여정을 함께 하고있는것과 같은 차분한 마음으로 편안히 볼 수 있는 영화",
    "rating": "10",
    "date": "15.06.15"
  },
  {
    "review_id": "9999901",
    "movie_id": "102216",
    "author": "cine****",
    "review": "소소함으로 빚은 깊은 녹차의 맛 같은 진한 사전의 맛.",
    "rating": "9",
    "date": "15.06.14"
  },
  {
    "review_id": "9995875",
    "movie_id": "102216",
    "author": "ske4****",
    "review": "내가 일본 영화를 사랑하는 이유는 일본 영화는 눈으로 보는게 아니라 마음으로 볼수있기 때문이다! 싸구려 한국영화에 지친 그대들에게 이 영화를 추천한다!",
    "rating": "10",
    "date": "15.06.13"
  },
  {
    "review_id": "9993341",
    "movie_id": "102216",
    "author": "sunk****",
    "review": "감동  예전 굿&바이이후 첨 느끼는 감동",
    "rating": "10",
    "date": "15.06.12"
  },
  {
    "review_id": "9993335",
    "movie_id": "102216",
    "author": "tomb****",
    "review": "우리나라 환경에선 절대 무리 만들수도 만들사람도 없는  소재의 영화다  사전에 대해서 처음으로 알게 되었다",
    "rating": "9",
    "date": "15.06.12"
  },
  {
    "review_id": "9987323",
    "movie_id": "102216",
    "author": "mira****",
    "review": "진정한 장인이 뭔지를 보여주는 영화 아오이는 왜케 이쁜거냐",
    "rating": "10",
    "date": "15.06.10"
  },
  {
    "review_id": "9939750",
    "movie_id": "102216",
    "author": "rmae****",
    "review": "미야자키 아오이 예쁘다",
    "rating": "10",
    "date": "15.05.23"
  },
  {
    "review_id": "9895832",
    "movie_id": "102216",
    "author": "ikit****",
    "review": "사소하지만 흐뭇한 영화였습니다",
    "rating": "8",
    "date": "15.05.05"
  },
  {
    "review_id": "9873591",
    "movie_id": "102216",
    "author": "kusa****",
    "review": "위대한 장인 정신을 느낄 수 있다. 하지만 과거의 사전 편찬 방법은 안타깝게도 더이상 유효하지 않다.",
    "rating": "9",
    "date": "15.04.27"
  },
  {
    "review_id": "9852473",
    "movie_id": "102216",
    "author": "tna8****",
    "review": "사소함을 사소하지않게 느낄 수 있는 영화",
    "rating": "8",
    "date": "15.04.19"
  },
  {
    "review_id": "9840845",
    "movie_id": "102216",
    "author": "haeh****",
    "review": "나는 이런 영화가 정말 좋다",
    "rating": "10",
    "date": "15.04.11"
  },
  {
    "review_id": "9833597",
    "movie_id": "102216",
    "author": "herb****",
    "review": "지루할거같아서 그냥 틀어놓았는데...마츠다류헤이 팬됬음.연기최고..잔잔하고..벌써 여러번 보았음..사전만드는게 정성..잔잔하니 연기도다들좋다..일본영화지만,사전.자체를 생각해보면 어마한 노력과정성으로 이루어진걸 알게해줌",
    "rating": "10",
    "date": "15.04.07"
  },
  {
    "review_id": "9830155",
    "movie_id": "102216",
    "author": "iamp****",
    "review": "아무런 기대없이 보기시작. 보는 내내 제 자신이 정화되고, 평화로워지는 느낌이었어요. 느린 호흡.. 천천히 생각할 시간을 갖을 수 있다는 평화. 삶.",
    "rating": "10",
    "date": "15.04.05"
  },
  {
    "review_id": "9815988",
    "movie_id": "102216",
    "author": "spar****",
    "review": "그야말로.. 훌륭한 사전..",
    "rating": "10",
    "date": "15.03.30"
  },
  {
    "review_id": "9801056",
    "movie_id": "102216",
    "author": "pupp****",
    "review": "일본 영화의 색채가 '사전' 을 만드는 과정에 잘 나타나 있다. 그 진부함과 신중함,  잔잔함이 나는 미치도록 좋다!!",
    "rating": "8",
    "date": "15.03.23"
  },
  {
    "review_id": "9799505",
    "movie_id": "102216",
    "author": "jhbu****",
    "review": "단어를 모으다 사람에 빠지다",
    "rating": "8",
    "date": "15.03.22"
  },
  {
    "review_id": "9787694",
    "movie_id": "102216",
    "author": "tana****",
    "review": "힘든시기에 힘이되는 영화",
    "rating": "10",
    "date": "15.03.16"
  },
  {
    "review_id": "9780031",
    "movie_id": "102216",
    "author": "ngho****",
    "review": "한국영화에서는 절대 볼 수 없는 소재와 맛.",
    "rating": "9",
    "date": "15.03.14"
  },
  {
    "review_id": "9765665",
    "movie_id": "102216",
    "author": "ha_e****",
    "review": "신선한 소재이기는 하나, 스토리 전개나 연출에서 많은 부분이 아쉽다.",
    "rating": "7",
    "date": "15.03.08"
  },
  {
    "review_id": "9743944",
    "movie_id": "102216",
    "author": "sisk****",
    "review": "가벼운 일본 로맨스 영화일줄 알았더니 상당히 무겁구만..",
    "rating": "6",
    "date": "15.02.27"
  },
  {
    "review_id": "9726663",
    "movie_id": "102216",
    "author": "im4u****",
    "review": "평범한  소재로 어쩜 이런 영화를 만들었을까! 감동과 여운이 떠나질 않는다.",
    "rating": "10",
    "date": "15.02.22"
  },
  {
    "review_id": "9706596",
    "movie_id": "102216",
    "author": "jiue****",
    "review": "신선한 소재. 섬세한 장면들...오다기리 죠는 역시 기대를 저버리지 않았고, 이 전까지 마츠다 류헤이 연기 별로라고 생각했었는데, 나의 고정관념을 완전히 바꿔준 영화.",
    "rating": "9",
    "date": "15.02.17"
  },
  {
    "review_id": "9703143",
    "movie_id": "102216",
    "author": "tien****",
    "review": "기대했는데.. 지루했어요..",
    "rating": "1",
    "date": "15.02.16"
  },
  {
    "review_id": "9670593",
    "movie_id": "102216",
    "author": "sipj****",
    "review": "처음엔 건성으로 보다가도 점점 빠져들게 되는 묘한 매력이 있다",
    "rating": "7",
    "date": "15.02.05"
  },
  {
    "review_id": "9661277",
    "movie_id": "102216",
    "author": "stem****",
    "review": "일본영화 특유의 잔잔한 진지함과 감동을 느낄 수 있었던 영화. 일상에 지쳐 삶의 의미에 회의감이 들 때 보면 마음이 충전되는 영화같다.",
    "rating": "9",
    "date": "15.02.02"
  },
  {
    "review_id": "9658561",
    "movie_id": "102216",
    "author": "mads****",
    "review": "참 좋은 영화 속깊은 영화",
    "rating": "9",
    "date": "15.02.01"
  },
  {
    "review_id": "9654143",
    "movie_id": "102216",
    "author": "ms96****",
    "review": "나왜이렇게 지루했지?? 정말지루했어 기대하고봐서그런가 뭐지",
    "rating": "1",
    "date": "15.01.31"
  },
  {
    "review_id": "9624088",
    "movie_id": "102216",
    "author": "ssky****",
    "review": "착실하고 견고하게 쌓여간다는 것에 경의를",
    "rating": "8",
    "date": "15.01.22"
  },
  {
    "review_id": "9608604",
    "movie_id": "102216",
    "author": "lkh6****",
    "review": "사전으로 이렇게 감동을 주다니...",
    "rating": "9",
    "date": "15.01.18"
  },
  {
    "review_id": "9607869",
    "movie_id": "102216",
    "author": "impu****",
    "review": "잔잔한 영화 좋아하지만 이건 뭐,, 잔잔한 게 아니라 지루한 수준",
    "rating": "2",
    "date": "15.01.18"
  },
  {
    "review_id": "9604599",
    "movie_id": "102216",
    "author": "cool****",
    "review": "좋았어요. 잔잔하면서도 재미와 감동이 있는 영화였습니다.",
    "rating": "10",
    "date": "15.01.17"
  },
  {
    "review_id": "9581228",
    "movie_id": "102216",
    "author": "kanj****",
    "review": "기대되는 작품입니다!",
    "rating": "8",
    "date": "15.01.10"
  },
  {
    "review_id": "9576096",
    "movie_id": "102216",
    "author": "lsh5****",
    "review": "마음이 꿈틀꿈틀거렸다",
    "rating": "10",
    "date": "15.01.09"
  },
  {
    "review_id": "9554973",
    "movie_id": "102216",
    "author": "char****",
    "review": "관람한지 한참됐지만 소재가 참신해서 기억에 남는 영화",
    "rating": "10",
    "date": "15.01.03"
  },
  {
    "review_id": "9552491",
    "movie_id": "102216",
    "author": "lym6****",
    "review": "진심의 나라. 그래서 무서운 나라",
    "rating": "8",
    "date": "15.01.02"
  },
  {
    "review_id": "9521629",
    "movie_id": "102216",
    "author": "wodk****",
    "review": "소소함에서 오는 감동을 느낄 수 있었다. 이 영화를 보고난 후, 책장에 꽂혀있던 국어사전을 꺼내어 넘겨보게 되었다. 사전 한권이 세상 밖으로 나오기 까지의 전 과정을 되짚어 볼 수 있었던 영화이다.",
    "rating": "10",
    "date": "14.12.26"
  },
  {
    "review_id": "9506294",
    "movie_id": "102216",
    "author": "tall****",
    "review": "일본은 참 이런영화 잘만들어",
    "rating": "9",
    "date": "14.12.24"
  },
  {
    "review_id": "9491158",
    "movie_id": "102216",
    "author": "dnxo****",
    "review": "내 인생의 의미를 용례 채집하고 싶은 생각이 들게하는 영화가 아닐까 싶습니다.",
    "rating": "10",
    "date": "14.12.20"
  },
  {
    "review_id": "9483434",
    "movie_id": "102216",
    "author": "wjdd****",
    "review": "일본 특유의 잔잔한 영화... 진짜 좋다.근데 진짜 마지메 사전으로 한대 후려치고 싶다 ..",
    "rating": "10",
    "date": "14.12.17"
  },
  {
    "review_id": "9434434",
    "movie_id": "102216",
    "author": "minj****",
    "review": "죽기 전 보고싶은 영화 top10에 든다",
    "rating": "10",
    "date": "14.11.30"
  },
  {
    "review_id": "9408705",
    "movie_id": "102216",
    "author": "dlwo****",
    "review": "진짜 일본 사람영화 클라스",
    "rating": "10",
    "date": "14.11.22"
  },
  {
    "review_id": "9345255",
    "movie_id": "102216",
    "author": "itre****",
    "review": "직관적이기는 하나 말랑말랑한 제목 대신 배를 엮다 일본 원제 가 주는 의미가 더 와닿는다",
    "rating": "6",
    "date": "14.11.06"
  },
  {
    "review_id": "9322078",
    "movie_id": "102216",
    "author": "fin_****",
    "review": "사전을 만들어가는 과정을 배를 엮는다는 걸로 표현했고, 그 과정의 진심이 너무 좋았다",
    "rating": "9",
    "date": "14.10.27"
  },
  {
    "review_id": "9321426",
    "movie_id": "102216",
    "author": "heav****",
    "review": "잔잔하고 너무 좋았던 영화",
    "rating": "8",
    "date": "14.10.27"
  },
  {
    "review_id": "9303315",
    "movie_id": "102216",
    "author": "sury****",
    "review": "정말 너무 지루하다..ㅜㅜ",
    "rating": "1",
    "date": "14.10.19"
  },
  {
    "review_id": "9301500",
    "movie_id": "102216",
    "author": "happ****",
    "review": "평소처럼 말주변도 없고 느릿한 마츠다류헤이가 주연인게 당연한건가 ㅎㅎ 정말 느낌있고 매력있는 배우",
    "rating": "10",
    "date": "14.10.19"
  },
  {
    "review_id": "9294485",
    "movie_id": "102216",
    "author": "ribt****",
    "review": "일본이란 문화에선 오덕도 장인으로 거듭나는게 어렵지 않다고 느꼈다. 그게 무시할 수 없는 일본의 힘인 것도 사실. 한국의 두배 이상인 일본의 내수시장의 크기가 그런 일을 가능하게 해주는지도.",
    "rating": "7",
    "date": "14.10.15"
  },
  {
    "review_id": "9288740",
    "movie_id": "102216",
    "author": "silv****",
    "review": "영화가 끝나면  일단 눈에 보이는 사물의 이름에 해설을 붙여야할것 같다  단어의 의미를 부여하는 진정성이 가득 느껴진다",
    "rating": "8",
    "date": "14.10.12"
  },
  {
    "review_id": "9269661",
    "movie_id": "102216",
    "author": "heav****",
    "review": "겁나 지루한데 한번도 안끊고 끝까지 다봄",
    "rating": "9",
    "date": "14.10.06"
  },
  {
    "review_id": "9256942",
    "movie_id": "102216",
    "author": "jd7l****",
    "review": "좋은 영화에요! 몇번이고 봤어요. 앞으로도 생각 날때마다 볼 생각이구요",
    "rating": "9",
    "date": "14.10.03"
  },
  {
    "review_id": "9252635",
    "movie_id": "102216",
    "author": "taeh****",
    "review": "사전을 만들기위해 직업정신을 갖고 오랜기간을 자신의 청춘을 투자한 청년를 통해 일본의 직업정신의 일부을 엿볼수 있었어요",
    "rating": "8",
    "date": "14.10.01"
  },
  {
    "review_id": "9229730",
    "movie_id": "102216",
    "author": "ykdi****",
    "review": "삶을 내던지는 열정에 감동하게 된다.",
    "rating": "7",
    "date": "14.09.20"
  },
  {
    "review_id": "9225776",
    "movie_id": "102216",
    "author": "ariw****",
    "review": "부럽다... 평생 몸바쳐 일할수 있는직장과 적성에 딱맞는 업무가 있다는게....",
    "rating": "8",
    "date": "14.09.19"
  },
  {
    "review_id": "9208269",
    "movie_id": "102216",
    "author": "jhj1****",
    "review": "일본영화 특유의 독특한 소재 잔잔한 흐름",
    "rating": "10",
    "date": "14.09.12"
  },
  {
    "review_id": "9203566",
    "movie_id": "102216",
    "author": "dkhy****",
    "review": "오후의 햇살 같은, 마쓰다 류헤이의 매력",
    "rating": "7",
    "date": "14.09.11"
  },
  {
    "review_id": "9200958",
    "movie_id": "102216",
    "author": "leon****",
    "review": "소소하지만 삶의 잔잔한 역동성을 느낄 수 있었던 영화",
    "rating": "9",
    "date": "14.09.10"
  },
  {
    "review_id": "9184369",
    "movie_id": "102216",
    "author": "kth3****",
    "review": "사전과 함께하는 그들의 행복한 장인정신",
    "rating": "7",
    "date": "14.09.08"
  },
  {
    "review_id": "9178994",
    "movie_id": "102216",
    "author": "xyan****",
    "review": "그래도 개요에 코미디라고 되어있어서 코미디를 기대하고 봤는데 잔잔한 영화였다...코미디를 기대했기에 재밌기는 한데 재밌지 않은 이 상황을 어떻게 해야할지..일본 영화의 잔잔함이 어느때는 좋기도 하고 어느때는 너무 밋밋하게 느껴지기도 한다. 괜찮았다.",
    "rating": "7",
    "date": "14.09.07"
  },
  {
    "review_id": "9166989",
    "movie_id": "102216",
    "author": "hoga****",
    "review": "사전만들기라는 독특한 소재와 주인공 마지메 캐릭터의  매력, 그리고 자잘한 웃음 섞인 스토리가 주는 감동이 잘 어우러진 영화. 강추합니다. 근래 본 영화중에 제일 마음에 들어요.",
    "rating": "10",
    "date": "14.09.04"
  },
  {
    "review_id": "9122008",
    "movie_id": "102216",
    "author": "ejle****",
    "review": "사전을 만드는 일처럼, 중요한 것들이 잊히는 사회를 불편하지 않게, 예쁘고 따뜻하게 비판한 작품. 소소한 웃음 포인트도 좋다.",
    "rating": "9",
    "date": "14.08.22"
  },
  {
    "review_id": "9113457",
    "movie_id": "102216",
    "author": "jrze****",
    "review": "재밌었습니다. 공백제외",
    "rating": "8",
    "date": "14.08.20"
  },
  {
    "review_id": "9109319",
    "movie_id": "102216",
    "author": "678t****",
    "review": "마음이 따뜻해지는 영화",
    "rating": "10",
    "date": "14.08.19"
  },
  {
    "review_id": "9104912",
    "movie_id": "102216",
    "author": "bles****",
    "review": "사전 만드는 사람들의 인생에 빗댄 사전 집필",
    "rating": "6",
    "date": "14.08.18"
  },
  {
    "review_id": "9044630",
    "movie_id": "102216",
    "author": "prs7****",
    "review": "잔잔하다 때론 무료할 수 있다 하지만... 인생을 사전으로 표현한것은 참 대단한 상상이었다",
    "rating": "8",
    "date": "14.08.07"
  },
  {
    "review_id": "9032288",
    "movie_id": "102216",
    "author": "chac****",
    "review": "내용은 별거 없는거 같은데 보다보니 뒷얘기가 궁금해지고 다 보고나니 뭔가 여운이 남는 영화예요",
    "rating": "9",
    "date": "14.08.05"
  },
  {
    "review_id": "8973229",
    "movie_id": "102216",
    "author": "cjsu****",
    "review": "일단 마츠다류헤이의 연기가 정말 좋았고. 내 과거 현재 미래를 전부 뒤집어서 생각하게 해준 영화. 책보다 영화가 나은 건 오랜만이다. 지금 충실히 살고 있는가에 대한 물음.",
    "rating": "10",
    "date": "14.07.28"
  },
  {
    "review_id": "8954641",
    "movie_id": "102216",
    "author": "bism****",
    "review": "마츠다 류헤이와 미야자키 아오이의 담백한 싱거움. 두부 조림의 간장같은 오다기리죠.  시종일관 군더더기 없는 전개. 지금을 보게하는 여운.",
    "rating": "10",
    "date": "14.07.25"
  },
  {
    "review_id": "8954189",
    "movie_id": "102216",
    "author": "yong****",
    "review": "잔잔하면서 감동 있어요, 10년이 넘는 사전 편찬 작업 과정을 담담히 풀어내지만 전혀 지루하지 않고 공감이 갑니다 오랜만에 신선한 영화 감상했어요 ㅎㅎ",
    "rating": "10",
    "date": "14.07.25"
  },
  {
    "review_id": "8940719",
    "movie_id": "102216",
    "author": "jhki****",
    "review": "현재 한국의 인터넷 시스템과 국립국어원을 바라보며 한국의 상황에 대해 조금 흐뭇함을 느끼는 건 나뿐인가...",
    "rating": "8",
    "date": "14.07.22"
  },
  {
    "review_id": "8937549",
    "movie_id": "102216",
    "author": "cjjh****",
    "review": "하나하나 거창하게 되려하지 않아도 자기 직업과 소명을 귀하게 생각하고 서로 귀하게 생각하는 그런 모습. 우리에게도 생겨나면 더 건강한 사회가 될 것 같아요. 영화 진짜 너무 좋고, 영화가 그리는 삶의 모습도 너무너무 멋지고, 배우들도 좋습니다!",
    "rating": "10",
    "date": "14.07.21"
  },
  {
    "review_id": "8928566",
    "movie_id": "102216",
    "author": "o___****",
    "review": "행복한 사전이 아니라 위대한 사전입니다.  자기 입맛에 원제를 마음대로 바꾸지 마세요. 영화 자체는 아주 훌룡합니다.",
    "rating": "1",
    "date": "14.07.18"
  },
  {
    "review_id": "8926247",
    "movie_id": "102216",
    "author": "bes2****",
    "review": "멋져요~~각장면이  생생합니다^^",
    "rating": "10",
    "date": "14.07.18"
  },
  {
    "review_id": "8918071",
    "movie_id": "102216",
    "author": "jiss****",
    "review": "부모님과 함께 보았는데..아빠가 좋아하셔서 저도 재미있게 잘 봤어요. 영화소재가 신선했습니다. 단어수집 사전만드는 게 보통일이 아니구나..감탄..",
    "rating": "9",
    "date": "14.07.15"
  },
  {
    "review_id": "8906744",
    "movie_id": "102216",
    "author": "rkde****",
    "review": "생각보다  재미있습니다~~~~",
    "rating": "9",
    "date": "14.07.12"
  },
  {
    "review_id": "8901791",
    "movie_id": "102216",
    "author": "dhwn****",
    "review": "잔잔한 감동 일본 영화는 소소한 맛이 있다",
    "rating": "8",
    "date": "14.07.10"
  },
  {
    "review_id": "8889568",
    "movie_id": "102216",
    "author": "prel****",
    "review": "日本映?の低力。幸せだよ。",
    "rating": "10",
    "date": "14.07.06"
  },
  {
    "review_id": "8889506",
    "movie_id": "102216",
    "author": "gsm0****",
    "review": "이 사전에 '진심'의 정의가 가장 잘 표현되있을듯",
    "rating": "8",
    "date": "14.07.06"
  },
  {
    "review_id": "8889429",
    "movie_id": "102216",
    "author": "qoqo****",
    "review": "훈훈한 영화였습니다...",
    "rating": "7",
    "date": "14.07.06"
  },
  {
    "review_id": "8887886",
    "movie_id": "102216",
    "author": "phss****",
    "review": "일본 사람들 정말 무섭네. 장인정신의 승리라 할까!!!",
    "rating": "7",
    "date": "14.07.06"
  },
  {
    "review_id": "8885280",
    "movie_id": "102216",
    "author": "suri****",
    "review": "한 땀 한땀  완성되어가는 대도해를  보면서 계속 미소 짓게 하는 영화 ks",
    "rating": "8",
    "date": "14.07.05"
  },
  {
    "review_id": "8876545",
    "movie_id": "102216",
    "author": "gani****",
    "review": "신선하면서도 소박한 잔잔한하고 편안한 영화",
    "rating": "10",
    "date": "14.07.02"
  },
  {
    "review_id": "8873210",
    "movie_id": "102216",
    "author": "sch_****",
    "review": "잔잔하고 먹먹한 영화. 사전에 대한 새로운 정의.",
    "rating": "10",
    "date": "14.07.01"
  },
  {
    "review_id": "8860937",
    "movie_id": "102216",
    "author": "d32d****",
    "review": "진심이 무엇인지 느껴지게 하는영화",
    "rating": "10",
    "date": "14.06.27"
  },
  {
    "review_id": "8859338",
    "movie_id": "102216",
    "author": "ion0****",
    "review": "훈훈한 영화입니다123",
    "rating": "9",
    "date": "14.06.26"
  },
  {
    "review_id": "8852847",
    "movie_id": "102216",
    "author": "gall****",
    "review": "일본의 문화를 영화 구석구석에서 엿볼수 있어서 참 좋았습니다. 일본 영화 특유의 절제된 느낌이 잘 묻어나는 잔잔한 영화로 일본인들의 생활 모습을 편안하게 느낄 수 있는 영화여서 좋았습니다!",
    "rating": "8",
    "date": "14.06.25"
  },
  {
    "review_id": "8850929",
    "movie_id": "102216",
    "author": "moja****",
    "review": "소소한 일본 영화 특유의 정적인 면이 압도적인 영화입니다. 임팩트가 있는 내용을 좋아하는 관객께는 적합하지 않을 수도 있습니다.",
    "rating": "8",
    "date": "14.06.24"
  },
  {
    "review_id": "8850658",
    "movie_id": "102216",
    "author": "suns****",
    "review": "묵묵함이 작은 울림으로",
    "rating": "8",
    "date": "14.06.24"
  },
  {
    "review_id": "8847845",
    "movie_id": "102216",
    "author": "lsh1****",
    "review": "한가지일에 몰두한다는것 정말많은걸 배우고가네요 저도 제가 좋아하는일에 더욱 성실히임해야겠어요",
    "rating": "10",
    "date": "14.06.22"
  },
  {
    "review_id": "8847309",
    "movie_id": "102216",
    "author": "shin****",
    "review": "한가지 일에 즐겁게 몰두하기",
    "rating": "10",
    "date": "14.06.22"
  },
  {
    "review_id": "8840497",
    "movie_id": "102216",
    "author": "emka****",
    "review": "일본 특유의 장인 정신이 돋보이는 내용..",
    "rating": "9",
    "date": "14.06.19"
  },
  {
    "review_id": "8833411",
    "movie_id": "102216",
    "author": "spt1****",
    "review": "따뜻하고 소소하다..",
    "rating": "8",
    "date": "14.06.15"
  },
  {
    "review_id": "8831977",
    "movie_id": "102216",
    "author": "wone****",
    "review": "오다기리조때문에 봤는데 그걸 떠나 감동적이었어요. 그냥 뭔가 요즘 자기일을 사랑해서 하는 ㅅ ㅏ람들 많지 않은데 생각 하게 하는 영화였어요,",
    "rating": "9",
    "date": "14.06.15"
  },
  {
    "review_id": "8826764",
    "movie_id": "102216",
    "author": "kink****",
    "review": "고리타분할 수 있는 주제를 술술 풀어내는 일본 영화만의 재주. 소박하지만 정갈하고 맛있는 밥상을 마주한 기분.",
    "rating": "8",
    "date": "14.06.13"
  },
  {
    "review_id": "8823082",
    "movie_id": "102216",
    "author": "aman****",
    "review": "2시간의 힐링..처음부터 끝까지 감성 충만한 영화.",
    "rating": "10",
    "date": "14.06.12"
  },
  {
    "review_id": "8820690",
    "movie_id": "102216",
    "author": "hmhg****",
    "review": "영화 재밌개 잘 보았습니다.",
    "rating": "10",
    "date": "14.06.11"
  }
]