[
  {
    "review_id": "10276941",
    "movie_id": "102279",
    "author": "cant****",
    "review": "그정도는 아니야~ 액션영화 뭘 스토리 따져 그냥 쳐봐~",
    "rating": "10",
    "date": "15.08.26"
  },
  {
    "review_id": "10228176",
    "movie_id": "102279",
    "author": "mazk****",
    "review": "실컷 다보고 난 이 느낌은 응싸고 안닦은 느낌?",
    "rating": "5",
    "date": "15.08.14"
  },
  {
    "review_id": "10134823",
    "movie_id": "102279",
    "author": "pyy1****",
    "review": "빙봉빙봉ㅋ....ㅠㅠ빙봉아",
    "rating": "10",
    "date": "15.07.23"
  },
  {
    "review_id": "10124803",
    "movie_id": "102279",
    "author": "zxvt****",
    "review": "견자단의 액션으로 카바치기엔 영화 자체가 존나게 허술하다. 웬지 후편이 있을거 같은 찝찝한 엔딩도 맘에 안들고",
    "rating": "3",
    "date": "15.07.21"
  },
  {
    "review_id": "10112908",
    "movie_id": "102279",
    "author": "no34****",
    "review": "견자단을 데리고 이것밖에 못만드냐 진짜..게다가 머리스타일 어쩔껴 정말",
    "rating": "4",
    "date": "15.07.17"
  },
  {
    "review_id": "10029020",
    "movie_id": "102279",
    "author": "baks****",
    "review": "나영창 스티봉유 나오는 소림사2014의 감독이다...이정도면,말 다했지?-끝-",
    "rating": "1",
    "date": "15.06.24"
  },
  {
    "review_id": "10002593",
    "movie_id": "102279",
    "author": "b021****",
    "review": "하오하오기가막힌 영화",
    "rating": "10",
    "date": "15.06.15"
  },
  {
    "review_id": "9931722",
    "movie_id": "102279",
    "author": "dkst****",
    "review": "얘내 나라는 판타지 왜캐 좋아함?!",
    "rating": "1",
    "date": "15.05.19"
  },
  {
    "review_id": "9902972",
    "movie_id": "102279",
    "author": "xeon****",
    "review": "아.. 견자단형님 영화는 다 챙겨서보는데 진심 여태 모든 작품중 최악.. 최근작 일개인적무림이랑 이건 뭐 하늘과 땅차이.. 감독이 쓰레기라고 볼수밖에...",
    "rating": "1",
    "date": "15.05.08"
  },
  {
    "review_id": "9786854",
    "movie_id": "102279",
    "author": "wpdl****",
    "review": "여느 중국영화와 같이 바보들의 합창",
    "rating": "1",
    "date": "15.03.16"
  },
  {
    "review_id": "9649645",
    "movie_id": "102279",
    "author": "sank****",
    "review": "잘나가는 배우들 모셔놓고 감독이 똥싸놓은 영화",
    "rating": "2",
    "date": "15.01.29"
  },
  {
    "review_id": "9608993",
    "movie_id": "102279",
    "author": "jesu****",
    "review": "뭐지 이 찜찜함..재밌게보다가 허무하게..후편없어으면 이건 아니다..",
    "rating": "1",
    "date": "15.01.18"
  },
  {
    "review_id": "9580863",
    "movie_id": "102279",
    "author": "y2jj****",
    "review": "유역비, 황성의 구분하지도 못하면서 양아치 운운하는 사람이 더 양아치 아닌가 싶다. 그리고 영화는 그저 그랬다...",
    "rating": "5",
    "date": "15.01.10"
  },
  {
    "review_id": "9535765",
    "movie_id": "102279",
    "author": "zard****",
    "review": "왜 만들었을까? 왜 만들었을까?",
    "rating": "1",
    "date": "14.12.29"
  },
  {
    "review_id": "9471481",
    "movie_id": "102279",
    "author": "ipro****",
    "review": "0점은 왜 없는거야???",
    "rating": "1",
    "date": "14.12.13"
  },
  {
    "review_id": "9451249",
    "movie_id": "102279",
    "author": "moon****",
    "review": "견자단 때문에 6점 준다. 스토리가 그지같아. 2편이 나올라고 만들다 만거냐???",
    "rating": "6",
    "date": "14.12.06"
  },
  {
    "review_id": "9433764",
    "movie_id": "102279",
    "author": "gall****",
    "review": "그나마 막판 액션씬 조금 볼만해지나 싶었는데 속편을 암시하는 급 마무리 ㅡㅡ;  요즘 이런 식의 짜증나는 결말이 너무 많아",
    "rating": "4",
    "date": "14.11.29"
  },
  {
    "review_id": "9432349",
    "movie_id": "102279",
    "author": "seun****",
    "review": "견자단 때문에 7점 줍니다. 볼일보다만 기분.단편이 아니라 이해하지만 뭔가 부족하달까...1편 마지막쯤 여주가 뜬금없이 강으로 들어가는건 쫌...",
    "rating": "7",
    "date": "14.11.29"
  },
  {
    "review_id": "9418698",
    "movie_id": "102279",
    "author": "inki****",
    "review": "화면이 언발란스다. 80년대 르와르화질에서 갑자기  2000년대 첨단 화면이 나와 격투를 한다. 케이블로 봐서인지는 몰라도 적응이 안된다. 또 결론은 뭔지 후속작에 기대치도 낮게 끝난다.",
    "rating": "4",
    "date": "14.11.24"
  },
  {
    "review_id": "9418417",
    "movie_id": "102279",
    "author": "duqr****",
    "review": "액션씬이 좋다. 주제도 참신까진 아니여도 약간 만화 스러운게 난 괜츈.하지만...끝마무리가..아무리 시리즈 예상이라지만 뭐 이런 빨리돌려보기하다 끈것 같은..뭐스러운..엄청 허망..1편으론 전체스토리 예상 불가..그래서 2편이 더 궁금해짐..아놔..",
    "rating": "4",
    "date": "14.11.24"
  },
  {
    "review_id": "9416319",
    "movie_id": "102279",
    "author": "98hj****",
    "review": "TV에서 하길레 그냥 봤는데 은근 꿀잼 ㅋㅋㅋ 주성치영화 본다고 생각하면 볼만함",
    "rating": "10",
    "date": "14.11.23"
  },
  {
    "review_id": "9408213",
    "movie_id": "102279",
    "author": "chun****",
    "review": "별 반개도 아까움... 대륙의 흔한 돈버리기 영화랄까...자동차가 다리위에서 굴러다니는데 뭘그리 이리굴르고 저리굴르고 그래야하는건지 이해가안간다 ㄷㄷ;;배우들도 비호감이고 내용도 오글오글;;;",
    "rating": "1",
    "date": "14.11.21"
  },
  {
    "review_id": "9392786",
    "movie_id": "102279",
    "author": "djdd****",
    "review": "잉...이사람들 이상해..난 재밋게 봤는데...알바쓰나? ;; 심각하네 진짜",
    "rating": "10",
    "date": "14.11.16"
  },
  {
    "review_id": "9342709",
    "movie_id": "102279",
    "author": "kuiu****",
    "review": "방패랑 싸우는 전투씬 완전 재미있었는데 점수가 너무 낮네요.. 다음편 기다립니다!!",
    "rating": "8",
    "date": "14.11.05"
  },
  {
    "review_id": "9342136",
    "movie_id": "102279",
    "author": "kara****",
    "review": "견자단 영화도 재미없을 수가 있구나...",
    "rating": "1",
    "date": "14.11.05"
  },
  {
    "review_id": "9298137",
    "movie_id": "102279",
    "author": "cjvi****",
    "review": "꼭봐야하는 영화같이 죽자!!",
    "rating": "10",
    "date": "14.10.17"
  },
  {
    "review_id": "9296628",
    "movie_id": "102279",
    "author": "dae7****",
    "review": "2탄을 기대해 봅니다 ㅋㅋ",
    "rating": "7",
    "date": "14.10.16"
  },
  {
    "review_id": "9296340",
    "movie_id": "102279",
    "author": "amur****",
    "review": "마지막에  영화찍다말고 끝낸거같았는데 2부작이였군요... 그렇다면 어느정도 수긍이 가는 스토리",
    "rating": "7",
    "date": "14.10.16"
  },
  {
    "review_id": "9293365",
    "movie_id": "102279",
    "author": "y018****",
    "review": "속편나올것이다 마지막 전개내용과 다 끝난후 3개월후 이부분은 예고같은것이다 평점 테러당한것에 10점준다 개인적인 점수는 7.5다",
    "rating": "10",
    "date": "14.10.15"
  },
  {
    "review_id": "9253201",
    "movie_id": "102279",
    "author": "cane****",
    "review": "화물차 휠허브에 비닐봉지 낀다고 구동축이 멈추는 말도 안되는 설정부터 느낌이 싸했다",
    "rating": "1",
    "date": "14.10.02"
  },
  {
    "review_id": "9251143",
    "movie_id": "102279",
    "author": "taek****",
    "review": "아. 내가 좋아하던 견자단이 이런  예뻐예뻐 같은 영화를 찍다니. ㅠㅜ",
    "rating": "10",
    "date": "14.09.30"
  },
  {
    "review_id": "9237918",
    "movie_id": "102279",
    "author": "shk2****",
    "review": "평점이 너무 낮아서 조금 올려요",
    "rating": "10",
    "date": "14.09.24"
  },
  {
    "review_id": "9237189",
    "movie_id": "102279",
    "author": "adsz****",
    "review": "음.. 만약에 2편이 나와서, 스토리가 제대로 해명이 된다면 후에 평이 좋을 가능성 높긴하져. 괜찮게 봤네요.",
    "rating": "8",
    "date": "14.09.23"
  },
  {
    "review_id": "9236919",
    "movie_id": "102279",
    "author": "blac****",
    "review": "아무리 2편이 있다고 해도, 뭔가 1편에서 어느정도 사건 정리는 하고 가야 하는거 아닌가? 마지막 반전이 좀 괜찮긴 했지만, 잘 싸우다가  갑자기 끝내버리면 어쩌라는건지 ....",
    "rating": "5",
    "date": "14.09.23"
  },
  {
    "review_id": "9236596",
    "movie_id": "102279",
    "author": "rfen****",
    "review": "결국 관건은 2부의 완성도.. 2부 스토리를 위한 1부로  보면  썩 나쁘지 않은 재미가 있음..",
    "rating": "10",
    "date": "14.09.23"
  },
  {
    "review_id": "9233835",
    "movie_id": "102279",
    "author": "skyc****",
    "review": "견자단 별1개 황성의 별1개 영광인줄 알아 이것들아....",
    "rating": "4",
    "date": "14.09.22"
  },
  {
    "review_id": "9230934",
    "movie_id": "102279",
    "author": "neob****",
    "review": "자평이  거의 다 혹평인데..   에이 그정도는   아니다.. 나름   볼 만했고 ...  마지막 끝 마무리가 좀 이상한데.. 끝난  것 같기도 하고 후속작이 있을 것 같기도 하고  ..",
    "rating": "8",
    "date": "14.09.21"
  },
  {
    "review_id": "9221188",
    "movie_id": "102279",
    "author": "cord****",
    "review": "재밌는데 전개가 좀 비약적이고 떡밥 활용이 잘 안 됨.",
    "rating": "8",
    "date": "14.09.17"
  },
  {
    "review_id": "9220752",
    "movie_id": "102279",
    "author": "mona****",
    "review": "아 난잡해 병맛이네 기억에 남는건 사자후 시전할때 죽방 날리는것뿐",
    "rating": "5",
    "date": "14.09.17"
  },
  {
    "review_id": "9209181",
    "movie_id": "102279",
    "author": "sink****",
    "review": "난 볼만했는데 만약 2편이 없으면 진짜 개막장 영화겠지만 2편 계획잡고 만든 영화인데 그것도 모르고 욕하는 애들 개노답이네 ㅋㅋ 적벽대전도 1편은 노잼이었어. 2편 보고 평가해라 아그들아",
    "rating": "8",
    "date": "14.09.13"
  },
  {
    "review_id": "9191810",
    "movie_id": "102279",
    "author": "kalz****",
    "review": "스토리도, 영상도 연계성없는 영화",
    "rating": "3",
    "date": "14.09.09"
  },
  {
    "review_id": "9180005",
    "movie_id": "102279",
    "author": "newl****",
    "review": "견자단이 이런 영화에....",
    "rating": "5",
    "date": "14.09.07"
  },
  {
    "review_id": "9169390",
    "movie_id": "102279",
    "author": "woos****",
    "review": "견자단의 와이어 액션 만이 기억에 남는 그저 그런 영화;",
    "rating": "6",
    "date": "14.09.05"
  },
  {
    "review_id": "9160518",
    "movie_id": "102279",
    "author": "itli****",
    "review": "감독: 나영창   느낌 오시죠??",
    "rating": "1",
    "date": "14.09.03"
  },
  {
    "review_id": "9156479",
    "movie_id": "102279",
    "author": "pdia****",
    "review": "견자단도 견인하지 못한 실로 아쉬운 영화 ..",
    "rating": "6",
    "date": "14.09.03"
  },
  {
    "review_id": "9138397",
    "movie_id": "102279",
    "author": "clou****",
    "review": "결국 감독 영창감...",
    "rating": "5",
    "date": "14.08.27"
  },
  {
    "review_id": "9136169",
    "movie_id": "102279",
    "author": "nmza****",
    "review": "견자단이라 기대했는데 답없다",
    "rating": "1",
    "date": "14.08.26"
  },
  {
    "review_id": "9124826",
    "movie_id": "102279",
    "author": "huks****",
    "review": "별점 다섯개는 밑리뷰대로 견자단에 대한 의리..아니 별여섯개 죄다 걍 의리표.. 자단찡....",
    "rating": "6",
    "date": "14.08.23"
  },
  {
    "review_id": "9100377",
    "movie_id": "102279",
    "author": "kang****",
    "review": "견자단의 또다른 모습 정말 재미있당!속편이 기다려지는군.",
    "rating": "10",
    "date": "14.08.17"
  },
  {
    "review_id": "9079620",
    "movie_id": "102279",
    "author": "sado****",
    "review": "뭐야 이거... 견자단이 이런거에 왜 나와??",
    "rating": "1",
    "date": "14.08.13"
  },
  {
    "review_id": "9079371",
    "movie_id": "102279",
    "author": "nsk2****",
    "review": "하.. 우울해지는데.. 우리 자단이형.. 힘들었구나..",
    "rating": "2",
    "date": "14.08.13"
  },
  {
    "review_id": "9078348",
    "movie_id": "102279",
    "author": "temo****",
    "review": "감독 나영창  영창 보내버려야지..",
    "rating": "6",
    "date": "14.08.13"
  },
  {
    "review_id": "9064464",
    "movie_id": "102279",
    "author": "bles****",
    "review": "왜 견자단은 자신의 커리어에 흠집을 내는가",
    "rating": "4",
    "date": "14.08.10"
  },
  {
    "review_id": "9058766",
    "movie_id": "102279",
    "author": "last****",
    "review": "견자단은 엽위신과할때 상성이 맞는게 아닌지나양창 이런사람둘보단 견자단은 코미디에 욕심 버리고",
    "rating": "6",
    "date": "14.08.10"
  },
  {
    "review_id": "9051811",
    "movie_id": "102279",
    "author": "gsxr****",
    "review": "나만당할순 없지..흐흐",
    "rating": "10",
    "date": "14.08.08"
  },
  {
    "review_id": "9048297",
    "movie_id": "102279",
    "author": "qnd1****",
    "review": "견자단을 데려다놓고 이것밖에 못찍냐...",
    "rating": "3",
    "date": "14.08.08"
  },
  {
    "review_id": "9043691",
    "movie_id": "102279",
    "author": "xx41****",
    "review": "감독한테 찾아가 묻고 싶다 얼마나 받았나?",
    "rating": "1",
    "date": "14.08.07"
  },
  {
    "review_id": "9041658",
    "movie_id": "102279",
    "author": "soft****",
    "review": "반쪽짜리영화...   집중해서보긴했는데 허무하군",
    "rating": "5",
    "date": "14.08.07"
  },
  {
    "review_id": "9038253",
    "movie_id": "102279",
    "author": "shel****",
    "review": "그래서 누가 일본과 내통한건가요..ㅠㅠ 형제들 화해는 한건가요?? 여주는 뭐가되죠??ㅠㅠ",
    "rating": "7",
    "date": "14.08.06"
  },
  {
    "review_id": "9035616",
    "movie_id": "102279",
    "author": "534k****",
    "review": "견자단 형님 기대했는데",
    "rating": "1",
    "date": "14.08.06"
  },
  {
    "review_id": "9035411",
    "movie_id": "102279",
    "author": "guev****",
    "review": "만화같은 이야기가 지루하지는 않아서 끝까지 봤더니 시간이 아깝군",
    "rating": "1",
    "date": "14.08.06"
  }
]