[
  {
    "review_id": "10274580",
    "movie_id": "102291",
    "author": "dleo****",
    "review": "너무 생각하게 만들어서 영 별로예요 영화 결말의 의미는 검색해야만 알수 있습니다 ㅡㅡ",
    "rating": "1",
    "date": "15.08.25"
  },
  {
    "review_id": "10257265",
    "movie_id": "102291",
    "author": "terr****",
    "review": "종합 평점은 5점 드립니다.",
    "rating": "5",
    "date": "15.08.21"
  },
  {
    "review_id": "10252388",
    "movie_id": "102291",
    "author": "mari****",
    "review": "제이크질레할이 주연한 영화는 기본은 하는 듯. 기분좋은 깊이감.",
    "rating": "7",
    "date": "15.08.19"
  },
  {
    "review_id": "10215411",
    "movie_id": "102291",
    "author": "klpr****",
    "review": "슬로우 전개에 좀 따분한 면도 없지않아 있지만 그 상징적인 거대한 거미와 초반에 나온 거미랑 뭔 뜻인 지 이해 못한 건 내가 바보인가? 나 어느정도 똑똑하다고 생각했는 데..",
    "rating": "6",
    "date": "15.08.11"
  },
  {
    "review_id": "10111907",
    "movie_id": "102291",
    "author": "fcup****",
    "review": "영화를 굳이 이렇게까지 불친절하게 만들 정도로 심오하거나 의미있는 내용은 아닌데...",
    "rating": "6",
    "date": "15.07.17"
  },
  {
    "review_id": "9993659",
    "movie_id": "102291",
    "author": "hauk****",
    "review": "끝을 짤라먹은거 같은 오만하고 불편한 감독의 연출력. 질렌할의 연기력만이 돋보였다.",
    "rating": "3",
    "date": "15.06.12"
  },
  {
    "review_id": "9970025",
    "movie_id": "102291",
    "author": "koeu****",
    "review": "도착한 시간이 너무 늦어서 못봤ㄱ다",
    "rating": "8",
    "date": "15.06.02"
  },
  {
    "review_id": "9947189",
    "movie_id": "102291",
    "author": "yana****",
    "review": "여자들도 이쁘고 내용도 최고!",
    "rating": "9",
    "date": "15.05.25"
  },
  {
    "review_id": "9910009",
    "movie_id": "102291",
    "author": "sd44****",
    "review": "거미보고 놀래서 이게 뭔영화냐 싶어서 왔더니  해석해놓은거 읽어보니 이런영화였구나 싶군 흠....",
    "rating": "7",
    "date": "15.05.10"
  },
  {
    "review_id": "9900665",
    "movie_id": "102291",
    "author": "wnst****",
    "review": "10점주고싶었지만 감독이 너무 불친절. 질렌할의 연기는 정말 굿굿!",
    "rating": "9",
    "date": "15.05.07"
  },
  {
    "review_id": "9900217",
    "movie_id": "102291",
    "author": "equa****",
    "review": "인간은 항상 일탈을 생각하며 꿈꾼다.혼돈은 해석되지 않은 질서이다.",
    "rating": "10",
    "date": "15.05.06"
  },
  {
    "review_id": "9851342",
    "movie_id": "102291",
    "author": "milk****",
    "review": "시간 가는 줄 보고 보았다,,, 마지막 거미 씬 ~~ 썸득@!!",
    "rating": "8",
    "date": "15.04.18"
  },
  {
    "review_id": "9817907",
    "movie_id": "102291",
    "author": "dpdj****",
    "review": "소설 안읽고 영화 한 번 보고는 솔직히 이해가 힘들다.. 조금만 더 마일드하게 갔더라면..?",
    "rating": "6",
    "date": "15.03.31"
  },
  {
    "review_id": "9795620",
    "movie_id": "102291",
    "author": "nine****",
    "review": "영화를 다 보고 난 후에 더 생각하게 만드는 작품... 충격적인 마지막 엔딩 장면은 덤...",
    "rating": "7",
    "date": "15.03.20"
  },
  {
    "review_id": "9793303",
    "movie_id": "102291",
    "author": "ccor****",
    "review": "해석하기 나름...123",
    "rating": "5",
    "date": "15.03.19"
  },
  {
    "review_id": "9787406",
    "movie_id": "102291",
    "author": "cine****",
    "review": "이런 식의 꿈이야기라면 나쁘지 않다.",
    "rating": "7",
    "date": "15.03.16"
  },
  {
    "review_id": "9786530",
    "movie_id": "102291",
    "author": "danz****",
    "review": "최근 나이트크롤러도 그렇고 제이크의 연기가 물이 올랐다.. 이건 한남자가 내면의 억압을 상징하는 거미를 죽이며 꿈속에 들어가 지맘대로 영화배우도 되었다가 연애도 하다 마지막 임신한 와이프가 거미로 변한 장면을 보며 꿈에서 깨어나는 호접지몽이다",
    "rating": "8",
    "date": "15.03.16"
  },
  {
    "review_id": "9780598",
    "movie_id": "102291",
    "author": "penn****",
    "review": "맨 마지막 장면 보고 뭥미했지만 천천히 생각해보니 이해가 되더군",
    "rating": "8",
    "date": "15.03.14"
  },
  {
    "review_id": "9772926",
    "movie_id": "102291",
    "author": "gall****",
    "review": "영화에서 중요한것은 화법이다. 내용이 정말 심오하고 대단해서가 아니라, 그저 전달력이 떨어지는 수준의-알고 보면 별것도 아닌- 영화를 갖다가 입에 거품물고 찬양하는 허세충들 취향에나 맞을 영화",
    "rating": "4",
    "date": "15.03.11"
  },
  {
    "review_id": "9771869",
    "movie_id": "102291",
    "author": "juni****",
    "review": "영화해석이 불가능한 상태여서 네이버 블로그 완벽해석 글을 봤는데.... 이럴수가.... 이런 영화를 만들다니 입이 쩌억..",
    "rating": "10",
    "date": "15.03.11"
  },
  {
    "review_id": "9771155",
    "movie_id": "102291",
    "author": "vaga****",
    "review": "결혼과 헌신이 통제와 독재가 되는 세상. 훌륭한 영화임.",
    "rating": "10",
    "date": "15.03.10"
  },
  {
    "review_id": "9770439",
    "movie_id": "102291",
    "author": "raw7****",
    "review": "심장떨어지는줄...결말 후덜덜...ㅋㅋㅋㅋ본사람만 알지어다.ㅋㅋㅋㅋ",
    "rating": "8",
    "date": "15.03.10"
  },
  {
    "review_id": "9769166",
    "movie_id": "102291",
    "author": "polo****",
    "review": "걍..볼만함. 대가리 뽀개지도록 해석해봤자..어차피 도플갱어 정신병자 영화. 주인공의 연기가 굿임. 감독은..약간 4차원일듯",
    "rating": "6",
    "date": "15.03.09"
  },
  {
    "review_id": "9768553",
    "movie_id": "102291",
    "author": "holl****",
    "review": "주제 사라마구.. 정말 이분의 상상력은 대단함, 영화 전반적인 분위기 및 질렌할의 OOO기력이 이 영화를 더 돋보이게 하는듯",
    "rating": "9",
    "date": "15.03.09"
  },
  {
    "review_id": "9766389",
    "movie_id": "102291",
    "author": "thdw****",
    "review": "도대체 무슨내용이야 ..",
    "rating": "1",
    "date": "15.03.08"
  },
  {
    "review_id": "9681471",
    "movie_id": "102291",
    "author": "love****",
    "review": "느낌 살아있는 영화. 그래서 이해하고픈 영화...   그런데 말이야. 좀만... 아주 조금만 더 친절해주면 안되겠니?",
    "rating": "7",
    "date": "15.02.09"
  },
  {
    "review_id": "9632136",
    "movie_id": "102291",
    "author": "azus****",
    "review": "6점 줍니다.. 개인 기록용",
    "rating": "6",
    "date": "15.01.24"
  },
  {
    "review_id": "9603135",
    "movie_id": "102291",
    "author": "sehy****",
    "review": "할 말을 잃게 만드는 영리한 수작이다.",
    "rating": "9",
    "date": "15.01.17"
  },
  {
    "review_id": "9595795",
    "movie_id": "102291",
    "author": "binn****",
    "review": "질렌할의 연기력..정말 탑클래스 수준이다. 그리고 숨은의미, 특히 결말이 충격적이다. 소설 원작으로 했지만 연출력. 천재적이다!",
    "rating": "7",
    "date": "15.01.15"
  },
  {
    "review_id": "9584703",
    "movie_id": "102291",
    "author": "subu****",
    "review": "프로이트에 카프카까지 평점에 나오네...이야",
    "rating": "6",
    "date": "15.01.11"
  },
  {
    "review_id": "9568566",
    "movie_id": "102291",
    "author": "gkzm****",
    "review": "금기를 탐하고 있었음을 깨달은 직후, 아담은 꿈에서 깨어나는가?",
    "rating": "8",
    "date": "15.01.06"
  },
  {
    "review_id": "9559445",
    "movie_id": "102291",
    "author": "axll****",
    "review": "엔딩해석을 알아도 허무함은 사라지지않는다",
    "rating": "7",
    "date": "15.01.04"
  },
  {
    "review_id": "9502943",
    "movie_id": "102291",
    "author": "ersy****",
    "review": "현대인의 자아상실에 관한 슬픈 자서전",
    "rating": "8",
    "date": "14.12.23"
  },
  {
    "review_id": "9456350",
    "movie_id": "102291",
    "author": "star****",
    "review": "난 예술 영화가 좋다. ㅎ",
    "rating": "10",
    "date": "14.12.07"
  },
  {
    "review_id": "9449364",
    "movie_id": "102291",
    "author": "afte****",
    "review": "긴장감없는 상황에서 계속해서 흐르는 긴장감 넘치는 음악에 질려버렸고 감독이 말하고자 하는 이야기도 그저 그런 심심한 영화...",
    "rating": "5",
    "date": "14.12.05"
  },
  {
    "review_id": "9362480",
    "movie_id": "102291",
    "author": "tear****",
    "review": "분열증에 걸리지 않으려 거추장스러운 장치들은 치열하게 걷어내고 재배열한 듯, 영화 속 기재들은 모두 메시지를 담고 있다. 프로이트 분석을 카프카가 이야기로 푼 듯.",
    "rating": "9",
    "date": "14.11.09"
  },
  {
    "review_id": "9333909",
    "movie_id": "102291",
    "author": "infi****",
    "review": "처음부터 끝까지 꿈처럼 몽환적이네요. 질할렌의 연기 기대했는데 두 캐릭터를 비슷한 느낌으로 연기하고 감독은 전작을 좋게봐서 기대했는데 단순한 설정하나로 90분간 관객을 심심하게 만든듯 별로 공감이 안되네요",
    "rating": "6",
    "date": "14.11.01"
  },
  {
    "review_id": "9327091",
    "movie_id": "102291",
    "author": "2137****",
    "review": "인간은 타자의 욕망을 끊임없이 욕망한다. 욕망의 표출이 낳은 비극.",
    "rating": "10",
    "date": "14.10.29"
  },
  {
    "review_id": "9313614",
    "movie_id": "102291",
    "author": "hyiw****",
    "review": "빌뇌브감독영화는 찬찬히 보기좋은듯",
    "rating": "9",
    "date": "14.10.24"
  },
  {
    "review_id": "9292636",
    "movie_id": "102291",
    "author": "chlq****",
    "review": "질렌할의 연기가 이 정도일 줄은",
    "rating": "7",
    "date": "14.10.14"
  },
  {
    "review_id": "9282929",
    "movie_id": "102291",
    "author": "hjsh****",
    "review": "좋다. 다 좋은데 거미 싫어하는사람 꼭봐라. 놀라 자빠질뻔했다.",
    "rating": "7",
    "date": "14.10.11"
  },
  {
    "review_id": "9244979",
    "movie_id": "102291",
    "author": "irul****",
    "review": "보는 이로 하여금 집중하게 한다.역시 결론적인것은 관객에게 돌리는 듯한 결말부분은나름 괜찮았다.감독이 바라보는 카메라의 시선들도 보기 좋았다.정말 독특한 영화이고 마지막에 나오는 OST또한 의미가 있어 보이는데...^^",
    "rating": "8",
    "date": "14.09.27"
  },
  {
    "review_id": "9238368",
    "movie_id": "102291",
    "author": "i4u9****",
    "review": "어렵지만  그래서 내 능력으로는 이해하기 어려웠지만  인터넷의 도움을 받으니 정말 대단한 영화라는 생각이 든 영화,,,",
    "rating": "10",
    "date": "14.09.24"
  },
  {
    "review_id": "9215764",
    "movie_id": "102291",
    "author": "mult****",
    "review": "잘 만든 퀴즈. 맞출 사람이 없어 문제지.",
    "rating": "7",
    "date": "14.09.14"
  },
  {
    "review_id": "9208135",
    "movie_id": "102291",
    "author": "inst****",
    "review": "라스트가 좀 허무하지만, 나랑 꼭닮은 사람이 이지구상 어딘가에 존재하지않을까? 라는 상상을 현실로 보여주는 영화..",
    "rating": "7",
    "date": "14.09.12"
  },
  {
    "review_id": "9194858",
    "movie_id": "102291",
    "author": "euna****",
    "review": "괜찮네.  신선해.  긴장감과 궁금증으로   영화전체를  짜냄",
    "rating": "7",
    "date": "14.09.09"
  },
  {
    "review_id": "9153585",
    "movie_id": "102291",
    "author": "clue****",
    "review": "사라마구와 드니빌뵈브, 두 천재에 대한 놀라움",
    "rating": "8",
    "date": "14.09.01"
  },
  {
    "review_id": "9131524",
    "movie_id": "102291",
    "author": "thea****",
    "review": "드럽게 재미없고 결말 완전 어이없구나",
    "rating": "1",
    "date": "14.08.25"
  },
  {
    "review_id": "9106714",
    "movie_id": "102291",
    "author": "jjib****",
    "review": "불편하지만 나름 새로운 경험",
    "rating": "8",
    "date": "14.08.18"
  },
  {
    "review_id": "9078690",
    "movie_id": "102291",
    "author": "jumm****",
    "review": "뭔지 모르지만 여배우들이 미인이라.",
    "rating": "6",
    "date": "14.08.13"
  },
  {
    "review_id": "9062599",
    "movie_id": "102291",
    "author": "ocea****",
    "review": "영화가 불친절해서 다보나서 참으로 머리가 아프지만 친구들이랑 이리저리 이야기 나눌게 많아서 재밌었어요 ㅎㅎ",
    "rating": "9",
    "date": "14.08.10"
  },
  {
    "review_id": "9052613",
    "movie_id": "102291",
    "author": "seom****",
    "review": "어렵다.... 하지만 재미있다 ! 해석성공^^",
    "rating": "10",
    "date": "14.08.08"
  },
  {
    "review_id": "9023276",
    "movie_id": "102291",
    "author": "k2a0****",
    "review": "이 영화는 한두번 봐야 그 깊은 의미를 알 수 있을듯! 개인적으로 여러생각하며 볼 수 있는 의미있는 영화라 생각한다!",
    "rating": "10",
    "date": "14.08.04"
  },
  {
    "review_id": "9011251",
    "movie_id": "102291",
    "author": "ykdi****",
    "review": "마지막 장면의 의미는?",
    "rating": "6",
    "date": "14.08.02"
  },
  {
    "review_id": "9008088",
    "movie_id": "102291",
    "author": "nice****",
    "review": "특유의 분위기로 인한 피곤함에도 불구하고 집중하게 만드는 놀라운 체험",
    "rating": "7",
    "date": "14.08.02"
  },
  {
    "review_id": "9006626",
    "movie_id": "102291",
    "author": "rlxo****",
    "review": "음...딱히 추천작은 아님",
    "rating": "7",
    "date": "14.08.02"
  },
  {
    "review_id": "8995602",
    "movie_id": "102291",
    "author": "wjsr****",
    "review": "담고있는 의미가 무엇이든.. 그게 감독의 과욕이던 아니던간에 잠재된 어떤 욕망을 묘하게 자극하는 흥미로운 이야기. 뭐..여성입장에선 불쾌할 수 있는 지극히 남성적인 욕망이지만... 근데 가장 좋아하는 그룹이 20대 여자라니 신기하다. 질렌할 때문인가?",
    "rating": "8",
    "date": "14.07.31"
  },
  {
    "review_id": "8973895",
    "movie_id": "102291",
    "author": "ksyi****",
    "review": "잘 나가다가 이게 뭔가?",
    "rating": "6",
    "date": "14.07.28"
  },
  {
    "review_id": "8970500",
    "movie_id": "102291",
    "author": "whee****",
    "review": "불명확한 영화들은 많고 이 가운데에도 좋은 작품들은 있다. 하지만 이 영화는 아니다. 표현하고자 하는 주제는 이미 많이 봐왔던거라 신선하지도 않은데 방식까지 고루하다. 온갖 상징과 은유가 겉멋으로 보인다. 마치 해석을 강요하는거 같아서 별로.",
    "rating": "6",
    "date": "14.07.27"
  },
  {
    "review_id": "8966151",
    "movie_id": "102291",
    "author": "ujin****",
    "review": "심리학적 지식을 갖고 있다면 더 재밌음..일반적인 스릴러물을 기대한다면 비추천.",
    "rating": "7",
    "date": "14.07.27"
  },
  {
    "review_id": "8952814",
    "movie_id": "102291",
    "author": "god9****",
    "review": "어렵다. 친절한 영화는 아니지만 제이크의 연기는 최고.",
    "rating": "6",
    "date": "14.07.24"
  },
  {
    "review_id": "8937297",
    "movie_id": "102291",
    "author": "guev****",
    "review": "이야기 전개가 너무 건조한데다가 영화속 이야기가 현실인지 현실이 아닌지 조차 구분 안되는 흐름으로 인하여 대중성을 잃어버리고 황급히 끝나는군",
    "rating": "5",
    "date": "14.07.21"
  },
  {
    "review_id": "8925683",
    "movie_id": "102291",
    "author": "pink****",
    "review": "재미있었어요 흥미진진",
    "rating": "9",
    "date": "14.07.17"
  },
  {
    "review_id": "8924005",
    "movie_id": "102291",
    "author": "adin****",
    "review": "쓸데없이 진지하다. 가오를 빼야.",
    "rating": "5",
    "date": "14.07.17"
  },
  {
    "review_id": "8911628",
    "movie_id": "102291",
    "author": "pand****",
    "review": "짧은 이야기를 길게 늘여놓음",
    "rating": "4",
    "date": "14.07.13"
  },
  {
    "review_id": "8903696",
    "movie_id": "102291",
    "author": "timb****",
    "review": "혼돈은 해석되지 않는 질서다.감독이 너무 혼돈에 빠진듯하다.제이크 질레한은 연기를 하면서 무슨 생각을 했을까? 혼돈 스러웠을거다.",
    "rating": "5",
    "date": "14.07.11"
  },
  {
    "review_id": "8900213",
    "movie_id": "102291",
    "author": "a109****",
    "review": "소재는 참신했는데 전개과정이 일반적이라 소재를 제대로 못살린듯 싶어서 아쉽다.",
    "rating": "6",
    "date": "14.07.10"
  },
  {
    "review_id": "8889857",
    "movie_id": "102291",
    "author": "ehwj****",
    "review": "중반까지 잔잔하게 보다가 갑자기 하룻밤이면 된다고 해서 이상하지만 계속 보다가 마지막 장면 보고 뭐지? 했다... 한동안 좀 멍했다가 얼른 검색해서 리뷰를 보니 그제서야 알았다.. 아 욕나올뻔했었네요ㅋㅋㅋ",
    "rating": "7",
    "date": "14.07.06"
  },
  {
    "review_id": "8878539",
    "movie_id": "102291",
    "author": "ygsi****",
    "review": "헤헷  그냥 주제사라마구 원작이라 본건데",
    "rating": "10",
    "date": "14.07.03"
  },
  {
    "review_id": "8878428",
    "movie_id": "102291",
    "author": "suta****",
    "review": "흥미롭고 몰입감있는 좋은 영화",
    "rating": "9",
    "date": "14.07.03"
  },
  {
    "review_id": "8877665",
    "movie_id": "102291",
    "author": "cara****",
    "review": "그 누구의 삶도 될수 없는 나의 삶",
    "rating": "7",
    "date": "14.07.03"
  },
  {
    "review_id": "8871792",
    "movie_id": "102291",
    "author": "tjki****",
    "review": "연기력, 연출 등 전반적으로 작품성은 뛰어나지만, 지나치게 철학적이고 메타포릭한 요소들로 불필요하게 이해도를 낮춘 영화...",
    "rating": "8",
    "date": "14.06.30"
  },
  {
    "review_id": "8871642",
    "movie_id": "102291",
    "author": "wlfa****",
    "review": "감독의 비유적 표현이 적절한듯 뛰어났고 제이크 질렌할의 연기가 영화의 완성도를 더 높였다.",
    "rating": "8",
    "date": "14.06.30"
  },
  {
    "review_id": "8870167",
    "movie_id": "102291",
    "author": "fire****",
    "review": "'혼돈은 해석되지않은 질서다'가 아니라 '질서는 해석되어진 혼돈이다' 더 잘어울리는것같다.",
    "rating": "9",
    "date": "14.06.30"
  },
  {
    "review_id": "8867898",
    "movie_id": "102291",
    "author": "gyfl****",
    "review": "있어보이는척 심오한척 무게있는척 하는 건 좋은데 재미는 있어야 할거 아니니?",
    "rating": "6",
    "date": "14.06.29"
  },
  {
    "review_id": "8866833",
    "movie_id": "102291",
    "author": "bles****",
    "review": "끊적하게 끌고 가지 못하는 기괴함",
    "rating": "6",
    "date": "14.06.29"
  },
  {
    "review_id": "8866353",
    "movie_id": "102291",
    "author": "wjdd****",
    "review": "남성중심 빼고 굳, 큐브릭의 와이즈 와이드 셧이 생각나지만... 조금 아쉬웠다.",
    "rating": "9",
    "date": "14.06.29"
  },
  {
    "review_id": "8864030",
    "movie_id": "102291",
    "author": "bisi****",
    "review": "내안의 다른나...혼동 혼란  저질스러운 일이라고 하더라도..그런것들이 나쁜것이라고 정의할수있는 기준과 잣대는 과연있는걸까?혼동은 아직 규정되어지지않은 규칙일수도 있지않을까! 생각하게만드는영화다",
    "rating": "10",
    "date": "14.06.28"
  },
  {
    "review_id": "8855614",
    "movie_id": "102291",
    "author": "ogr5****",
    "review": "거미줄처럼 퍼져 나가는 혼돈의 의식 속에서.",
    "rating": "6",
    "date": "14.06.25"
  },
  {
    "review_id": "8854520",
    "movie_id": "102291",
    "author": "pass****",
    "review": "비밀클럽 꿈에서 엿볼 수 있었던 임신녀와의 섹스에 대한 갈망을 역시 꿈에서 해결. 우리 두 여신님들에 고마울 따름",
    "rating": "5",
    "date": "14.06.25"
  },
  {
    "review_id": "8854302",
    "movie_id": "102291",
    "author": "b744****",
    "review": "잘 모르겠어서 죄송합니다.",
    "rating": "5",
    "date": "14.06.25"
  },
  {
    "review_id": "8853663",
    "movie_id": "102291",
    "author": "hunk****",
    "review": "도플갱어라는 자칫 지루할 수 있는 소재로 정말 신선한 연출을 한 것 같다. 결말이 정말 헷갈려서 검색해봤더니 드디어 이해가 되더라",
    "rating": "9",
    "date": "14.06.25"
  },
  {
    "review_id": "8851919",
    "movie_id": "102291",
    "author": "wing****",
    "review": "-28도의 억눌린 분위기 속 지워지지 않은 찝찝한 8다리",
    "rating": "6",
    "date": "14.06.24"
  },
  {
    "review_id": "8851769",
    "movie_id": "102291",
    "author": "hose****",
    "review": "로보캅도 재미없고 이 영화도 재미없다 대중적이다라고 할수는 없고 이영화는 코드가 맞아야한다 이영화가 말할수있는게 신기하고 욕망덩어리를 표현한다 다른시선으로는 더럽고 이상하고 해보고싶고 등을 느끼게 한다  가가가가 이말표현이 맞는 영화인듯",
    "rating": "6",
    "date": "14.06.24"
  },
  {
    "review_id": "8850650",
    "movie_id": "102291",
    "author": "ride****",
    "review": "이건몬가....주려는듯 주려는듯....주지못한....글쎄다....",
    "rating": "8",
    "date": "14.06.24"
  },
  {
    "review_id": "8850365",
    "movie_id": "102291",
    "author": "korn****",
    "review": "카오스-여자-거미-에너미로 단순하게 설명할 수 있지만 거미와 관련없는 메리가 감독의 의도를 아리송하게 한다. 역사적으로 끊임없이 반복된 여성에 대한 남성의 눈물겨운 통제욕구는 태생적으로 허망하다.",
    "rating": "7",
    "date": "14.06.24"
  },
  {
    "review_id": "8849146",
    "movie_id": "102291",
    "author": "ddab****",
    "review": "로보캅보다 재밌게봤네요 밑에분들은 자의식 과잉이 뭔지나 알고 쓰는건가ㅋㅋ",
    "rating": "10",
    "date": "14.06.23"
  },
  {
    "review_id": "8848368",
    "movie_id": "102291",
    "author": "mktj****",
    "review": "도플갱어에 관한 영화인것 같은데... 새롭웠다...실제로 내 도플갱어를 보게된다면 정말 신기할것 같다...영화에선 서로 많이 당황스러워 하고 이용하고 심오하게 나오는데...난 왠지 반갑고 신기할 것 같다... 만나보고싶다...",
    "rating": "8",
    "date": "14.06.23"
  },
  {
    "review_id": "8848118",
    "movie_id": "102291",
    "author": "perh****",
    "review": "허세를 벗고 속도를 입었으면 좋았을듯... 제이크 질렌할의 연기가 아깝다",
    "rating": "6",
    "date": "14.06.22"
  },
  {
    "review_id": "8848104",
    "movie_id": "102291",
    "author": "kims****",
    "review": "반드시 영화를 보고 난 후에 '완벽 해석' 검색해서 숨겨진 뜻들을 파악해보시길..^^",
    "rating": "9",
    "date": "14.06.22"
  },
  {
    "review_id": "8847785",
    "movie_id": "102291",
    "author": "zoon****",
    "review": "영화 잼나네. 내가 변태라서 그런가?ㅎㅎ",
    "rating": "8",
    "date": "14.06.22"
  },
  {
    "review_id": "8846770",
    "movie_id": "102291",
    "author": "rhkd****",
    "review": "연기도 잘하고  스토리도  짱",
    "rating": "10",
    "date": "14.06.22"
  },
  {
    "review_id": "8845295",
    "movie_id": "102291",
    "author": "ljm1****",
    "review": "플롯빼고 다 좋은 영화. 권태를 느끼는 개인의 내면까지 좋았는데 결국 해소는 성 ? 두 자아의 충돌이 일어났는데 남는게 그것뿐? 결국 또 다른 권태만을 낳은 진부하고 낡은 설정. 해석되지 않은 혼돈이라고 했으나, 해석할 것도 없는 거미만 있는 영화",
    "rating": "6",
    "date": "14.06.21"
  },
  {
    "review_id": "8845224",
    "movie_id": "102291",
    "author": "jeon****",
    "review": "나는 욕망하는 것을 꿈꾸고 있는가 그것조차 느끼지 못하고 길들여져 살고 있는가.... 우리가 원하는 욕망은 어떻게 우리세상 안에서 발현되는가",
    "rating": "7",
    "date": "14.06.21"
  },
  {
    "review_id": "8843530",
    "movie_id": "102291",
    "author": "inna****",
    "review": "제이크 팬이고 원작도 괜찮다하여 고대하다 본건데 정말 재미없었다.  이렇게 지루할수가! 영화 자체는 잘 만든 영화. 하지만 재미가 없고 내용 자체도 애매해서 보는데 고역이었음",
    "rating": "2",
    "date": "14.06.21"
  },
  {
    "review_id": "8841502",
    "movie_id": "102291",
    "author": "dudd****",
    "review": "짜릿함 없는 일탈의 망상",
    "rating": "6",
    "date": "14.06.19"
  },
  {
    "review_id": "8841339",
    "movie_id": "102291",
    "author": "hong****",
    "review": "저 스토리를 스파이던맨으로 연결 고리를 이여가면 딱이겠넹",
    "rating": "6",
    "date": "14.06.19"
  },
  {
    "review_id": "8841168",
    "movie_id": "102291",
    "author": "murd****",
    "review": "주제 사라마구가 보지 못한  것이 다행",
    "rating": "4",
    "date": "14.06.19"
  },
  {
    "review_id": "8841062",
    "movie_id": "102291",
    "author": "may0****",
    "review": "분위기가 맘에 들어서 그냥  봤는데 이해가 제대로 되지는 않아서 해석을 찾아읽어봤더니 진짜 멋스러운 영화라는 생각이 든다.  결말도 맘에 든다. 근데ㅠ진짜 이런 류의 영화 나도 한번 보고 다 이해하고싶다ㅜ해석하는 사람들 진짜 똑똑한듯ㅜ",
    "rating": "10",
    "date": "14.06.19"
  },
  {
    "review_id": "8840891",
    "movie_id": "102291",
    "author": "choi****",
    "review": "지루할듯 하면서 지루하지는 않지만 너무 몽환적이라 내용이 난해해짐.",
    "rating": "6",
    "date": "14.06.19"
  }
]