[
  {
    "review_id": "10277847",
    "movie_id": "102272",
    "author": "tmtk****",
    "review": "재밌어여요요여요여여영",
    "rating": "10",
    "date": "15.08.27"
  },
  {
    "review_id": "10277826",
    "movie_id": "102272",
    "author": "love****",
    "review": "최고의영화 요즘영화들과는 절대비교조차할수없음.눈물이나고 마음이아파서..그때난..이일조차몰랏다는게 참 한심ㅠㅠ  아이의아빠이자 남편이자 아들인 그분들께.죄송하다는말씀과이영화를만들어주셔서 감사합니다,",
    "rating": "10",
    "date": "15.08.27"
  },
  {
    "review_id": "10277794",
    "movie_id": "102272",
    "author": "spri****",
    "review": "여러분이 있어 우리가 편안한 일상을 보낼 수 있습니다. 감사합니다. 고인의 명복과 유가족의 안녕을 빕니다...",
    "rating": "10",
    "date": "15.08.27"
  },
  {
    "review_id": "10277784",
    "movie_id": "102272",
    "author": "solv****",
    "review": "이유불문! 대한민국 국민이라면 잊지말아야하는 우리들이 처한 현실이다. 오늘 혹은 내일이라도 같은 일이 발생할수 있음을 잊지말자. 대한민국은 아직도 휴전국이다.",
    "rating": "10",
    "date": "15.08.27"
  },
  {
    "review_id": "10277737",
    "movie_id": "102272",
    "author": "wlsg****",
    "review": "연평해전 군인들 고생한것도 알겠고, dj가 무책임했던거도 알겠는데..영화자체가 진심 재미없음...",
    "rating": "4",
    "date": "15.08.27"
  },
  {
    "review_id": "10277715",
    "movie_id": "102272",
    "author": "hae2****",
    "review": "영화를  보는동안 한눈을 팔수가 없었음!",
    "rating": "10",
    "date": "15.08.27"
  },
  {
    "review_id": "10277084",
    "movie_id": "102272",
    "author": "roma****",
    "review": "절대 잊지않겠습니다. 그들이 지켜준 오늘을 .",
    "rating": "10",
    "date": "15.08.26"
  },
  {
    "review_id": "10276949",
    "movie_id": "102272",
    "author": "sunn****",
    "review": "재밌고감동적입니다고ㅇ백입니다",
    "rating": "9",
    "date": "15.08.26"
  },
  {
    "review_id": "10276883",
    "movie_id": "102272",
    "author": "cmy0****",
    "review": "재밌습니다 부모님과함께여서 더 즐거운시간",
    "rating": "10",
    "date": "15.08.26"
  },
  {
    "review_id": "10276853",
    "movie_id": "102272",
    "author": "sy15****",
    "review": "태극기 덮으시고 하늘에서 무궁한 영광 누리시길..",
    "rating": "9",
    "date": "15.08.26"
  },
  {
    "review_id": "10276778",
    "movie_id": "102272",
    "author": "yong****",
    "review": "영화의 재미라기 보다 대한민국의 군인이 자랑스럽다.",
    "rating": "10",
    "date": "15.08.26"
  },
  {
    "review_id": "10276700",
    "movie_id": "102272",
    "author": "cyj2****",
    "review": "2002년도..다른것에 관심을 가졌던게너무 죄송스럽습니다ㅠㅠ당신들을 잊지 않겠습니다!",
    "rating": "9",
    "date": "15.08.26"
  },
  {
    "review_id": "10276695",
    "movie_id": "102272",
    "author": "star****",
    "review": "눈물납니다...한번쯤 봤으면 하는 영화",
    "rating": "10",
    "date": "15.08.26"
  },
  {
    "review_id": "10276488",
    "movie_id": "102272",
    "author": "delf****",
    "review": "가슴아픈 사건을 다시한번 되새기며 우리가기억해야하고 교훈으로삼아 많은국민들이 이영화를보며 다시한번 애국심을 되새겼으면 합니다",
    "rating": "9",
    "date": "15.08.26"
  },
  {
    "review_id": "10276401",
    "movie_id": "102272",
    "author": "choi****",
    "review": "너무재밋게봣습니다 정말짱이네요",
    "rating": "10",
    "date": "15.08.26"
  },
  {
    "review_id": "10276346",
    "movie_id": "102272",
    "author": "habi****",
    "review": "그니깐 정확히 이번 싸움시작의 원인은 북한이라 이말맞죠?ㅎ웃기다",
    "rating": "4",
    "date": "15.08.26"
  },
  {
    "review_id": "10276321",
    "movie_id": "102272",
    "author": "ahrc****",
    "review": "죄송하고 사랑하고 수고하셨습니다....정말 많이 울었습니다....삼가 고인의 명복을 빕니다.",
    "rating": "10",
    "date": "15.08.26"
  },
  {
    "review_id": "10276257",
    "movie_id": "102272",
    "author": "siel****",
    "review": "1234567789",
    "rating": "10",
    "date": "15.08.26"
  },
  {
    "review_id": "10275903",
    "movie_id": "102272",
    "author": "toom****",
    "review": "감동100배 , 안보신분들 한번 보시면 좋을듯",
    "rating": "10",
    "date": "15.08.26"
  },
  {
    "review_id": "10275813",
    "movie_id": "102272",
    "author": "jhyu****",
    "review": "군미필자, 군필자 반드시 봐야할 영화",
    "rating": "9",
    "date": "15.08.26"
  },
  {
    "review_id": "10275492",
    "movie_id": "102272",
    "author": "hany****",
    "review": "대한민국 해군으로써 dj를 혐오하는건  최대다수의 행복을  죽은 젊은이들의 목숨과 그들 가족의 슬픔보다 중하게여겼기때문이다. 손바닥으로 하늘을 가린다고 하늘이 가려지는게 아니다.",
    "rating": "10",
    "date": "15.08.26"
  },
  {
    "review_id": "10275435",
    "movie_id": "102272",
    "author": "dbgm****",
    "review": "...특히 장례식장면은 눈물을 안흘릴수 없었다.",
    "rating": "10",
    "date": "15.08.26"
  },
  {
    "review_id": "10275406",
    "movie_id": "102272",
    "author": "dltm****",
    "review": "그냥 꼭 봐야하는 영화 꼭보세요ㅠㅠ",
    "rating": "10",
    "date": "15.08.26"
  },
  {
    "review_id": "10275340",
    "movie_id": "102272",
    "author": "dusg****",
    "review": "실제저상황에 놓이셨던 분들 얼마나 무섭고 힘들었을까하는 생각에 맘이 아팠네요",
    "rating": "9",
    "date": "15.08.26"
  },
  {
    "review_id": "10275269",
    "movie_id": "102272",
    "author": "akfl****",
    "review": "그들은 영웅입니다 보는내내 눈물이..",
    "rating": "10",
    "date": "15.08.26"
  },
  {
    "review_id": "10275114",
    "movie_id": "102272",
    "author": "dudt****",
    "review": "대한국민  군대가 역시 최고입니다~~",
    "rating": "10",
    "date": "15.08.25"
  },
  {
    "review_id": "10274976",
    "movie_id": "102272",
    "author": "ddd1****",
    "review": "누군가가 평가할 누군가에게 평가될 영화가 아니에요.절대.",
    "rating": "10",
    "date": "15.08.25"
  },
  {
    "review_id": "10274937",
    "movie_id": "102272",
    "author": "rnrn****",
    "review": "이 영화를 보고 4~5점 준 평론가들은 최소 빨갱이 매국노 친일파",
    "rating": "10",
    "date": "15.08.25"
  },
  {
    "review_id": "10274779",
    "movie_id": "102272",
    "author": "rmad****",
    "review": "물론군인분들의희생은너무나도슬펐습니다하지만이런영화는나와선안됩니다김대중대통령께서장례식에참가못한건박정희가만든법때문에어쩔수없었고그후김대중대통령께서법을바꾸시고위로금도더많이주는쪽으로바꿨죠감독님은도대체왜김대중대통령의의도와전혀다르게표현하셨나요나와선안될영화입니다",
    "rating": "1",
    "date": "15.08.25"
  },
  {
    "review_id": "10274638",
    "movie_id": "102272",
    "author": "beom****",
    "review": "이 영화 진짜 감동됩니다, 그래서 울뻔했어요. 우리나라를 지켜주시는 해군 장병들께 감사해야겠습니다.",
    "rating": "10",
    "date": "15.08.25"
  },
  {
    "review_id": "10274582",
    "movie_id": "102272",
    "author": "poo5****",
    "review": "미안하고 감사하고 안타깝고 한민족이란 말이 지금은 딱!!하기싫어지네요 감사합니다 그리고정말 미안해요 ㅜㅠ",
    "rating": "10",
    "date": "15.08.25"
  },
  {
    "review_id": "10274421",
    "movie_id": "102272",
    "author": "wlwl****",
    "review": "보는  내내  눈물이  멈추지 않았던  영화",
    "rating": "10",
    "date": "15.08.25"
  },
  {
    "review_id": "10274299",
    "movie_id": "102272",
    "author": "s920****",
    "review": "우리가 겪었던 실제 사건이 주는 생생한 교훈",
    "rating": "7",
    "date": "15.08.25"
  },
  {
    "review_id": "10274159",
    "movie_id": "102272",
    "author": "tndu****",
    "review": "아버지와 함께 감상했습니다. 감동 성공적",
    "rating": "8",
    "date": "15.08.25"
  },
  {
    "review_id": "10274120",
    "movie_id": "102272",
    "author": "dudw****",
    "review": "기대하겟습니다.!!!",
    "rating": "10",
    "date": "15.08.25"
  },
  {
    "review_id": "10274037",
    "movie_id": "102272",
    "author": "wlsg****",
    "review": "정말재밌엇어요 짱짱 굳굳",
    "rating": "10",
    "date": "15.08.25"
  },
  {
    "review_id": "10273984",
    "movie_id": "102272",
    "author": "ben6****",
    "review": "좋소~좋소~좋소~좋소~",
    "rating": "10",
    "date": "15.08.25"
  },
  {
    "review_id": "10273921",
    "movie_id": "102272",
    "author": "wltn****",
    "review": "연평해전 꿀잼 이런영화많이나왔음좋겠다 눈물바다다 진쫭",
    "rating": "10",
    "date": "15.08.25"
  },
  {
    "review_id": "10273259",
    "movie_id": "102272",
    "author": "droo****",
    "review": "국군홍보단에서 만드는 국군홍보영화 보다 더 낮은 클래스의 영화라고 보면된다.  글쎄 평점은 사람들이 연평해전에서 희생당한 해군들의 숭고한 호국정신에 준 평점이라고 본다. 영화 자체만으로 평가했을때는 1점도 받기 힘든 영화.",
    "rating": "1",
    "date": "15.08.25"
  },
  {
    "review_id": "10273199",
    "movie_id": "102272",
    "author": "nora****",
    "review": "우리나라 사람이라면 한번쯤 보면 좋겠다싶은 영화였습니다.",
    "rating": "9",
    "date": "15.08.25"
  },
  {
    "review_id": "10273160",
    "movie_id": "102272",
    "author": "eded****",
    "review": "우리를위해싸운군인을기도해줍시다~^^나이영화봤어영 ㅠㅠ 넘슬퍼 실제로일어나서 더슬퍼..",
    "rating": "10",
    "date": "15.08.25"
  },
  {
    "review_id": "10273155",
    "movie_id": "102272",
    "author": "cati****",
    "review": "연평해전에서 최선을 다한 해군을 응원합니다. 하지만 영화 수준은 딱 1점도 과분하지요^^*",
    "rating": "1",
    "date": "15.08.25"
  },
  {
    "review_id": "10273104",
    "movie_id": "102272",
    "author": "khun****",
    "review": "이당시 상황을 다시생각하게하는!",
    "rating": "10",
    "date": "15.08.25"
  },
  {
    "review_id": "10273091",
    "movie_id": "102272",
    "author": "skyo****",
    "review": "연평해전에 대한 역사의식은 알겠다고..  그래도.. 진부하기 짝이 없는 스토리와 도무지 의도를 알 수 없는 연출의 신파영화에 10점은 아니잖아.   변호인? 그 영화는 다 떠나서 연출 잘했잖아... 그런거 따지지 말자 좀. 영화는 영화다.",
    "rating": "1",
    "date": "15.08.25"
  },
  {
    "review_id": "10272974",
    "movie_id": "102272",
    "author": "gtow****",
    "review": "그대들의 고귀한 희생을 잊지 않겠습니다. 영원토록...",
    "rating": "10",
    "date": "15.08.25"
  },
  {
    "review_id": "10272965",
    "movie_id": "102272",
    "author": "tofr****",
    "review": "너무 훌륭하고 좋은 영화입니다. 국군장병들 감사합니다",
    "rating": "10",
    "date": "15.08.25"
  },
  {
    "review_id": "10272923",
    "movie_id": "102272",
    "author": "hyun****",
    "review": "사실 영화자체의 재미는 별로였지만 영화가 주는 의미를 모든사람들이 알았으면 합니다... 대한민국을 지켜주셔서 정말 감사합니다",
    "rating": "9",
    "date": "15.08.25"
  },
  {
    "review_id": "10272758",
    "movie_id": "102272",
    "author": "ckh0****",
    "review": "희생당한 우리의 젊은이들을 위해 10점의 의미인 1점을 부여한다. 하지만 영화 자체는 너무나 쓰레기여서 0점을 준다.이건 영화라고 볼수없다.",
    "rating": "1",
    "date": "15.08.25"
  },
  {
    "review_id": "10272716",
    "movie_id": "102272",
    "author": "dela****",
    "review": "이 영화를 비판하고 해군을 모독하는 쓰레기놈들은 다 지옥에나 떨어져라. 삼가 영웅들의 명복을 빕니다.",
    "rating": "10",
    "date": "15.08.25"
  },
  {
    "review_id": "10272394",
    "movie_id": "102272",
    "author": "lect****",
    "review": "대한민국 군필자로서 진짜 피가 끓는다.",
    "rating": "10",
    "date": "15.08.24"
  },
  {
    "review_id": "10272364",
    "movie_id": "102272",
    "author": "cjee****",
    "review": "저희남편 해군이고 고속정타는대요 지금도집에못들어오고 이영화 보고나서 많이 울엇네요너무 미안해서요 집에 못온다고 또출동가냐고퉁퉁거린게 너무 미안하네요참 많은 것을 느끼게 해준 영화이구 자랑스럽네요정말 감사합니다 잊지않을게요여보고마워 사랑해♡",
    "rating": "10",
    "date": "15.08.24"
  },
  {
    "review_id": "10272350",
    "movie_id": "102272",
    "author": "mono****",
    "review": "고인들의 숭고한 피로 안보장사는 하지말라",
    "rating": "4",
    "date": "15.08.24"
  },
  {
    "review_id": "10272159",
    "movie_id": "102272",
    "author": "dhen****",
    "review": "절대 연평해전의 그날을 잊어선 안된다. 그분들의 희생을 기억하여야하며 북도발시 두배 세배 백배 응징하여야한다. 영화를 보고 너무 눈물나고 분했다. 고맙습니다. 감사합니다. 필 승.",
    "rating": "10",
    "date": "15.08.24"
  },
  {
    "review_id": "10272006",
    "movie_id": "102272",
    "author": "4258****",
    "review": "음 그냥 쏘쏘ㅎㅎㅎ그래도 잼잇엇어요",
    "rating": "5",
    "date": "15.08.24"
  },
  {
    "review_id": "10271920",
    "movie_id": "102272",
    "author": "kdw3****",
    "review": "너무너무너무너무 재밋다",
    "rating": "10",
    "date": "15.08.24"
  },
  {
    "review_id": "10271831",
    "movie_id": "102272",
    "author": "mrgy****",
    "review": "다큐인지 영화인지 정체성을 잃은 픽셀덩어리",
    "rating": "1",
    "date": "15.08.24"
  },
  {
    "review_id": "10271801",
    "movie_id": "102272",
    "author": "wrtu****",
    "review": "진짜 진짜 최고!!!!",
    "rating": "10",
    "date": "15.08.24"
  },
  {
    "review_id": "10271690",
    "movie_id": "102272",
    "author": "viki****",
    "review": "이런일이 있었다는걸 영화보고 알게되어 부끄러웠습니다.",
    "rating": "10",
    "date": "15.08.24"
  },
  {
    "review_id": "10271680",
    "movie_id": "102272",
    "author": "jvc1****",
    "review": "눈물난다. 가슴이 뭉클하다 ㅠㅠ",
    "rating": "10",
    "date": "15.08.24"
  },
  {
    "review_id": "10271647",
    "movie_id": "102272",
    "author": "orth****",
    "review": "인생을 살아가면서 이렇게 깨달음을 주는 영화는 처음인 것 같다. 죽기전에 꼭 한번 봐야 될 영화라고 말하고 싶다.그대들이 있어 대한민국이 안전합니다. 정말 고맙습니다. 충성!",
    "rating": "10",
    "date": "15.08.24"
  },
  {
    "review_id": "10271498",
    "movie_id": "102272",
    "author": "pihw****",
    "review": "너무나 안타까웠어요.숨죽이며 봤네요",
    "rating": "7",
    "date": "15.08.24"
  },
  {
    "review_id": "10271329",
    "movie_id": "102272",
    "author": "shn8****",
    "review": "재미따재미따재미따재미따",
    "rating": "10",
    "date": "15.08.24"
  },
  {
    "review_id": "10271148",
    "movie_id": "102272",
    "author": "mk03****",
    "review": "감동 ㅠㅠ아주좋아요룰루",
    "rating": "10",
    "date": "15.08.24"
  },
  {
    "review_id": "10271020",
    "movie_id": "102272",
    "author": "papa****",
    "review": "순국선열들을 이용해서 친일파들이 자기들 권력을 지키려고 한다. 영화 초반에 NLL 설명은 거짓말이다. 북한은 NLL을 인정하지 않았다. 김대중은 박정희가 베트남전 때 만든 법에 의해 영결식에 가지 못한 것이다. 권력에 이용당하는 순국선열들이 참 불쌍타",
    "rating": "1",
    "date": "15.08.24"
  },
  {
    "review_id": "10270810",
    "movie_id": "102272",
    "author": "styl****",
    "review": "폭풍눈물.. .감동....ㅜㅜ",
    "rating": "10",
    "date": "15.08.24"
  },
  {
    "review_id": "10270778",
    "movie_id": "102272",
    "author": "hcy0****",
    "review": "나보다 어린 사람들이었다..생각할수록 가슴이 뜨거워지는 영화",
    "rating": "10",
    "date": "15.08.24"
  },
  {
    "review_id": "10270713",
    "movie_id": "102272",
    "author": "4432****",
    "review": "많은것을 생각하게 하는 영화",
    "rating": "8",
    "date": "15.08.24"
  },
  {
    "review_id": "10270641",
    "movie_id": "102272",
    "author": "enti****",
    "review": "초반에 약간 지루했지만 정말 중후반부 부터는 계속 닭살 돋고 감동이었습니다 ㅠㅠ",
    "rating": "8",
    "date": "15.08.24"
  },
  {
    "review_id": "10270622",
    "movie_id": "102272",
    "author": "chhd****",
    "review": "감동적인 우리 해군들입니다",
    "rating": "10",
    "date": "15.08.24"
  },
  {
    "review_id": "10270432",
    "movie_id": "102272",
    "author": "bitn****",
    "review": "펑펑울면서 봤지만 영화 자체로는 별로.. 못만든거같다",
    "rating": "6",
    "date": "15.08.24"
  },
  {
    "review_id": "10270193",
    "movie_id": "102272",
    "author": "uw79****",
    "review": "필승  해상병 557기 의무병과 권순기입니다.너무나도 고맙고 감사합니다.그리고 존경합니다.필승.",
    "rating": "10",
    "date": "15.08.24"
  },
  {
    "review_id": "10270146",
    "movie_id": "102272",
    "author": "ks50****",
    "review": "젊음을 나라에 바친 용사들에게 진심으로 감사드립니다",
    "rating": "10",
    "date": "15.08.24"
  },
  {
    "review_id": "10270118",
    "movie_id": "102272",
    "author": "kdh4****",
    "review": "감사합니다... 하늘에서는 편하게지내세요...",
    "rating": "10",
    "date": "15.08.24"
  },
  {
    "review_id": "10270058",
    "movie_id": "102272",
    "author": "yzoo****",
    "review": "너무 슬프고 화가 났지만 오늘까지 연평해전에 대해 제대로 알고있지도 않았다는 사실에 눈물 흘리는 것도 죄송했습니다. 감사합니다. 잊지 않겠습니다. 현명한 나라가 될 수있도록 공부하고 또 공부하겠습니다.",
    "rating": "10",
    "date": "15.08.24"
  },
  {
    "review_id": "10269918",
    "movie_id": "102272",
    "author": "qkqj****",
    "review": "감사합니다. 잊지 않겠습니다.",
    "rating": "10",
    "date": "15.08.24"
  },
  {
    "review_id": "10269839",
    "movie_id": "102272",
    "author": "gomh****",
    "review": "꼭 보고 평점을 남겨주세요.",
    "rating": "2",
    "date": "15.08.24"
  },
  {
    "review_id": "10269820",
    "movie_id": "102272",
    "author": "wkdd****",
    "review": "말이 필요없다 정말 감사합니다",
    "rating": "10",
    "date": "15.08.24"
  },
  {
    "review_id": "10269762",
    "movie_id": "102272",
    "author": "mali****",
    "review": "솔직히 영화 완성도만 보면 너무 지루하고 후가 예상될 정도로 전개가 이상하다. 이래서 내가 한국영화는 극장에서 안보지... 너무 연평해전 그 자체를 재현하려다 보니 너무 안일하다. 애국심에 보는 영화. 그래도 진구의 연기는 일품이였다.",
    "rating": "6",
    "date": "15.08.24"
  },
  {
    "review_id": "10269065",
    "movie_id": "102272",
    "author": "tldi****",
    "review": "감사합니다감사합니다",
    "rating": "10",
    "date": "15.08.23"
  },
  {
    "review_id": "10269012",
    "movie_id": "102272",
    "author": "rhdn****",
    "review": "자기목숨을 바쳐 희생하신 분들이 있기에 지금의 우리가 평화롭게 살 수 있었다. 앞으로 어떤일이 일어날지 모르지만 이분들 처럼 희생자가 나오지 않도록 정부에서 미리 대책을 세워두고 그 대책을 잘 실행해야만 우리가 잘 살아갈 수있는 방법인것 같다.",
    "rating": "10",
    "date": "15.08.23"
  },
  {
    "review_id": "10268934",
    "movie_id": "102272",
    "author": "nmmi****",
    "review": "안울려고했는데 눈물이 나오더군요.. 나라를 지켜주셔서 감사합니다..",
    "rating": "10",
    "date": "15.08.23"
  },
  {
    "review_id": "10268561",
    "movie_id": "102272",
    "author": "vip3****",
    "review": "1시간 16분 50초 부터 봐라. 김대중의 햇볕정책의 결과를 똑똑히 볼 수 있을 것이다",
    "rating": "8",
    "date": "15.08.23"
  },
  {
    "review_id": "10268290",
    "movie_id": "102272",
    "author": "wasw****",
    "review": "내가 미쳤지 왜 이런 영화를 봤을까 ...;",
    "rating": "5",
    "date": "15.08.23"
  },
  {
    "review_id": "10268238",
    "movie_id": "102272",
    "author": "wldl****",
    "review": "내가 미쳤지 왜 이런 영화를 이제야 봤을까 ...;",
    "rating": "10",
    "date": "15.08.23"
  },
  {
    "review_id": "10267884",
    "movie_id": "102272",
    "author": "skes****",
    "review": "2002년 월드컵에 취해 있을때 목숨바쳐 나라를 지킨 분들!!!  그덕에 대한민국이 있고, 우리의 진정한 영웅이다!!!",
    "rating": "10",
    "date": "15.08.23"
  },
  {
    "review_id": "10267862",
    "movie_id": "102272",
    "author": "uiou****",
    "review": "연출을보지말고. 주연들의 연기를보지말고 .스크린이 어쨌다저쨌다 하지말고 오로지 내용만을 봐야한다. 연평해전이 있었다는.. 월드컵으로 아무것도 몰랐던 알려고도하지않았던 우리의부끄러움  그날의 일들을 우린 기억해야할것이다.",
    "rating": "10",
    "date": "15.08.23"
  },
  {
    "review_id": "10267847",
    "movie_id": "102272",
    "author": "magi****",
    "review": "우리가 왜곡하지 말아야할 진실의 눈을 보여준 꼭 봐야할 영화입니다. 나라를 위해 젊은 생을 마감하신 해군 장병들에게 조의를 표합니다.",
    "rating": "10",
    "date": "15.08.23"
  },
  {
    "review_id": "10267764",
    "movie_id": "102272",
    "author": "1won****",
    "review": "너무슬퍼요 우리가 편안할수있는건 여러분들의목숨값입니다",
    "rating": "9",
    "date": "15.08.23"
  },
  {
    "review_id": "10267533",
    "movie_id": "102272",
    "author": "rpt3****",
    "review": "어린애들일뿐인데  나라지키다 죽엇는데 고작 돈도 얼마못받고 세월호의 열배는 덜받앗으려나  더보상해라 김대중 존경햇는데 이영화서는 정말 너무 미웟다 평화정책이먼지 ..공격못하게해서 개죽음을 이끈이유기때문에",
    "rating": "10",
    "date": "15.08.23"
  },
  {
    "review_id": "10267484",
    "movie_id": "102272",
    "author": "kpcc****",
    "review": "다음 장면을 예언할 수 있을 정도로 영화적 연출이 너무 안일하고 뻔했다. 소재가 좋다고 영화마저 저절로 좋아지는 건 아니니까.",
    "rating": "2",
    "date": "15.08.23"
  },
  {
    "review_id": "10267440",
    "movie_id": "102272",
    "author": "rane****",
    "review": "가슴아프고 감동...",
    "rating": "10",
    "date": "15.08.23"
  },
  {
    "review_id": "10267401",
    "movie_id": "102272",
    "author": "clzl****",
    "review": "분명히 알려져야할 사건이다. 그당시에는 다들 월드컵에 눈이 가려있었으니 말이다.하지만, 실화를 다룬 영화인데 포격당하는 장면 빼고, 디테일적이며 사실적인 내용이 부족하다. 사건의 원인을 영화에서 정하지말고, 관객이 선택하도록 했었다면...",
    "rating": "7",
    "date": "15.08.23"
  },
  {
    "review_id": "10267332",
    "movie_id": "102272",
    "author": "wowd****",
    "review": "그냥볼만했었음....",
    "rating": "6",
    "date": "15.08.23"
  },
  {
    "review_id": "10267309",
    "movie_id": "102272",
    "author": "tndu****",
    "review": "절대 그날을 잊으면 안된다.!!!지켜주셔서 감사합니다. 진심으로 존경합니다.",
    "rating": "10",
    "date": "15.08.23"
  },
  {
    "review_id": "10267158",
    "movie_id": "102272",
    "author": "hjkh****",
    "review": "대한민국의 국민이라면 꼭 봐야하는 영화다!!!",
    "rating": "10",
    "date": "15.08.23"
  },
  {
    "review_id": "10267016",
    "movie_id": "102272",
    "author": "nini****",
    "review": "눈물펑펑...감사합니다",
    "rating": "10",
    "date": "15.08.23"
  },
  {
    "review_id": "10266975",
    "movie_id": "102272",
    "author": "lari****",
    "review": "짱짱짱~부모님이 무척이나 좋아하셨어욧!!",
    "rating": "9",
    "date": "15.08.23"
  },
  {
    "review_id": "10266570",
    "movie_id": "102272",
    "author": "uyks****",
    "review": "재밌어요ㅛ!감동적이구!!!",
    "rating": "10",
    "date": "15.08.23"
  },
  {
    "review_id": "10266537",
    "movie_id": "102272",
    "author": "lkm5****",
    "review": "정말 슬픈영화... 꼭봐야될영화...",
    "rating": "10",
    "date": "15.08.23"
  },
  {
    "review_id": "10266487",
    "movie_id": "102272",
    "author": "shs2****",
    "review": "영화를 보기전까지 당시 상황에 대해 자세히 알지 못핫였어요.나라를 지켜주시는 분들에 대한 고마움을 느끼게 해준 영화입니다.. 삼가 고인들의 명복을 빕니다..",
    "rating": "10",
    "date": "15.08.23"
  }
]