[
  {
    "review_id": "10184151",
    "movie_id": "102309",
    "author": "jung****",
    "review": "최대한 몰입해서 보려고 노력하고  자막이 많아 잠시 놓친 자막까지도 되돌려 보고 최대한 집중해서 봤지만 개인적으로 재미없는 영화. 1.2.3 전부 별로다.",
    "rating": "1",
    "date": "15.08.04"
  },
  {
    "review_id": "10154308",
    "movie_id": "102309",
    "author": "kyud****",
    "review": "20대인 내가 바라는 40대의 모습과는 거리가 멀지만, 이렇게 딸들과 함께 살아갈 수만 있다면 바래봐도 좋을 것 같다.",
    "rating": "10",
    "date": "15.07.28"
  },
  {
    "review_id": "10151388",
    "movie_id": "102309",
    "author": "ther****",
    "review": "사랑은 완벽하지 않고 현실적이다. 사랑을 해가 뜨고 지는 과정으로 아름답게 빗대어낸다.",
    "rating": "8",
    "date": "15.07.27"
  },
  {
    "review_id": "10099683",
    "movie_id": "102309",
    "author": "lfjt****",
    "review": "still there",
    "rating": "10",
    "date": "15.07.13"
  },
  {
    "review_id": "10060201",
    "movie_id": "102309",
    "author": "syoc****",
    "review": "원숙해지는 외모와는 달리 여전히 사랑이라는 표현은 서툴 수 밖에 없기에 사람인 걸까",
    "rating": "8",
    "date": "15.07.02"
  },
  {
    "review_id": "10047413",
    "movie_id": "102309",
    "author": "gaea****",
    "review": "결혼한 사람들이라면 정말 공감 할 수 있는 언제나 믿고 보는 링클레이터 감독의 영화",
    "rating": "9",
    "date": "15.06.28"
  },
  {
    "review_id": "10037444",
    "movie_id": "102309",
    "author": "qkqh****",
    "review": "조울증있는 여자 비위 맞춰 주는 이혼남 이야기",
    "rating": "6",
    "date": "15.06.26"
  },
  {
    "review_id": "10025471",
    "movie_id": "102309",
    "author": "acoy****",
    "review": "시간은 이들을 선라이즈 초반의 부부처럼 변하게 만들었지만, 이들이 펼쳐낼 노년의 모습이 기대된다.",
    "rating": "8",
    "date": "15.06.24"
  },
  {
    "review_id": "10002383",
    "movie_id": "102309",
    "author": "melo****",
    "review": "3편이 없었다면 1,2편은 의미 없었겠죠 :-ㅇ",
    "rating": "10",
    "date": "15.06.15"
  },
  {
    "review_id": "9999956",
    "movie_id": "102309",
    "author": "youn****",
    "review": "좋은영화!! 명작입니다",
    "rating": "10",
    "date": "15.06.14"
  },
  {
    "review_id": "9997423",
    "movie_id": "102309",
    "author": "kara****",
    "review": "나이가 들더니 여자가 드셔지고 약간의 페미니즘에 잘난척 허세끼가 더해졌다.",
    "rating": "6",
    "date": "15.06.13"
  },
  {
    "review_id": "9987710",
    "movie_id": "102309",
    "author": "nhk0****",
    "review": "비포 시리즈중 가장 아름답다.",
    "rating": "8",
    "date": "15.06.10"
  },
  {
    "review_id": "9986088",
    "movie_id": "102309",
    "author": "sue8****",
    "review": "대화로만극을이끌어가는몰입도최고",
    "rating": "8",
    "date": "15.06.09"
  },
  {
    "review_id": "9958571",
    "movie_id": "102309",
    "author": "hoho****",
    "review": "왜 이 영화를 별로라하지.. 난 정말 충만감을 느꼈는데. 현실과 그 속에 사랑. 언제나 비포시리즈는 날 실망시키지 않는다.",
    "rating": "10",
    "date": "15.05.29"
  },
  {
    "review_id": "9928381",
    "movie_id": "102309",
    "author": "yea4****",
    "review": "낭만이 현실이 되어버렸네요 항상 처음과 같을 수 없어서 슬프네요",
    "rating": "9",
    "date": "15.05.18"
  },
  {
    "review_id": "9916610",
    "movie_id": "102309",
    "author": "jeyl****",
    "review": "비포 시리즈는 온통 대화뿐이지만 각 단계에 맞는 정말 공감되고 적절한 대화들로 이루어져있다. 주인공들의 변해가는 외적 모습과 현실적인 대화들이 나에게 많은 여운을 주었다",
    "rating": "8",
    "date": "15.05.14"
  },
  {
    "review_id": "9895163",
    "movie_id": "102309",
    "author": "mete****",
    "review": "어떻게 이 영화가 호불호가 갈린단 말입니까... 사랑을 해본 사람은 이 영화를 싫어 할 수 없어요 이 영화는 해외 여행에서 모르는 여자와의 불타는 사랑을 나눈것만 같은 그리고 다시 돌아와야하는 그 미어지는 아련함까지 모두 리얼하게 전달하고 있습니다.",
    "rating": "10",
    "date": "15.05.05"
  },
  {
    "review_id": "9856702",
    "movie_id": "102309",
    "author": "zool****",
    "review": "난 이 커플이 지금도 넘 부럽다 함께 걸으며 얘기하고 무슨 말이든 편하게 할 수 있다는 것.. 살아보면 알지 그런 사람 만나는게 쉽지 않다는 것...",
    "rating": "10",
    "date": "15.04.22"
  },
  {
    "review_id": "9849094",
    "movie_id": "102309",
    "author": "kimn****",
    "review": "결국 진정한 사랑의 해답은 서로 노력하는데 있다. 비포 시리즈 팬으로써 재밌게 봤지만 비포 시리지 안 본 사람은 꼭 전 편 보고 봐야함. (안본다면 이게 뭔 영화야?라고 할 듯)",
    "rating": "8",
    "date": "15.04.17"
  },
  {
    "review_id": "9845900",
    "movie_id": "102309",
    "author": "mem0****",
    "review": "1편은 동화였다면 3편은 현실이다. 타협하고 받아들이고 성숙해진다는 것은 둘이 함께하는 것이다. 그러니까 그렇게 슬픈일은 아니라 생각한다. 정말 너무 공감한다.",
    "rating": "10",
    "date": "15.04.14"
  },
  {
    "review_id": "9838776",
    "movie_id": "102309",
    "author": "pjh0****",
    "review": "지금까지 비포선라이즈 시리즈 모두 좋았습니다.",
    "rating": "10",
    "date": "15.04.10"
  },
  {
    "review_id": "9814553",
    "movie_id": "102309",
    "author": "wjda****",
    "review": "아름다운 3부작 시리즈의 현실적인 마침표.제시와 셀린느 영원히 잊지못할거같다.. 쌍둥이 너무 이뻐~",
    "rating": "10",
    "date": "15.03.29"
  },
  {
    "review_id": "9786691",
    "movie_id": "102309",
    "author": "luj9****",
    "review": "처음에  이편 부터 봐서 이해가 되지 않 았는데 처음부터 보니 너무 매력적인영화네요",
    "rating": "10",
    "date": "15.03.16"
  },
  {
    "review_id": "9779767",
    "movie_id": "102309",
    "author": "agad****",
    "review": "중년에 들어선 자만이 이들의 싸움을 이해할 수 있을것 같은 영화.  열정에 넘치던 젊은 날의 사랑은 결코 영원할 수 없다. 사랑은 곧 현실이 된다. 그리고 농익는다.",
    "rating": "8",
    "date": "15.03.14"
  },
  {
    "review_id": "9755695",
    "movie_id": "102309",
    "author": "yrle****",
    "review": "20대때 비포선라이즈때 대사 한줄한줄 받아적던 기억나네. 쫌 늦은감이 있었으나 비포선셋보고 다시 감동..비포미드나잇감동..나를 위한 시리즈네.혹시 이런 감동 못느끼셨다면 비포선라이즈 제대로 다시보기추천.그래도 감동없으면 그건 당신영혼이 너무 늙은 탓.",
    "rating": "10",
    "date": "15.03.04"
  },
  {
    "review_id": "9733706",
    "movie_id": "102309",
    "author": "youn****",
    "review": "역시 기대를 저버리지 않는 영화.. 또 다시 9년 후의 영화가 기다려진다..",
    "rating": "10",
    "date": "15.02.24"
  },
  {
    "review_id": "9730467",
    "movie_id": "102309",
    "author": "hyek****",
    "review": "보는내내 나와 비슷해서 울고웃었다..우연히 만났다헤어진후또우연히만나결혼..결혼후처음피임없이가진잠자리에 쌍둥이임신..줄리델피의 육아고충을 듣는내내눈물이..1,2편에선 설레서보는내 두근거렸고 3편에선 싸우고 금새화해하고 웃는모습도 지금우리같아서울고웃었다.",
    "rating": "9",
    "date": "15.02.23"
  },
  {
    "review_id": "9728654",
    "movie_id": "102309",
    "author": "rudg****",
    "review": "애증 애증 애증 애증 애증 슬프지만 애증",
    "rating": "8",
    "date": "15.02.22"
  },
  {
    "review_id": "9716372",
    "movie_id": "102309",
    "author": "bica****",
    "review": "후반부 호텔에서의 싸움씬부터  혼자서 얼마나 킥킥댔는지 모른다.너무 재미있는데..자꾸 눈에선 눈물이 흘렀다... 비포선라이즈와는 또다른 가슴두근거림이 있었던 비포미드나잇..",
    "rating": "10",
    "date": "15.02.20"
  },
  {
    "review_id": "9706908",
    "movie_id": "102309",
    "author": "ghkd****",
    "review": "영화로서의 재미는 너무나 현실적이어서 떨어지긴 하지만 이태까지 모든 로맨스는 선라이즈나 선셋에서 끝났다면 이번 작품은 모든 로맨스 영화들의 후편이랄까? 암튼 다음 편이 또 기대된다. 2022년에나 보겠네..ㅜ",
    "rating": "8",
    "date": "15.02.17"
  },
  {
    "review_id": "9646894",
    "movie_id": "102309",
    "author": "catd****",
    "review": "1편 선라이즈 2편 선셋 3번 미드나잇 완벽한 세트작품임..너무 좋음 이런거 꼭 처키시리즈같음 ㅋ",
    "rating": "10",
    "date": "15.01.28"
  },
  {
    "review_id": "9641367",
    "movie_id": "102309",
    "author": "shss****",
    "review": "현실적인 모습이 더 아름다웠다",
    "rating": "9",
    "date": "15.01.27"
  },
  {
    "review_id": "9635329",
    "movie_id": "102309",
    "author": "kkh5****",
    "review": "1편부터 시작해서 여자의 로멘스와 허영심을 자극하는 의미없이 지루한 영화",
    "rating": "1",
    "date": "15.01.25"
  },
  {
    "review_id": "9613169",
    "movie_id": "102309",
    "author": "kth3****",
    "review": "다음이야기가 궁금해지는 로멘스이자 인생사",
    "rating": "8",
    "date": "15.01.19"
  },
  {
    "review_id": "9573736",
    "movie_id": "102309",
    "author": "hesi****",
    "review": "일에 치여 개봉한것을 몰랐다니?ㅠㅠ 1편을 15살 청소년기에, 2편을 24살 청년기에, 3편을 35살 유부남으로서 볼 수 있었던 것에 감사드립니다. 1편보고 대학생이 되면 배낭여행 꼭 가야지..라는 꿈을 키웠죠. 제 젊은날과 함께 해 준 보석입니다.",
    "rating": "10",
    "date": "15.01.08"
  },
  {
    "review_id": "9563752",
    "movie_id": "102309",
    "author": "hide****",
    "review": "나이가 먹어서 보면 더 뭔가 심하게 와닿을꺼 같네요. 그나저나, 비포 선라이즈와 함께 나이를 먹으며 보신 분들이 정말 부럽네요 ㅠㅠ. 나이 먹은건 참 슬픈 일이지만 이 영화와 함께 OOO을 함께 하셨다면 정말 부럽네요 ㅎㅎ.",
    "rating": "8",
    "date": "15.01.05"
  },
  {
    "review_id": "9555108",
    "movie_id": "102309",
    "author": "gu36****",
    "review": "2022년이 기다려진다.",
    "rating": "10",
    "date": "15.01.03"
  },
  {
    "review_id": "9539522",
    "movie_id": "102309",
    "author": "clou****",
    "review": "비포 시리즈는 항상 좋다! 정말...",
    "rating": "10",
    "date": "14.12.30"
  },
  {
    "review_id": "9534217",
    "movie_id": "102309",
    "author": "nura****",
    "review": "비포 시리즈 중에 가장 재밌었던거 같다. 1은 너무 영화적이고 드라마 스러웠고, 2는 너무 밋밋했고, 3은 이제 현실적인 갈등이 보이고 말싸움이 꽤 흥미 진진해서 가장 좋았다. 다만 세월이 역시 무섭다. 1편에 그게예쁘게 보이던 여주가 이렇게....",
    "rating": "8",
    "date": "14.12.29"
  },
  {
    "review_id": "9528812",
    "movie_id": "102309",
    "author": "seyu****",
    "review": "걸어가는 주인공 롱테이크와 시간가는줄 모르는 유쾌하고 유머러스하면서 진지한 대화는 비포시리즈만의 묘미! 그런데 줄리델피의 신경증은 너무 예상치못한순간에 불쑥불쑥 나와서 몰입감이 떨어졌다. 차라리 드라마틱한 것을 조금 포기하더라도 담담하게 그렸더라면..",
    "rating": "7",
    "date": "14.12.28"
  },
  {
    "review_id": "9522851",
    "movie_id": "102309",
    "author": "kang****",
    "review": "늙으니까 주책맞다 감떨어진듯",
    "rating": "1",
    "date": "14.12.27"
  },
  {
    "review_id": "9497829",
    "movie_id": "102309",
    "author": "yeah****",
    "review": "이런게 인생이지.... 영화의 현실성에 감동받았다.",
    "rating": "8",
    "date": "14.12.21"
  },
  {
    "review_id": "9470989",
    "movie_id": "102309",
    "author": "100d****",
    "review": "언제나 열린 결말 비포시리즈,",
    "rating": "9",
    "date": "14.12.13"
  },
  {
    "review_id": "9451081",
    "movie_id": "102309",
    "author": "japa****",
    "review": "비포시리즈의 주인공과 함께 그리스에서 추억에  잠긴 시간을 보내는 기분, 그것 만으로도 최고라고 생각됩니다.",
    "rating": "10",
    "date": "14.12.06"
  },
  {
    "review_id": "9403747",
    "movie_id": "102309",
    "author": "marc****",
    "review": "다 그렇게 사는거야...",
    "rating": "7",
    "date": "14.11.20"
  },
  {
    "review_id": "9340047",
    "movie_id": "102309",
    "author": "liho****",
    "review": "제시와 셀린느는 동화속에서 현실로 나왔습니다",
    "rating": "5",
    "date": "14.11.04"
  },
  {
    "review_id": "9337510",
    "movie_id": "102309",
    "author": "ico1****",
    "review": "여전한 인물들과 여전한 방식이지만 이야기는 자연스레 나이가 들었다. 어디에도 다시 없을 멜로 3부작의 종점. 현실적이지만 온전히 현실이 아닌만큼 로맨틱하다.",
    "rating": "8",
    "date": "14.11.02"
  },
  {
    "review_id": "9325479",
    "movie_id": "102309",
    "author": "sis0****",
    "review": "귀여운 수다쟁이 비포시리즈♥",
    "rating": "10",
    "date": "14.10.28"
  },
  {
    "review_id": "9324730",
    "movie_id": "102309",
    "author": "zzgg****",
    "review": "현실적으로 다가와서 이질감이 없어서 좋았음.",
    "rating": "8",
    "date": "14.10.28"
  },
  {
    "review_id": "9322373",
    "movie_id": "102309",
    "author": "berg****",
    "review": "말하고자 하는게 뭔지는 알겠지만... 연출이나, 연기, 대사.. 글쎄 그렇게까지 흡인력있게 매력적이지는 않았음.. 약간 지루함.",
    "rating": "5",
    "date": "14.10.27"
  },
  {
    "review_id": "9322363",
    "movie_id": "102309",
    "author": "kjp4****",
    "review": "무엇보다 중간에 배우 안바꾸고 그대로 쭉 시리즈를 마감했다는 것에 박수를 주고 싶다.",
    "rating": "10",
    "date": "14.10.27"
  },
  {
    "review_id": "9318596",
    "movie_id": "102309",
    "author": "mnbe****",
    "review": "1편과 2편에 비해서는 환상이 깨진 현실이라 다소 기대감에 배신감이 들었지만 그럼에도 그들의 변화하는 모습을 지켜보는 것 같아 역시 비포 시리즈..",
    "rating": "7",
    "date": "14.10.26"
  },
  {
    "review_id": "9317318",
    "movie_id": "102309",
    "author": "hera****",
    "review": "판타지에서 현실로. 서로의 감정을 할퀴며 그리곤 다시 핱으며 , 그렇게 우리는 살아간다.",
    "rating": "10",
    "date": "14.10.26"
  },
  {
    "review_id": "9312177",
    "movie_id": "102309",
    "author": "from****",
    "review": "우리는 모두 같이 나이먹어가고있었다.비포시리즈는 그냥 의미가있다. 그래서 당연한것처럼 다가온다. 세월속에 둘의 모습은 변하였지만 그 본질적인마음만은 변하지않는것처럼.",
    "rating": "10",
    "date": "14.10.24"
  },
  {
    "review_id": "9306743",
    "movie_id": "102309",
    "author": "ndw1****",
    "review": "현실로 돌아온 그들. 말로 주고받는 액션. 그래도 사랑해서 떨어질 수 없는 부부.",
    "rating": "9",
    "date": "14.10.21"
  },
  {
    "review_id": "9270346",
    "movie_id": "102309",
    "author": "dhrr****",
    "review": "ㅋㅋㅋㅋ 영화 끝났다 ㅋ 시계보고 놀랐다",
    "rating": "10",
    "date": "14.10.06"
  },
  {
    "review_id": "9247926",
    "movie_id": "102309",
    "author": "zxc1****",
    "review": "긴 세월 동안 차곡차곡 쌓인 현실의 무게와 그럼에도 지울 수 없는 과거의 사랑이 끊임없이 충돌하는데, 전자의 사람들조차도 후자의 마법이 필요하다는 점을 잘 보여준다.",
    "rating": "8",
    "date": "14.09.29"
  },
  {
    "review_id": "9241109",
    "movie_id": "102309",
    "author": "mi86****",
    "review": "두 사람의 대화만으로 채웠지만 전혀 부족함이 느껴지지 않고 다만 시리즈를 못보고 본것이 아쉽다",
    "rating": "7",
    "date": "14.09.25"
  },
  {
    "review_id": "9227326",
    "movie_id": "102309",
    "author": "almo****",
    "review": "주인공만큼이나 늙어가기도 했고 처녀 총각 적 낭만 따위",
    "rating": "6",
    "date": "14.09.20"
  },
  {
    "review_id": "9207180",
    "movie_id": "102309",
    "author": "wjr6****",
    "review": "리처드 링클레이터가 보여주는 두 남녀의 현실적인 색깔",
    "rating": "9",
    "date": "14.09.12"
  },
  {
    "review_id": "9176876",
    "movie_id": "102309",
    "author": "sipj****",
    "review": "실제 부부의 대화 같은 사실감과 그 대화 안에 담긴 인생의 진리가 이 영화의 가장 큰 매력인 듯.",
    "rating": "7",
    "date": "14.09.07"
  },
  {
    "review_id": "9142567",
    "movie_id": "102309",
    "author": "mudd****",
    "review": "로맨틱하다.. 현실적이다.. 보는 내내 그들과 대화한 느낌.. 나의 인생은 어떻게 흘러갈지.. 23세.. 앞으로 20년",
    "rating": "10",
    "date": "14.08.29"
  },
  {
    "review_id": "9139514",
    "movie_id": "102309",
    "author": "wjsf****",
    "review": "명작은명작으로남는다.",
    "rating": "10",
    "date": "14.08.28"
  },
  {
    "review_id": "9136807",
    "movie_id": "102309",
    "author": "s980****",
    "review": "선라이즈의 설레임부터 미드나잇의 농익음까지... 넘 현실적이어서 씁쓸하긴 하지만 18여년의 시간과 함께 세월의 무게와 가치를 느끼게 하는 이런 영화를 앞으로도 볼 수 있을까? 죽을 때까지 그들의 이야기를 계속 봤으면 하는 바람이다.",
    "rating": "10",
    "date": "14.08.27"
  },
  {
    "review_id": "9130990",
    "movie_id": "102309",
    "author": "qnfd****",
    "review": "서로에 대한 사랑이 가장 중요한 때가 지나고 삶 전체에 대한 사랑이 중요해 지는 시기가 온다면 다시 한번 비포 미드나잇을 보고 싶다.",
    "rating": "10",
    "date": "14.08.25"
  },
  {
    "review_id": "9124626",
    "movie_id": "102309",
    "author": "prai****",
    "review": "내인생 최고의 로맨스 굿",
    "rating": "10",
    "date": "14.08.23"
  },
  {
    "review_id": "9120573",
    "movie_id": "102309",
    "author": "1pim****",
    "review": "10년뒤에 또 나온다면 그 때는 부부싸움은 좀 줄였으면 하는 바램이 있네요..",
    "rating": "7",
    "date": "14.08.22"
  },
  {
    "review_id": "9068999",
    "movie_id": "102309",
    "author": "dawn****",
    "review": "똥배가 나온 아줌마가 되었어도 여전히 사랑스러운 셀린느.",
    "rating": "10",
    "date": "14.08.11"
  },
  {
    "review_id": "9029420",
    "movie_id": "102309",
    "author": "mans****",
    "review": "추억을 회상하며 추억을 만들며",
    "rating": "8",
    "date": "14.08.05"
  },
  {
    "review_id": "9025848",
    "movie_id": "102309",
    "author": "hapo****",
    "review": "실망스럽다..기존시리즈에 대한 찬양까지 무너져내렸다...",
    "rating": "1",
    "date": "14.08.04"
  },
  {
    "review_id": "8979233",
    "movie_id": "102309",
    "author": "oasi****",
    "review": "그림같았던 선라이즈의 두사람  다시  재회한두사람을 보는 것만으로도 너무도  기뻤던  선셋  이젠 어느덧  중년이  된  미드나잇까지나도 어느덧  두사람과  비슷한  나이가  됐다또 9년후를  기약하며",
    "rating": "10",
    "date": "14.07.29"
  },
  {
    "review_id": "8974206",
    "movie_id": "102309",
    "author": "park****",
    "review": "비포 시리즈를 내가 왜 안봤지? 늦게나마 봐서 다행이다. 유명한 이유를 알겠다. 제시와 셀린느의 사랑이 이루어지고 서로 나이가 들어서 다투는 모습이 현실적이었고 아끼는 마음이 들었다 노을이 지는 모습이 더욱더 현실감이 느껴지면서 시리즈에애착이..",
    "rating": "8",
    "date": "14.07.28"
  },
  {
    "review_id": "8939498",
    "movie_id": "102309",
    "author": "sjdl****",
    "review": "후줄근한 차림에 면도도 안했어도 좋다, 이런 동반자를 만날수만 있다면야",
    "rating": "10",
    "date": "14.07.22"
  },
  {
    "review_id": "8907562",
    "movie_id": "102309",
    "author": "ant0****",
    "review": "9년마다 만나는 동창회 같은 느낌",
    "rating": "10",
    "date": "14.07.12"
  },
  {
    "review_id": "8884603",
    "movie_id": "102309",
    "author": "jgs_****",
    "review": "아.. 현실은슬프다정말 견뎌내고견뎌내지만 사랑의유효기간은 정말 짧다 기억의끄트머리격렬한사랑의한조각을마음에품고현실을견딘다.아름다운결말이지만슬프다",
    "rating": "9",
    "date": "14.07.05"
  },
  {
    "review_id": "8860010",
    "movie_id": "102309",
    "author": "hhw1****",
    "review": "로맨틱하지만 현실적인 이 시리즈. 다시는 나올수 없는 시리즈",
    "rating": "9",
    "date": "14.06.27"
  },
  {
    "review_id": "8855846",
    "movie_id": "102309",
    "author": "wodu****",
    "review": "끝내 둘의 영화같은 사랑이 현실적으로 이루어져 지속되는 행복함으로 마무리되는 영화에 감동받았습니다.",
    "rating": "10",
    "date": "14.06.25"
  },
  {
    "review_id": "8851785",
    "movie_id": "102309",
    "author": "sell****",
    "review": "잔잔하면서 깊숙히 느껴지는 유럽감성과 로맨틱함. 너무 낭만적이에요^^",
    "rating": "9",
    "date": "14.06.24"
  },
  {
    "review_id": "8839947",
    "movie_id": "102309",
    "author": "phw1****",
    "review": "내 나이 서른초반, 아이 둘이 있다. 정말 가슴에 와 닿는 영화....",
    "rating": "10",
    "date": "14.06.19"
  },
  {
    "review_id": "8811925",
    "movie_id": "102309",
    "author": "jude****",
    "review": "난 전작들의 로맨스를 간직하고싶었다. 하지만 3편을 본건 일생일대의 실수였다.",
    "rating": "7",
    "date": "14.06.08"
  },
  {
    "review_id": "8808455",
    "movie_id": "102309",
    "author": "kusa****",
    "review": "그들과 같은 나이를 먹어가고 있고, 그들과 더욱 가깝게 공감하게 되었다.",
    "rating": "9",
    "date": "14.06.07"
  },
  {
    "review_id": "8796325",
    "movie_id": "102309",
    "author": "khn9****",
    "review": "시리즈의 마무리의 그 마지막 신 까지도 좋았습니다... 싸우는모습이 너무 현실적이어서 웃음도났어요ㅋㅋㅋㅋ 우리모두 나이먹네요",
    "rating": "10",
    "date": "14.06.04"
  },
  {
    "review_id": "8789668",
    "movie_id": "102309",
    "author": "mych****",
    "review": "이런남자랑 살고싶다...",
    "rating": "10",
    "date": "14.06.03"
  },
  {
    "review_id": "8787342",
    "movie_id": "102309",
    "author": "jtyb****",
    "review": "태양이 없어도 구름에 가린것 뿐이다..",
    "rating": "9",
    "date": "14.06.02"
  },
  {
    "review_id": "8786557",
    "movie_id": "102309",
    "author": "gbwl****",
    "review": "제발 시리즈 좀 보고봐라",
    "rating": "10",
    "date": "14.06.02"
  },
  {
    "review_id": "8761868",
    "movie_id": "102309",
    "author": "deri****",
    "review": "비포 선라이즈, 선셋, 미드나잇 한 번에 쭉 이어서 봤다.와..30대 후반에 이 영화를 본 게 정말 다행이다.최고다.거의 10년 주기로 이 시리즈가 나왔는데, 바람이 있다면,비포 시리즌 에단호크와 줄리델피가 10년 마다 또 나왔으면 좋겠",
    "rating": "10",
    "date": "14.05.24"
  },
  {
    "review_id": "8746705",
    "movie_id": "102309",
    "author": "hhss****",
    "review": "번역이 좀 엿같았지만 농담코드도 충분히 맞았고 재밌었음",
    "rating": "9",
    "date": "14.05.19"
  },
  {
    "review_id": "8727537",
    "movie_id": "102309",
    "author": "hoho****",
    "review": "before dawn 이 나올것이라는 것을 믿어본다 기다려본다",
    "rating": "10",
    "date": "14.05.13"
  },
  {
    "review_id": "8718453",
    "movie_id": "102309",
    "author": "yang****",
    "review": "말 참 많네 대사 외운 게 신기하다 앞에서 보여 줬나",
    "rating": "1",
    "date": "14.05.09"
  },
  {
    "review_id": "8715452",
    "movie_id": "102309",
    "author": "dmsq****",
    "review": "시간가는줄모르겟음 ㅠㅠ 또 나오면 좋겠다",
    "rating": "10",
    "date": "14.05.08"
  },
  {
    "review_id": "8715220",
    "movie_id": "102309",
    "author": "jize****",
    "review": "사랑에 관한 가장 자연스럽고 완벽한 영화. 노년의 그들을 다시 볼 수 있을까",
    "rating": "10",
    "date": "14.05.08"
  },
  {
    "review_id": "8701824",
    "movie_id": "102309",
    "author": "sooj****",
    "review": "현실적이어도 충분히 아름답다 노년로맨스를 기다려봐야겠다",
    "rating": "10",
    "date": "14.05.04"
  },
  {
    "review_id": "8701658",
    "movie_id": "102309",
    "author": "fndl****",
    "review": "제가 원해서 본것도 아니고 친구들이 보자고 해서 본건데 시리즈를 안봐서 그런거 같긴 한데 정말 영화관에서 봤는데 돈 아깝더라고요 계속 하품만해대고요 친구들은 재밌다던데 전 정말 이해불가 왜 봤나싶음 ㅡㅡ 1점도아까움",
    "rating": "1",
    "date": "14.05.04"
  },
  {
    "review_id": "8697427",
    "movie_id": "102309",
    "author": "doub****",
    "review": "Still there, still there, ... It's gone.",
    "rating": "9",
    "date": "14.05.03"
  },
  {
    "review_id": "8692654",
    "movie_id": "102309",
    "author": "somi****",
    "review": "현실적인 사랑중 노인의 명대사♡",
    "rating": "10",
    "date": "14.05.02"
  },
  {
    "review_id": "8679357",
    "movie_id": "102309",
    "author": "happ****",
    "review": "마지막까지 로맨틱한 사랑을 꿈꾸는 젊은 청춘들..허나 나같은 청춘의 마지막 기로에서도 아직까지 영원불멸 로맨틱을 꿈꾼다.. 이 영화는 점점 현실이 되어가서 실망을 안겨줄것 같다가도 그러나 영원불멸한 사랑은 꼭 존재한다는것을 가르쳐주었다 : )",
    "rating": "10",
    "date": "14.04.28"
  },
  {
    "review_id": "8669890",
    "movie_id": "102309",
    "author": "fine****",
    "review": "각 시리즈가 정말 완벽한듯. 비포 미드나잇은 너무 현실적이었지만 그 현실적이라는게 좋았어요. 언제까지나 로맨스 속에서 살 수는 없는거니까. 그들이 나중에는 또 어떤 모습으로 살게 될지 계속 상상하게 되는 영화.",
    "rating": "10",
    "date": "14.04.24"
  },
  {
    "review_id": "8668902",
    "movie_id": "102309",
    "author": "01aj****",
    "review": "영화관에서 안보길 잘했다.",
    "rating": "5",
    "date": "14.04.24"
  },
  {
    "review_id": "8665856",
    "movie_id": "102309",
    "author": "junm****",
    "review": "이렇게 현실적이면서 아름답게 영화를 마무리 하다니..감독,배우,모두 쵝오!",
    "rating": "10",
    "date": "14.04.22"
  },
  {
    "review_id": "8651742",
    "movie_id": "102309",
    "author": "rabb****",
    "review": "Before Sunrise, Sunset보다 오히려 Midnight이 내겐 판타지.",
    "rating": "10",
    "date": "14.04.15"
  }
]