[
  {
    "review_id": "9267387",
    "movie_id": "102304",
    "author": "ruda****",
    "review": "우울해서 봤는데 더우울해졌다.",
    "rating": "1",
    "date": "14.10.05"
  },
  {
    "review_id": "8620728",
    "movie_id": "102304",
    "author": "534k****",
    "review": "안봤지만 왠지 뭔가 있어보여서..",
    "rating": "10",
    "date": "14.03.31"
  },
  {
    "review_id": "8601198",
    "movie_id": "102304",
    "author": "nado****",
    "review": "엘렌빠로서 이정도만 주겠다.. 내취향은 아니였음.. 힐링영화라면 스마트피플이 갑of갑",
    "rating": "5",
    "date": "14.03.23"
  },
  {
    "review_id": "8594820",
    "movie_id": "102304",
    "author": "lsh1****",
    "review": "내사랑엘렌페이지 화이팅요",
    "rating": "10",
    "date": "14.03.22"
  },
  {
    "review_id": "8594349",
    "movie_id": "102304",
    "author": "rlad****",
    "review": "지루한먄도있지만재미있네요",
    "rating": "3",
    "date": "14.03.21"
  }
]