[
  {
    "review": "로버트형 이때가  48세쯤~! 36세 야구선수역할을 해도 전혀 무방했던 외모~~브래드 피트보다 더 잘생겼네^^ 여튼 인생영화~정확히 이때부터 야구가 좋아졌지.. 엔딩은 그 당시 상상도 못했던 장관~!! 야구영화의 레전드~~!!",
    "date": "15.04.05",
    "rating": "10",
    "author": "shs2****",
    "review_id": "9830100",
    "movie_id": "10241"
  },
  {
    "review": "엔딩씬의 불꽃놀이만 기억에 남는다. 이젠 너무 흔한 스포츠 휴먼 드라마.",
    "date": "15.04.04",
    "rating": "6",
    "author": "sipj****",
    "review_id": "9826135",
    "movie_id": "10241"
  },
  {
    "review": "반개 빠진건 초반의 레드포드가 좀...그리고 은총탄에 대한 결론도..",
    "date": "14.10.30",
    "rating": "9",
    "author": "heim****",
    "review_id": "9328858",
    "movie_id": "10241"
  },
  {
    "review": "초등학생때 보고 큰 감동을 받은 영화. 아직도 첫손에 꼽고 싶다.",
    "date": "14.09.06",
    "rating": "10",
    "author": "twor****",
    "review_id": "9172755",
    "movie_id": "10241"
  },
  {
    "review": "짠한 감동의 영화~주연배우들의 연기가 압권",
    "date": "14.08.12",
    "rating": "10",
    "author": "jm1r****",
    "review_id": "9071360",
    "movie_id": "10241"
  },
  {
    "review": "좋은 영화에 감동하자^^ 킴베신져 언제봐도 매력적",
    "date": "14.07.19",
    "rating": "8",
    "author": "addz****",
    "review_id": "8929237",
    "movie_id": "10241"
  },
  {
    "review": "화려한 볼거리보단 인간적인 감동이 있는 영화",
    "date": "14.05.27",
    "rating": "10",
    "author": "colo****",
    "review_id": "8769638",
    "movie_id": "10241"
  },
  {
    "review": "이것이 야구고 인생이다!",
    "date": "14.04.23",
    "rating": "10",
    "author": "csju****",
    "review_id": "8666881",
    "movie_id": "10241"
  },
  {
    "review": "중2 올라가던 해 겨울에 처음으로 대한극장에서 본 영화,아마 할인권으로 본거 같네,",
    "date": "14.03.29",
    "rating": "10",
    "author": "kjli****",
    "review_id": "8614946",
    "movie_id": "10241"
  },
  {
    "review": "Good good good",
    "date": "14.03.29",
    "rating": "10",
    "author": "beki****",
    "review_id": "8614576",
    "movie_id": "10241"
  },
  {
    "review": "최고의 야구 영화중 하나",
    "date": "14.03.03",
    "rating": "9",
    "author": "adiv****",
    "review_id": "8554927",
    "movie_id": "10241"
  },
  {
    "review": "80년대 영화 특유의 늘어지는 전개. 러닝타임을 줄이고 좀 더 압축적으로 보여줬다면 더 좋았을 것.. 전반적으로 잔잔한 감동을 주는 영화.",
    "date": "14.01.26",
    "rating": "8",
    "author": "yaso****",
    "review_id": "8430920",
    "movie_id": "10241"
  },
  {
    "review": "내가 응원하는 팀이 한국시리즈 우승하는 기분이었다! 최고다~",
    "date": "13.12.26",
    "rating": "10",
    "author": "katy****",
    "review_id": "8308534",
    "movie_id": "10241"
  },
  {
    "review": "와우 우연히 봤는데 매우 잘봤다",
    "date": "13.12.14",
    "rating": "10",
    "author": "muse****",
    "review_id": "8213607",
    "movie_id": "10241"
  },
  {
    "review": "부모님 손잡고 봤던 영화 스토리는 지금에서야ㅠ거의 잊었지만 마지막 엔딩만큼은 최고였다.",
    "date": "13.09.07",
    "rating": "10",
    "author": "mai7****",
    "review_id": "7957415",
    "movie_id": "10241"
  },
  {
    "review": "밋밋한 전개와 상황정리는 최악 게다가 야구든 사랑이든 깊게표현되지않고 짤막하게 설명만 하는느낌.굉장히 아쉬웠다.다만,마지막 멋있는 홈런과더불어 조명탑이 깨지는 그씬은 잊을수가없다.배우들 열연도 좋았고..",
    "date": "13.07.08",
    "rating": "7",
    "author": "chjy****",
    "review_id": "7717801",
    "movie_id": "10241"
  },
  {
    "review": "로버트 레드포드 잘 생겼네",
    "date": "13.05.27",
    "rating": "8",
    "author": "sina****",
    "review_id": "7558921",
    "movie_id": "10241"
  },
  {
    "review": "평점에 속지마시오.다른건 그런대로 봐줄만한데 중요한 총격사건은 밑도 끝도 없고. 마지막엔 억지 영웅 만들어내는 영화.지금으로 치면 비디오로 나와도 안볼 영화.스포츠영화 좋아하는데, 이건 1984년작 감안해도 쓰레기.",
    "date": "13.04.06",
    "rating": "6",
    "author": "thep****",
    "review_id": "7437724",
    "movie_id": "10241"
  },
  {
    "review": "지금 보면 다소 투박하지만 마지막 엔딩 장면은 최고다!",
    "date": "12.12.18",
    "rating": "8",
    "author": "sinb****",
    "review_id": "7014840",
    "movie_id": "10241"
  },
  {
    "review": "잼있다 내일을 향해 쏴라, 스팅도 추천함",
    "date": "12.12.02",
    "rating": "10",
    "author": "chin****",
    "review_id": "6959596",
    "movie_id": "10241"
  },
  {
    "review": "다시보니 더새로운",
    "date": "12.12.02",
    "rating": "10",
    "author": "gaba****",
    "review_id": "6959446",
    "movie_id": "10241"
  },
  {
    "review": "장르, 스토리 상으로써  생소한 부분은 조금 떨어지는 영화가 아닌 가 싶다.  하지만 적절한 로맨스와 스포츠적 감성이 믹스되서 야구에 흥미가 있는 나에겐 볼 만한 영화였던 듯 싶다",
    "date": "12.07.29",
    "rating": "7",
    "author": "prim****",
    "review_id": "6551758",
    "movie_id": "10241"
  },
  {
    "review": "따뜻한 정서와 배우의 매력이 숨어있는 클래식한 멜로드라마",
    "date": "12.07.16",
    "rating": "8",
    "author": "daro****",
    "review_id": "6484187",
    "movie_id": "10241"
  },
  {
    "review": "1984년작이라 지금보면 좀지루하다.",
    "date": "12.06.10",
    "rating": "7",
    "author": "a109****",
    "review_id": "6382725",
    "movie_id": "10241"
  },
  {
    "review": "완죤 만화네~",
    "date": "12.04.12",
    "rating": "6",
    "author": "dbzh****",
    "review_id": "6211842",
    "movie_id": "10241"
  },
  {
    "review": "미국식 자연스런 야구 감동, 모험 이야기.",
    "date": "12.03.13",
    "rating": "7",
    "author": "izzo****",
    "review_id": "6141788",
    "movie_id": "10241"
  },
  {
    "review": "약간의 지루한 맛이 있다...",
    "date": "12.01.25",
    "rating": "7",
    "author": "yana****",
    "review_id": "6019476",
    "movie_id": "10241"
  },
  {
    "review": "내 인생 최고의 영화!",
    "date": "11.12.11",
    "rating": "10",
    "author": "lcba****",
    "review_id": "5901027",
    "movie_id": "10241"
  },
  {
    "review": "휴머니즘 야구 영화의 최고 정점. 전광판이 터질때 눈물 찔끔 한 사람 솔직히 많다",
    "date": "11.11.21",
    "rating": "7",
    "author": "reno****",
    "review_id": "5863112",
    "movie_id": "10241"
  },
  {
    "review": "야구를사랑한다는레드포드의대사,자신의꿈과가족을사랑한남자.첫씬과마지막씬은최고!",
    "date": "11.08.12",
    "rating": "10",
    "author": "juny****",
    "review_id": "5643106",
    "movie_id": "10241"
  },
  {
    "review": "리그챔피언 최종전 감독과의 마지막대화",
    "date": "11.07.15",
    "rating": "10",
    "author": "hsar****",
    "review_id": "5545854",
    "movie_id": "10241"
  },
  {
    "review": "큰 감동을 주지 못 하는 끝내기.",
    "date": "11.05.09",
    "rating": "6",
    "author": "wlfa****",
    "review_id": "5417505",
    "movie_id": "10241"
  },
  {
    "review": "마지막 장면이 꽤인상 깊었던 ~~~~~~~~~~",
    "date": "11.02.27",
    "rating": "7",
    "author": "fnsk****",
    "review_id": "5280345",
    "movie_id": "10241"
  },
  {
    "review": "그 어떤 영화보다도 화려하고 감동적인 마지막 장면..",
    "date": "10.12.04",
    "rating": "9",
    "author": "ossc****",
    "review_id": "5021451",
    "movie_id": "10241"
  },
  {
    "review": "리처드 판스워드 때문에 봤는데.. 26년전 영화라 그런지 연출이 좀.. 책으로 봐야지..",
    "date": "10.11.11",
    "rating": "6",
    "author": "ykm3****",
    "review_id": "4950307",
    "movie_id": "10241"
  },
  {
    "review": "Homer at the Bat !!!!",
    "date": "10.11.05",
    "rating": "9",
    "author": "daec****",
    "review_id": "4939263",
    "movie_id": "10241"
  },
  {
    "review": "WONDERBOY §",
    "date": "10.09.24",
    "rating": "8",
    "author": "bbq2****",
    "review_id": "4865322",
    "movie_id": "10241"
  },
  {
    "review": "사랑도 야구도 희미하게만 드러나는 영화. 레드포드의 멋진 스윙과 조명탑씬만 남는다",
    "date": "10.08.03",
    "rating": "7",
    "author": "mist****",
    "review_id": "4702579",
    "movie_id": "10241"
  },
  {
    "review": "모든 것이 적당하다. 나이든 미남배우의 표본 로버트 레드포드",
    "date": "10.05.26",
    "rating": "7",
    "author": "tjsd****",
    "review_id": "4525829",
    "movie_id": "10241"
  },
  {
    "review": "야구란 이런거다 하는것...",
    "date": "10.05.02",
    "rating": "10",
    "author": "qpff****",
    "review_id": "4473310",
    "movie_id": "10241"
  },
  {
    "review": "인생의 진정한 행복이 무엇인지 가르쳐주는 영화죠.",
    "date": "10.04.16",
    "rating": "10",
    "author": "awwa****",
    "review_id": "4434682",
    "movie_id": "10241"
  },
  {
    "review": "로버트 레드포드가 48살때 찍은 영화구나.. 중후하고 농후한 남자의 향기",
    "date": "10.03.03",
    "rating": "10",
    "author": "godo****",
    "review_id": "4331878",
    "movie_id": "10241"
  },
  {
    "review": "흔한 야구영화. 레드포드의 미모.",
    "date": "10.01.09",
    "rating": "5",
    "author": "pria****",
    "review_id": "4150557",
    "movie_id": "10241"
  },
  {
    "review": "다른 스포츠 영화와 달리 짜릿하기보단 따뜻했다.",
    "date": "09.12.02",
    "rating": "10",
    "author": "jmp0****",
    "review_id": "4009195",
    "movie_id": "10241"
  },
  {
    "review": "초중반부터 봤는데 재미있게 봤다. 내용 자체는 큰 이변은 없었지만..",
    "date": "09.10.25",
    "rating": "8",
    "author": "jabo****",
    "review_id": "3915401",
    "movie_id": "10241"
  },
  {
    "review": "재미있게 잘 봤습니다 마지막 홈런한방 정말 멋집니다 야구란 스포츠가 이런것이라...",
    "date": "09.10.25",
    "rating": "10",
    "author": "saib****",
    "review_id": "3915273",
    "movie_id": "10241"
  },
  {
    "review": "역시 남자는 여자를 잘 만나야한다. 근데 이 영화 왜 18세임??",
    "date": "09.10.25",
    "rating": "10",
    "author": "cccw****",
    "review_id": "3915261",
    "movie_id": "10241"
  },
  {
    "review": "최고다",
    "date": "09.10.25",
    "rating": "10",
    "author": "optc****",
    "review_id": "3915231",
    "movie_id": "10241"
  },
  {
    "review": "뭐, 이 정도면 괜찮은 거 아닌가?",
    "date": "09.10.25",
    "rating": "6",
    "author": "hadl****",
    "review_id": "3915229",
    "movie_id": "10241"
  },
  {
    "review": "야구소재영화들중 걸작은없네.테마자체가 좁아터졌어.",
    "date": "09.10.25",
    "rating": "1",
    "author": "tubt****",
    "review_id": "3915125",
    "movie_id": "10241"
  },
  {
    "review": "대박 재밌다 완전 감동이다.",
    "date": "09.10.09",
    "rating": "10",
    "author": "2001****",
    "review_id": "3882029",
    "movie_id": "10241"
  },
  {
    "review": "마지막에 전구 까부시는 장면 하난 건졌다..",
    "date": "09.09.21",
    "rating": "6",
    "author": "imf0****",
    "review_id": "3843032",
    "movie_id": "10241"
  },
  {
    "review": "짱이네염 ㅎㅎㅎ",
    "date": "09.06.23",
    "rating": "10",
    "author": "kwak****",
    "review_id": "3583471",
    "movie_id": "10241"
  },
  {
    "review": "중딩때 봤는데 굿굿굿...",
    "date": "09.04.13",
    "rating": "10",
    "author": "king****",
    "review_id": "3419418",
    "movie_id": "10241"
  },
  {
    "review": "중딩때 토요명화에서 보고...다시 비디오가게가서 빌려본...영화 ㅜㅜ",
    "date": "09.03.16",
    "rating": "10",
    "author": "radi****",
    "review_id": "3371048",
    "movie_id": "10241"
  },
  {
    "review": "이거 왜 18세죠? 15세나 12세면 몰라도",
    "date": "09.02.26",
    "rating": "10",
    "author": "also****",
    "review_id": "3334048",
    "movie_id": "10241"
  },
  {
    "review": "역시 야구, 역시 영화",
    "date": "08.12.19",
    "rating": "9",
    "author": "0r0i****",
    "review_id": "3130528",
    "movie_id": "10241"
  },
  {
    "review": "쵝오임",
    "date": "08.10.21",
    "rating": "10",
    "author": "robe****",
    "review_id": "3011675",
    "movie_id": "10241"
  },
  {
    "review": "글렌클로즈의 존재감 만으로도 10점",
    "date": "08.07.01",
    "rating": "10",
    "author": "dj16****",
    "review_id": "2733213",
    "movie_id": "10241"
  },
  {
    "review": "9회 투아웃, 끝부분만 지나치게 강조한 늘어지는 야구영화.",
    "date": "08.01.09",
    "rating": "7",
    "author": "team****",
    "review_id": "2309823",
    "movie_id": "10241"
  },
  {
    "review": "멋진 스포츠 드라마. 마지막 장면은 엄청난 전율이..",
    "date": "07.12.02",
    "rating": "7",
    "author": "cube****",
    "review_id": "2199390",
    "movie_id": "10241"
  },
  {
    "review": "레드포드옹~~쵝오",
    "date": "07.10.15",
    "rating": "10",
    "author": "pian****",
    "review_id": "2092280",
    "movie_id": "10241"
  },
  {
    "review": "야구영화라서 좋았다. 예전영화라서그런지 큰재미는 그닥",
    "date": "07.09.26",
    "rating": "8",
    "author": "voov****",
    "review_id": "2050524",
    "movie_id": "10241"
  },
  {
    "review": "사랑하는 여자와 함께 보는 모습이 그려지는 영화",
    "date": "07.09.16",
    "rating": "10",
    "author": "mmjh****",
    "review_id": "2024997",
    "movie_id": "10241"
  },
  {
    "review": "그저그런~",
    "date": "07.09.14",
    "rating": "6",
    "author": "drd1****",
    "review_id": "2019889",
    "movie_id": "10241"
  },
  {
    "review": "9회말이 이렇게 화려한 영화는 없었다",
    "date": "07.05.13",
    "rating": "8",
    "author": "deff****",
    "review_id": "1636438",
    "movie_id": "10241"
  },
  {
    "review": "마지막장면은 언제 봐도 명장면,but테드윌리엄스와 전혀 상관없는 이야기",
    "date": "07.05.10",
    "rating": "7",
    "author": "okyk****",
    "review_id": "1630692",
    "movie_id": "10241"
  },
  {
    "review": "1점 준 인간들 뇌를 해부해보고 싶다",
    "date": "07.05.09",
    "rating": "10",
    "author": "ssan****",
    "review_id": "1629950",
    "movie_id": "10241"
  },
  {
    "review": "저기여 환불해주시겠어요?",
    "date": "07.04.27",
    "rating": "1",
    "author": "m_sc****",
    "review_id": "1607612",
    "movie_id": "10241"
  },
  {
    "review": "내가왜 보고있나하는생각이들게하는",
    "date": "07.04.27",
    "rating": "1",
    "author": "yull****",
    "review_id": "1607611",
    "movie_id": "10241"
  },
  {
    "review": "전 화딱지나고싶으면 이영화를보고 또 화를냅니다",
    "date": "07.04.27",
    "rating": "1",
    "author": "eowj****",
    "review_id": "1607610",
    "movie_id": "10241"
  },
  {
    "review": "전 울고싶으면 이 영화를 보고, 또 웁니다.",
    "date": "07.04.06",
    "rating": "10",
    "author": "jhan****",
    "review_id": "1574230",
    "movie_id": "10241"
  },
  {
    "review": "야구 좋아하는 사람들을 위한 영화 대한극장 70mm 당시의 기억",
    "date": "07.03.27",
    "rating": "8",
    "author": "supe****",
    "review_id": "1557378",
    "movie_id": "10241"
  },
  {
    "review": "진짜 인생에서 한번은 봐야할 영화",
    "date": "07.03.23",
    "rating": "10",
    "author": "cand****",
    "review_id": "1548611",
    "movie_id": "10241"
  },
  {
    "review": "야구팬이라면 봐야죠..",
    "date": "07.03.19",
    "rating": "10",
    "author": "tn99****",
    "review_id": "1542384",
    "movie_id": "10241"
  },
  {
    "review": "소시적 tv에서 꽤 재미있게 본 기억",
    "date": "07.03.10",
    "rating": "9",
    "author": "seun****",
    "review_id": "1526704",
    "movie_id": "10241"
  },
  {
    "review": "추억의 야구영화. 마지막 장면은 너무나 멋진 주옥같은 명장면.",
    "date": "07.02.21",
    "rating": "8",
    "author": "movi****",
    "review_id": "1492092",
    "movie_id": "10241"
  },
  {
    "review": "감동적인 영화..꿈을 찾은 프로정신을 갖은 야구선수..",
    "date": "07.02.05",
    "rating": "10",
    "author": "plal****",
    "review_id": "1444798",
    "movie_id": "10241"
  },
  {
    "review": "아놔 이 영화 정말 좋던데..",
    "date": "07.01.03",
    "rating": "10",
    "author": "nala****",
    "review_id": "1352993",
    "movie_id": "10241"
  },
  {
    "review": "러버트레드포드 나오면 왠지 졸림",
    "date": "06.11.21",
    "rating": "5",
    "author": "asaz****",
    "review_id": "1244371",
    "movie_id": "10241"
  },
  {
    "review": "감동적인 영화",
    "date": "06.11.19",
    "rating": "9",
    "author": "hotv****",
    "review_id": "1241531",
    "movie_id": "10241"
  },
  {
    "review": "홈런의 감동...",
    "date": "06.09.02",
    "rating": "10",
    "author": "i0th****",
    "review_id": "1096763",
    "movie_id": "10241"
  },
  {
    "review": "명작",
    "date": "06.09.01",
    "rating": "10",
    "author": "zeed****",
    "review_id": "1095221",
    "movie_id": "10241"
  },
  {
    "review": "최고의명장면,최고의감동,최고의열정 모두담은영화",
    "date": "06.08.14",
    "rating": "10",
    "author": "jwyh****",
    "review_id": "1028571",
    "movie_id": "10241"
  },
  {
    "review": "멋진 인생을 멋지게 엮어낸 영화. 최고!",
    "date": "06.08.01",
    "rating": "10",
    "author": "king****",
    "review_id": "952946",
    "movie_id": "10241"
  },
  {
    "review": "잘생긴 레드포드와 최고의 시나리오~엔딩장면은 가히 압권",
    "date": "06.06.18",
    "rating": "10",
    "author": "qufs****",
    "review_id": "849362",
    "movie_id": "10241"
  },
  {
    "review": "역시..... 야구는 사나이의 로망이다.",
    "date": "06.03.12",
    "rating": "10",
    "author": "dunr****",
    "review_id": "714885",
    "movie_id": "10241"
  },
  {
    "review": "야구와 인생의 관계를 가장 잘 표현한 명화",
    "date": "06.02.19",
    "rating": "10",
    "author": "kjlc****",
    "review_id": "680819",
    "movie_id": "10241"
  },
  {
    "review": "멋드라진 야구 movie",
    "date": "06.02.17",
    "rating": "8",
    "author": "shh7****",
    "review_id": "676335",
    "movie_id": "10241"
  },
  {
    "review": "진정한 감동은 바로 이런 것! 로버트 레드포드의 눈빛 연기 압권",
    "date": "06.01.30",
    "rating": "10",
    "author": "poli****",
    "review_id": "633360",
    "movie_id": "10241"
  },
  {
    "review": "내가 좋아하는 영화를 1점주다니 그래서10점",
    "date": "06.01.29",
    "rating": "10",
    "author": "d458****",
    "review_id": "630876",
    "movie_id": "10241"
  },
  {
    "review": "멋진배우들과 멋진야구영화를..",
    "date": "05.12.24",
    "rating": "9",
    "author": "blue****",
    "review_id": "525968",
    "movie_id": "10241"
  },
  {
    "review": "테드랑 전혀상관없는 허무맹랑한 스토리라인",
    "date": "05.11.20",
    "rating": "1",
    "author": "ohmy****",
    "review_id": "479076",
    "movie_id": "10241"
  },
  {
    "review": "정말 좋네요 10대로써 10대 0%가 x팔린...",
    "date": "05.10.29",
    "rating": "10",
    "author": "endu****",
    "review_id": "458660",
    "movie_id": "10241"
  },
  {
    "review": "이런 영화가 바로 명작!",
    "date": "05.10.29",
    "rating": "10",
    "author": "duck****",
    "review_id": "458217",
    "movie_id": "10241"
  },
  {
    "review": "야구영화의 고전이다. 야구팬이라면 꼭 보라!!!",
    "date": "05.09.14",
    "rating": "10",
    "author": "u2u2****",
    "review_id": "404888",
    "movie_id": "10241"
  },
  {
    "review": "참 말이 필요없다",
    "date": "05.08.31",
    "rating": "10",
    "author": "gsls****",
    "review_id": "389438",
    "movie_id": "10241"
  },
  {
    "review": "이영화 볼수있는 싸이트 알려주세요 너무너무 감동 ㅠㅠ",
    "date": "05.03.08",
    "rating": "10",
    "author": "kage****",
    "review_id": "237337",
    "movie_id": "10241"
  },
  {
    "review": "말이필요없음 야구영화의고전",
    "date": "05.02.21",
    "rating": "10",
    "author": "xman****",
    "review_id": "226496",
    "movie_id": "10241"
  },
  {
    "review": "강추.. 말이 필요없는 명작..",
    "date": "05.02.03",
    "rating": "10",
    "author": "idio****",
    "review_id": "205234",
    "movie_id": "10241"
  }
]