[
  {
    "review_id": "9958390",
    "movie_id": "102427",
    "author": "gall****",
    "review": "킬링타임 무시하지 마라. 이건 그냥 3류 졸작 쓰레기다. 드럽게 재미없네",
    "rating": "1",
    "date": "15.05.28"
  },
  {
    "review_id": "9225612",
    "movie_id": "102427",
    "author": "nana****",
    "review": "진짜욕나오네여ㅡㅡ시간아까워요보지마세요결말도이해안되고도대체가무슨영환지ㅡㅡ별그지같네",
    "rating": "1",
    "date": "14.09.19"
  },
  {
    "review_id": "9058575",
    "movie_id": "102427",
    "author": "rlfe****",
    "review": "재미도 없는데다 불친절하기까지.. 본 사람이 많이 없는지 결말 해석을 찾을수가 없도다. 뭐 그만큼 값어치 있는 영화는 아니니.",
    "rating": "5",
    "date": "14.08.09"
  },
  {
    "review_id": "8585848",
    "movie_id": "102427",
    "author": "gjwh****",
    "review": "휴 페이크 다큐중 최악인듯 돈내고봤는데 후",
    "rating": "2",
    "date": "14.03.18"
  },
  {
    "review_id": "8135271",
    "movie_id": "102427",
    "author": "blue****",
    "review": "킬링타임용 진짜 페이크다큐중 최악인듯무섭진 않고 보는내내 지루...",
    "rating": "4",
    "date": "13.11.13"
  },
  {
    "review_id": "8122109",
    "movie_id": "102427",
    "author": "blue****",
    "review": "ㅡ.,ㅡ; 중간 중간나오는 귀신 비쥬얼은 괜찮지만.. 전체적으로는 별로.. 나름 반전이라고 여친 죽은거 나중에 보여준것 같긴 한데.. 전체적인 스토리의 결말이 없음.. ㅎㅎ 킬링타임용도 안된다는..",
    "rating": "1",
    "date": "13.11.07"
  },
  {
    "review_id": "8022859",
    "movie_id": "102427",
    "author": "new_****",
    "review": "이시대 최고의 공포영화!",
    "rating": "10",
    "date": "13.09.29"
  },
  {
    "review_id": "7656794",
    "movie_id": "102427",
    "author": "gmdt****",
    "review": "더이상 열받게 하지마라",
    "rating": "1",
    "date": "13.06.19"
  },
  {
    "review_id": "7629126",
    "movie_id": "102427",
    "author": "zepa****",
    "review": "아..지금 보고 있는데 너무 답답함..그렇게 무서우면 안찍으면 될거 아닌가..없애진 않더라도 그냥 어디 쳐박아두면 될것을..너무 억지스럽네..그리고 페이크다큐에서 꼭 나오는 대사 \" 빌어먹을 카메라 저리치워!!\"",
    "rating": "6",
    "date": "13.06.12"
  },
  {
    "review_id": "7628724",
    "movie_id": "102427",
    "author": "cs79****",
    "review": "뽁큐",
    "rating": "10",
    "date": "13.06.11"
  },
  {
    "review_id": "7589723",
    "movie_id": "102427",
    "author": "inst****",
    "review": "지금까지 본 페이크다큐영화중 제일 별로...",
    "rating": "4",
    "date": "13.06.06"
  },
  {
    "review_id": "7499850",
    "movie_id": "102427",
    "author": "bbq2****",
    "review": "screw",
    "rating": "2",
    "date": "13.05.01"
  },
  {
    "review_id": "7493120",
    "movie_id": "102427",
    "author": "sea1****",
    "review": "나만 무서운가???  ㅠ_ㅠ 중간중간 갑툭튀 귀신들도 무섭고 소름엄청돋았는데;; 공포영화 잘못보긴한데 중간중간 늘어져서 좀지루한 면이 있긴한데 우........ 충분이 무서워요",
    "rating": "7",
    "date": "13.04.29"
  },
  {
    "review_id": "7491811",
    "movie_id": "102427",
    "author": "navy****",
    "review": "얼굴화면이 오류생기면 죽는게 아니고 결국 카메라에 일단 잡히면 모두 죽는다는 이야기네요. 로라도 이미 죽은것으로 보입니다. 헐...",
    "rating": "7",
    "date": "13.04.28"
  },
  {
    "review_id": "7489560",
    "movie_id": "102427",
    "author": "bles****",
    "review": "괜찮은 작품이 나올 뻔했군",
    "rating": "5",
    "date": "13.04.28"
  },
  {
    "review_id": "7489451",
    "movie_id": "102427",
    "author": "kjc7****",
    "review": "저예산으로 머리써서 찍으려다보니 상당히 꼬아놓았지만,,일단 결론에서 한번 머리끄덕이기엔 상영시간내내 지루하다, 결국 캠에 얼굴나오게 찍히면....스포방지,,,대충봐서 그런가 경찰과 이바는 상황이 아리까리하네.",
    "rating": "5",
    "date": "13.04.28"
  },
  {
    "review_id": "7488365",
    "movie_id": "102427",
    "author": "love****",
    "review": "이영화 결말아시는뷴??메일로알려쥬세요 영화를 보고도 멍때리고잇네요 무슨내용인지모르겟어요   love_cooll@naver.com",
    "rating": "7",
    "date": "13.04.27"
  },
  {
    "review_id": "7477073",
    "movie_id": "102427",
    "author": "shou****",
    "review": "그래서 결말은?",
    "rating": "1",
    "date": "13.04.23"
  },
  {
    "review_id": "7476201",
    "movie_id": "102427",
    "author": "gegg****",
    "review": "결말이모야 이해가전혀안되",
    "rating": "5",
    "date": "13.04.23"
  },
  {
    "review_id": "7473846",
    "movie_id": "102427",
    "author": "hiph****",
    "review": "최고 캬..ㅎㅎ",
    "rating": "10",
    "date": "13.04.21"
  },
  {
    "review_id": "7473072",
    "movie_id": "102427",
    "author": "tear****",
    "review": "불친절한 페이크 다큐의 음산한 매력.",
    "rating": "7",
    "date": "13.04.21"
  },
  {
    "review_id": "7471462",
    "movie_id": "102427",
    "author": "01aj****",
    "review": "재수없고 끔찍한 이야기... 뭐야 이거...",
    "rating": "3",
    "date": "13.04.20"
  },
  {
    "review_id": "7456972",
    "movie_id": "102427",
    "author": "jhy0****",
    "review": "왤케본사람이없지? 결말이뭐야",
    "rating": "7",
    "date": "13.04.13"
  },
  {
    "review_id": "7440542",
    "movie_id": "102427",
    "author": "juny****",
    "review": ".",
    "rating": "8",
    "date": "13.04.07"
  },
  {
    "review_id": "7417144",
    "movie_id": "102427",
    "author": "dogk****",
    "review": "작년에 다운받아 본건데? ㅋㅋ",
    "rating": "7",
    "date": "13.03.28"
  }
]