[
  {
    "review_id": "8782079",
    "movie_id": "102489",
    "author": "kimg****",
    "review": "기대 이상으로 무난히 볼수 있었다",
    "rating": "7",
    "date": "14.05.31"
  },
  {
    "review_id": "8544067",
    "movie_id": "102489",
    "author": "lis3****",
    "review": "정말ㅋㅋㅋ정말롴ㅋㅋ안봣지만",
    "rating": "1",
    "date": "14.02.28"
  },
  {
    "review_id": "7907797",
    "movie_id": "102489",
    "author": "sotp****",
    "review": "기대 이상으로 재미있고 많은 이야기를 담고 있었다. 지루 하지 않으면서 가볍지도 않아 20대 중반~30대 여성들이 매우 즐겁게 볼 수 있을 듯!",
    "rating": "8",
    "date": "13.08.21"
  },
  {
    "review_id": "7902258",
    "movie_id": "102489",
    "author": "ilov****",
    "review": "남자 대 여자, 한글 부제목이 정말 문제다. -_-",
    "rating": "8",
    "date": "13.08.19"
  },
  {
    "review_id": "7868000",
    "movie_id": "102489",
    "author": "djaa****",
    "review": "성인들이 원하는 평범한 영화",
    "rating": "6",
    "date": "13.08.11"
  },
  {
    "review_id": "7860125",
    "movie_id": "102489",
    "author": "wogh****",
    "review": "그냥 평범하게본작품...",
    "rating": "6",
    "date": "13.08.08"
  },
  {
    "review_id": "7857899",
    "movie_id": "102489",
    "author": "byul****",
    "review": "뻔한 감동에 유치해서 웃기지도 않는 이탈리아 코미디 영화",
    "rating": "6",
    "date": "13.08.08"
  },
  {
    "review_id": "7702784",
    "movie_id": "102489",
    "author": "ssom****",
    "review": "진짜 재밌네요.... 제목보고 가벼울거라 생각했는데 절대 가볍지 않고 영화보는 시간 내내 유쾌했어요.  분위기는 500 일의 섬머하고 비슷한데이영화는 세커플인가 네커플의 얘기가 각기 다르게 풀어가는 내용이라 질리지도 않고 암튼 짱추천!",
    "rating": "10",
    "date": "13.07.04"
  },
  {
    "review_id": "7691540",
    "movie_id": "102489",
    "author": "sinh****",
    "review": "야한 영화가 아닌 아름 다운 사랑 영화",
    "rating": "10",
    "date": "13.06.30"
  },
  {
    "review_id": "7684201",
    "movie_id": "102489",
    "author": "coal****",
    "review": "재밌다. 소소하게 웃을 수 있는 로맨틱 코메디.",
    "rating": "8",
    "date": "13.06.27"
  },
  {
    "review_id": "7673021",
    "movie_id": "102489",
    "author": "allb****",
    "review": "제목에 낚이지 말것! 우정과 사랑과 그외 소소한것들이 주는 일상의 기쁨이랄까",
    "rating": "8",
    "date": "13.06.23"
  },
  {
    "review_id": "7657421",
    "movie_id": "102489",
    "author": "choi****",
    "review": "이태리영화 화끈하네~ 볼만함.ㅋㅋ",
    "rating": "5",
    "date": "13.06.19"
  },
  {
    "review_id": "7656139",
    "movie_id": "102489",
    "author": "aago****",
    "review": "보진 않았지만 제목이 좋아보여서..",
    "rating": "10",
    "date": "13.06.19"
  },
  {
    "review_id": "7655437",
    "movie_id": "102489",
    "author": "shou****",
    "review": "제목보면서 B급 야한영화 생각하구봤는데 뒤통수맞은거같다.섹시한 장면들은 있지만 심오한 정사장면은 거의없다.근데 드라마적이고 인간적인 따듯함이 있다.뭐 러브액츄얼리같은 영화다.성보다는 사랑에관한얘기라서 가볍게 볼만했다",
    "rating": "8",
    "date": "13.06.18"
  },
  {
    "review_id": "7640528",
    "movie_id": "102489",
    "author": "vale****",
    "review": "정말 재미없다. 평점을 높이자. 나만 당할순 없다.",
    "rating": "10",
    "date": "13.06.15"
  },
  {
    "review_id": "7640250",
    "movie_id": "102489",
    "author": "ksju****",
    "review": "내가 한건해이지...완전 평점보고 다운받아 보는데 명 수를 안봐따...여섯명이 8.5를 평점하셨네....3500원 결제하고 봤는데...아우 재미없어....제목이 다네.....",
    "rating": "1",
    "date": "13.06.15"
  },
  {
    "review_id": "7575947",
    "movie_id": "102489",
    "author": "2_ya****",
    "review": "제목을 넘 싸구려로 지어놨음영화는 참 인간적이고 재미있는데",
    "rating": "10",
    "date": "13.06.03"
  },
  {
    "review_id": "7562242",
    "movie_id": "102489",
    "author": "tjdd****",
    "review": "ㅋㅋ완젼 재미나게봤습니다^^제목보단 고품격인데 ㅡㅡ제목이 좀 그래요 영화내용을 다 표현하기엔  쩝...",
    "rating": "10",
    "date": "13.05.30"
  },
  {
    "review_id": "7517525",
    "movie_id": "102489",
    "author": "happ****",
    "review": "내가1점남기면 10에서 몇까지떨어질려나",
    "rating": "1",
    "date": "13.05.09"
  },
  {
    "review_id": "7516867",
    "movie_id": "102489",
    "author": "hooh****",
    "review": "제목만봐도  쩐다",
    "rating": "10",
    "date": "13.05.09"
  },
  {
    "review_id": "7516016",
    "movie_id": "102489",
    "author": "juns****",
    "review": "10점 유지ㄱㄱ해",
    "rating": "10",
    "date": "13.05.08"
  },
  {
    "review_id": "7505538",
    "movie_id": "102489",
    "author": "minb****",
    "review": "7삤겠다다",
    "rating": "10",
    "date": "13.05.04"
  }
]