[
  {
    "review_id": "9795199",
    "movie_id": "102464",
    "author": "bavi****",
    "review": "영화 좋던데 평점이 이래서 정말 놀랬음. 진짜 징기스칸의군대가 얼마나 용맹한가를 보여주는 영화같다. 물론 징기스칸의 이야기는 아니지만 스토리도 나름 좋다. 액션씬들이 사실적인데 잔인하진 않아서 좋더라.",
    "rating": "10",
    "date": "15.03.20"
  },
  {
    "review_id": "9690392",
    "movie_id": "102464",
    "author": "2328****",
    "review": "그냥본다그냥보고있다그냥봤다",
    "rating": "7",
    "date": "15.02.12"
  },
  {
    "review_id": "9004321",
    "movie_id": "102464",
    "author": "tpgn****",
    "review": "세계를 정복한 몽골제국군의 전쟁 영화. 영화로서는 잘 모르겠지만 그냥 세계를 정복한 몽골제국군의 전쟁 영화라는 것 자체가 전쟁 영화다.",
    "rating": "10",
    "date": "14.08.01"
  },
  {
    "review_id": "8606309",
    "movie_id": "102464",
    "author": "cygl****",
    "review": "30분 본게 내 최대한의 인내심",
    "rating": "1",
    "date": "14.03.25"
  },
  {
    "review_id": "8158272",
    "movie_id": "102464",
    "author": "kimg****",
    "review": "다보면 열이 받는 쓰레기",
    "rating": "1",
    "date": "13.11.21"
  },
  {
    "review_id": "8004509",
    "movie_id": "102464",
    "author": "awak****",
    "review": "한마디로 모두 수준 미달이다.",
    "rating": "3",
    "date": "13.09.21"
  },
  {
    "review_id": "7719075",
    "movie_id": "102464",
    "author": "jnlu****",
    "review": "오우삼 적벽대전의 관우역과 중국 드라마에서 징기스칸역으로 잘 알려진 몽고출신 파삼찰포가 주연으로 마지막 부분 메세지는 충분히 공감하지만 징기스칸은 단 한 컷도 나오지 않는 예하 부대 무용담에 너무 거창한 제목은 오해를 불러일으킨다",
    "rating": "4",
    "date": "13.07.09"
  },
  {
    "review_id": "7620114",
    "movie_id": "102464",
    "author": "iuns****",
    "review": "첫째  영화의 이름을 잘 못 번역했음둘째  이 영화는 징기스칸의 거대한 군대의 위대한 10명의 이야기다셋째  먼저 아 나라의 역사를 알고 나서 영화를 보라",
    "rating": "10",
    "date": "13.06.09"
  },
  {
    "review_id": "7514004",
    "movie_id": "102464",
    "author": "milk****",
    "review": "이걸 수입해서 판매 하다니,,,,",
    "rating": "2",
    "date": "13.05.07"
  },
  {
    "review_id": "7511393",
    "movie_id": "102464",
    "author": "thri****",
    "review": "내가 뭘 본건지",
    "rating": "4",
    "date": "13.05.06"
  },
  {
    "review_id": "7487939",
    "movie_id": "102464",
    "author": "bens****",
    "review": "후진국몽골영화가 그렇지 머",
    "rating": "1",
    "date": "13.04.27"
  },
  {
    "review_id": "7477265",
    "movie_id": "102464",
    "author": "dark****",
    "review": "징기스칸에 관한 내용도 아니고 재미도 없다",
    "rating": "3",
    "date": "13.04.23"
  },
  {
    "review_id": "7471823",
    "movie_id": "102464",
    "author": "tn99****",
    "review": "우리나라에서 개봉했다는 사실이 대단하다..",
    "rating": "2",
    "date": "13.04.21"
  },
  {
    "review_id": "7460828",
    "movie_id": "102464",
    "author": "hone****",
    "review": "밑에 볼만한데 하시는 분뭐가 볼만한지?첫번째 배우들 캐스팅에 깜짝 놀라고...두번째 스토리에 깜짝 놀라며세번째 스케일에 깜짝 놀란다.그냥 허접한 자연 다큐멘터리 1시간 30분짜리 본다 생각하시면 됨정말 반전인데 징키스칸 안나온다.",
    "rating": "1",
    "date": "13.04.15"
  },
  {
    "review_id": "7459409",
    "movie_id": "102464",
    "author": "chao****",
    "review": "볼만한데??.... 리뷰 보고 안볼려다가 진짜 볼꺼 없어서 봤는데 스케일이 굉장함.....몰입도도 좋고 초한지 미래판 ㅋㅋㅋ 연기력도 좋은데 아쉬운건 배우 얼굴",
    "rating": "9",
    "date": "13.04.14"
  },
  {
    "review_id": "7455580",
    "movie_id": "102464",
    "author": "zce0****",
    "review": "포스터 얼굴이 이수근인줄 알고 뿜었다. ㅎㅎ 그렇게 보이는건 나뿐인건가??",
    "rating": "4",
    "date": "13.04.13"
  },
  {
    "review_id": "7433235",
    "movie_id": "102464",
    "author": "affi****",
    "review": "재미없고 비추인데 한가지 추천할 점은 배우들 얼굴이 원조 몽골인. 얼굴들이 모두 고치지 않은 일반인들이다. 한중일 배우들처럼 고친 사람 없는 것 같다 ㅋㅋㅋㅋㅋㅋㅋㅋㅋㅋㅋ",
    "rating": "2",
    "date": "13.04.03"
  },
  {
    "review_id": "7408069",
    "movie_id": "102464",
    "author": "shkd****",
    "review": "밑에분들말 믿지마세요 보지도않고 태클거는거임            진짜 대박영화 블록버스터 액션영화 좋아하시늘분들 강추",
    "rating": "10",
    "date": "13.03.24"
  },
  {
    "review_id": "7333722",
    "movie_id": "102464",
    "author": "pria****",
    "review": "야만인의 골목대장질.",
    "rating": "1",
    "date": "13.03.09"
  },
  {
    "review_id": "7319340",
    "movie_id": "102464",
    "author": "canc****",
    "review": "징기스칸은 한 번도 안 나오고 원제목도 결사대라는 뜻이에요 의사구하러간 결사대....스토리가 빈약하지만 나머지는 그럭저럭이네요....재미는 없는 편이고 마치 실제 내용처럼 밋밋하네요",
    "rating": "6",
    "date": "13.03.02"
  },
  {
    "review_id": "7280472",
    "movie_id": "102464",
    "author": "chah****",
    "review": "이게.. 무슨..",
    "rating": "1",
    "date": "13.02.19"
  },
  {
    "review_id": "7277283",
    "movie_id": "102464",
    "author": "yang****",
    "review": "더럽게 지루하다..",
    "rating": "1",
    "date": "13.02.17"
  },
  {
    "review_id": "7243486",
    "movie_id": "102464",
    "author": "lcw0****",
    "review": "정말이지 형편없는 영화다, 징기스칸하고 전혀 무관한 영화. 이름만 징기스칸 어쩌구 저쩌구....",
    "rating": "2",
    "date": "13.02.09"
  },
  {
    "review_id": "7238458",
    "movie_id": "102464",
    "author": "dhs1****",
    "review": "1111111111111111111111111",
    "rating": "6",
    "date": "13.02.08"
  }
]