[
  {
    "review_id": "9067933",
    "movie_id": "102536",
    "author": "kjsk****",
    "review": "말이필요있나 기비~~~~",
    "rating": "10",
    "date": "14.08.11"
  },
  {
    "review_id": "8604107",
    "movie_id": "102536",
    "author": "thdw****",
    "review": "진심노잼이네요 유치한 코미디 ....",
    "rating": "1",
    "date": "14.03.24"
  },
  {
    "review_id": "7735515",
    "movie_id": "102536",
    "author": "zinn****",
    "review": "잼 당~~",
    "rating": "8",
    "date": "13.07.13"
  }
]