[
  {
    "review": "그냥 생각했던 것보다..콘택트와 너무 비교해서 봤나...",
    "date": "15.08.23",
    "rating": "6",
    "author": "0411****",
    "review_id": "10267598",
    "movie_id": "10251"
  },
  {
    "review": "어릴 적 꿈만 같았던 영화. 아직도 교신 멜로디가 또렷이 생각난다.",
    "date": "15.08.13",
    "rating": "10",
    "author": "n2mo****",
    "review_id": "10223491",
    "movie_id": "10251"
  },
  {
    "review": "7~80대  스필버그의 움직임중 한작품  그는 그시절 부터 천재엿다  매니아들은 알겟지만 그의 영화 화질은 남다르다.",
    "date": "15.07.27",
    "rating": "10",
    "author": "pin0****",
    "review_id": "10151689",
    "movie_id": "10251"
  },
  {
    "review": "믿고보는 스필버그영화",
    "date": "15.07.27",
    "rating": "10",
    "author": "carn****",
    "review_id": "10148567",
    "movie_id": "10251"
  },
  {
    "review": "평식이형 이영화 평가 안하고 뭐햇데",
    "date": "15.06.20",
    "rating": "8",
    "author": "yoob****",
    "review_id": "10014474",
    "movie_id": "10251"
  },
  {
    "review": "철학적이고 아름다운 영화.",
    "date": "15.05.02",
    "rating": "10",
    "author": "pr5g****",
    "review_id": "9886019",
    "movie_id": "10251"
  },
  {
    "review": "이거 죽기전에 봐야할영화 1001가지중 최고들리스트100가지중  하나입니다.ET를 위한습작이라니당치도않은소리",
    "date": "15.04.04",
    "rating": "10",
    "author": "jari****",
    "review_id": "9825126",
    "movie_id": "10251"
  },
  {
    "review": "ET를 위한 습작...",
    "date": "15.02.09",
    "rating": "6",
    "author": "rd72****",
    "review_id": "9683444",
    "movie_id": "10251"
  },
  {
    "review": "산타 같은 거짓말로 꿈과 희망 북돋우기.",
    "date": "15.02.08",
    "rating": "5",
    "author": "tear****",
    "review_id": "9677783",
    "movie_id": "10251"
  },
  {
    "review": "숨이 탁탁 막히는 .... 지루함 답답함이여",
    "date": "15.01.28",
    "rating": "5",
    "author": "chee****",
    "review_id": "9643892",
    "movie_id": "10251"
  },
  {
    "review": "그 시절 어땠을지는 몰라도 지금 시점으로봐서는 돈만 꼬라박았지 왜 만들었는지 알 수 없다. 명작은 시간이 지나도 가치가 변하지 않는다",
    "date": "15.01.15",
    "rating": "1",
    "author": "mins****",
    "review_id": "9595509",
    "movie_id": "10251"
  },
  {
    "review": "UFO가 이렇게 놀라운 것이라고 나는 생각하였다나에게 가슴 설레게 만들어준 영화",
    "date": "14.11.21",
    "rating": "10",
    "author": "4805****",
    "review_id": "9406870",
    "movie_id": "10251"
  },
  {
    "review": "정말 영화와 제목이 이렇게 잘 어울리는 영화가 또 있을까. 어릴적 토요명화에서 보고나서 며칠동안 가슴설레였던 기억이 아직도 생생하다. 외계인의 존재를 너무나도 아름답고 경이롭게 표현한 스필버그의 초창기걸작.",
    "date": "14.10.20",
    "rating": "10",
    "author": "kjk9****",
    "review_id": "9303764",
    "movie_id": "10251"
  },
  {
    "review": "처음엔 지루했지만 나중에 주인공들이 미지와의 조우를 할때의 그 음악, 환상적인 장면들, 지금은 전형적인 외계인의 출현, 또 그들에 대한 어린아이같은 상상력은 굉장히 인상깊었습니다. 추천^^",
    "date": "14.10.19",
    "rating": "8",
    "author": "jinh****",
    "review_id": "9302950",
    "movie_id": "10251"
  },
  {
    "review": "79년에 나온 리들리스콧의 에일리언은 불멸의걸작. 82년에 나온 스필버그의 이작품은 습작.",
    "date": "14.09.17",
    "rating": "5",
    "author": "rock****",
    "review_id": "9220875",
    "movie_id": "10251"
  },
  {
    "review": "유아적이고 낭만적인 외계인과의 조우",
    "date": "14.08.26",
    "rating": "7",
    "author": "byul****",
    "review_id": "9134787",
    "movie_id": "10251"
  },
  {
    "review": "1977년 영화라는게 신기하기는 하지만 네티즌 추천으로 봤으나 긴 런닝타임과 지루함.",
    "date": "14.08.07",
    "rating": "1",
    "author": "jjaj****",
    "review_id": "9042517",
    "movie_id": "10251"
  },
  {
    "review": "재미 보단 신비로움 어찌 그 옛날에 이런 영화가 나올수 있는지.. 스페이스 오디세이도 그렇고 대단하다.",
    "date": "14.07.29",
    "rating": "9",
    "author": "milk****",
    "review_id": "8977553",
    "movie_id": "10251"
  },
  {
    "review": "어린아이의 시각으로 막연한 상상을 그린 영화. 재미없고 지루하다.",
    "date": "14.06.08",
    "rating": "7",
    "author": "sunw****",
    "review_id": "8811892",
    "movie_id": "10251"
  },
  {
    "review": "김빠지게 만드는 외계인의 식상한 모습의 실루엣",
    "date": "14.05.21",
    "rating": "1",
    "author": "mara****",
    "review_id": "8752262",
    "movie_id": "10251"
  },
  {
    "review": "어릴때 엑스파일매니아였던 사람은 매우 흥미롭게 볼수밖에 없다",
    "date": "14.05.10",
    "rating": "9",
    "author": "fghy****",
    "review_id": "8719861",
    "movie_id": "10251"
  },
  {
    "review": "가족 버렸다고 이게 8점대....뭐 그렇다 치고, 형식적으로 편집,각본, 촬영, 연기, 음악, 조명...내용적으로 스릴러, 공포, 코믹, 가족, 다큐, 뮤지컬, 환타지,SF...주제로는  이 모든 것은 사회학적 현상이오...형식,내용,주제 모두 최고.",
    "date": "14.04.13",
    "rating": "10",
    "author": "hwee****",
    "review_id": "8648697",
    "movie_id": "10251"
  },
  {
    "review": "미스테리한 존재와의 음악적 교감",
    "date": "14.02.11",
    "rating": "7",
    "author": "rcan****",
    "review_id": "8496756",
    "movie_id": "10251"
  },
  {
    "review": "꿀잼 허니잼 빅잼. 로이가 가정파괴에 너무 시간 잡아먹은게 흠이다.",
    "date": "14.01.27",
    "rating": "9",
    "author": "soun****",
    "review_id": "8437044",
    "movie_id": "10251"
  },
  {
    "review": "지금봐도 신비롭다... 근데 애들하고 마누라는 뭔 잘못?ㅠㅠ",
    "date": "13.10.29",
    "rating": "8",
    "author": "awak****",
    "review_id": "8098729",
    "movie_id": "10251"
  },
  {
    "review": "본 sf중에 제일 시시하고 별것없지만 30년된영화라는게 놀라움. 서양인들의 30년전문화와사고방식이 지금의 우리보다 더 발전했다는 점도 놀랍다. 예를들면 아빠가이상해지자 가족상담을 받으러가자는 부분. 우리나라였다면..",
    "date": "13.10.08",
    "rating": "7",
    "author": "qsxd****",
    "review_id": "8045296",
    "movie_id": "10251"
  },
  {
    "review": "저에게 꿈을 실어준 영화들의 모티브. 아마 인간은 언젠가 미지와 만나게 될겁니다. 저또한 그렇게 생각하구요, 그런 의미에서 이 영화는 상당한 가치를 가진 영화라 말할 수 있습니다.",
    "date": "13.09.29",
    "rating": "10",
    "author": "kkd4****",
    "review_id": "8022485",
    "movie_id": "10251"
  },
  {
    "review": "지금 보기엔",
    "date": "13.09.21",
    "rating": "6",
    "author": "diri****",
    "review_id": "8003672",
    "movie_id": "10251"
  },
  {
    "review": "편집의 힘인가. 내용이 심심한 편인데 집중해서 보게 만드는 힘이 있다.",
    "date": "13.08.23",
    "rating": "7",
    "author": "wins****",
    "review_id": "7915638",
    "movie_id": "10251"
  },
  {
    "review": "죠스 버금가는 명작",
    "date": "13.08.19",
    "rating": "8",
    "author": "loop****",
    "review_id": "7901812",
    "movie_id": "10251"
  },
  {
    "review": "내 나이가 서른인데 아마 이영화를 초딩때 본걸로 기억한다.... 이거보고 바로 밤하늘보러 뛰쳐나간 추억이 떠오른다. ET와 어비스를 비롯한 내인생 최고의 SF영화...",
    "date": "13.08.13",
    "rating": "10",
    "author": "teso****",
    "review_id": "7875379",
    "movie_id": "10251"
  },
  {
    "review": "최고다",
    "date": "13.07.22",
    "rating": "10",
    "author": "jsu0****",
    "review_id": "7776013",
    "movie_id": "10251"
  },
  {
    "review": "에일리언 어택이 더 재미있는 이유",
    "date": "13.06.06",
    "rating": "3",
    "author": "expr****",
    "review_id": "7589388",
    "movie_id": "10251"
  },
  {
    "review": "이게 30년전 영화라니 최곱니다",
    "date": "13.06.02",
    "rating": "10",
    "author": "arch****",
    "review_id": "7571693",
    "movie_id": "10251"
  },
  {
    "review": "대단한 영화.",
    "date": "13.02.14",
    "rating": "8",
    "author": "dlwo****",
    "review_id": "7261248",
    "movie_id": "10251"
  },
  {
    "review": "처음엔 좀 지루했었는데.. 뒤에갈수록 볼만했고.. 80년대 영화치고는 ufo도 그렇고 볼만했음^^",
    "date": "13.01.16",
    "rating": "8",
    "author": "hank****",
    "review_id": "7120630",
    "movie_id": "10251"
  },
  {
    "review": "전반적으로 졸리다. 큰 기대를 안하고 보는게 좋을듯 싶다.",
    "date": "13.01.15",
    "rating": "6",
    "author": "lsy7****",
    "review_id": "7118570",
    "movie_id": "10251"
  },
  {
    "review": "77년 영화를 보면서 내내 멍하고 신비로웠다.역시 스필버그",
    "date": "12.09.23",
    "rating": "10",
    "author": "cred****",
    "review_id": "6727302",
    "movie_id": "10251"
  },
  {
    "review": "오랫동안 제목만 알았던 영화를 드디어 보긴했는데, 좀 많이 졸렸다. 이후의 많은 외계인 관련 영화에 영감을 준듯한 영화. 컨택트도 생각나고, 사인도 생각나고, 특히 스필버그의 ET의 모체가 된 듯.. 스페이스 오딧세이가 훨씬 내취향에 맞는듯..",
    "date": "12.09.13",
    "rating": "7",
    "author": "hjhu****",
    "review_id": "6691462",
    "movie_id": "10251"
  },
  {
    "review": "지금 보는 중인데요, 지루해 죽겠네요. 가족 애들은 왜 이렇게 산만하고, 외계인의 정체는 대체 뭔지 모르겠어요. 포스트모더니즘인가? 애들이 좀 또라이같네요. 영화가 전반적으로 불친절해요.",
    "date": "12.09.04",
    "rating": "5",
    "author": "kimi****",
    "review_id": "6670575",
    "movie_id": "10251"
  },
  {
    "review": "로이 개미친놈! 가정있는 놈이 외계인 따라가고....",
    "date": "12.08.27",
    "rating": "4",
    "author": "efpi****",
    "review_id": "6648289",
    "movie_id": "10251"
  },
  {
    "review": "결말부를 제외하곤 ....보는내내 지루했다",
    "date": "12.08.26",
    "rating": "5",
    "author": "ci30****",
    "review_id": "6646581",
    "movie_id": "10251"
  },
  {
    "review": "말 그대로 딱 더도 덜도 아닌 미지와의 조우.",
    "date": "12.08.25",
    "rating": "6",
    "author": "hadl****",
    "review_id": "6642385",
    "movie_id": "10251"
  },
  {
    "review": "웰컴투 외계인관광사업부",
    "date": "12.08.25",
    "rating": "10",
    "author": "cjws****",
    "review_id": "6641704",
    "movie_id": "10251"
  },
  {
    "review": "초반에 지루해서 평점이 깍인다.",
    "date": "12.08.04",
    "rating": "6",
    "author": "kyki****",
    "review_id": "6570685",
    "movie_id": "10251"
  },
  {
    "review": "옛날영화라 그래픽은 별로지만 몰입도 특히 외계인과 조우하는 부분은 넋을 잃고 보게 된다",
    "date": "12.07.02",
    "rating": "9",
    "author": "real****",
    "review_id": "6437742",
    "movie_id": "10251"
  },
  {
    "review": "1970~90년대 스필버그 영화는 볼때마다 날 울게 만든다. 하지만 이후 영화들은..",
    "date": "12.06.04",
    "rating": "9",
    "author": "jjs1****",
    "review_id": "6363984",
    "movie_id": "10251"
  },
  {
    "review": "우리는 양놈들보다 35년도 더 뒤떨어져있다",
    "date": "12.06.01",
    "rating": "9",
    "author": "cpat****",
    "review_id": "6354626",
    "movie_id": "10251"
  },
  {
    "review": "어린시절의 임팩트는 최고였다. 음악마디만으로 연상케하는..",
    "date": "12.05.16",
    "rating": "9",
    "author": "9344****",
    "review_id": "6303772",
    "movie_id": "10251"
  },
  {
    "review": "마지막부분에 뭔가 있는 것 같은데라는 느낌이 강하다. 신선했다.",
    "date": "12.05.08",
    "rating": "8",
    "author": "juny****",
    "review_id": "6281467",
    "movie_id": "10251"
  },
  {
    "review": "요즘 영화는 외계인하면 전쟁과 파괴로 적대시되는데 이 영화는 이티처럼 훈훈하다.",
    "date": "12.04.21",
    "rating": "9",
    "author": "epis****",
    "review_id": "6237624",
    "movie_id": "10251"
  },
  {
    "review": "어린시절...  생애 최초로 본 외계인 영화로 충격이었다.",
    "date": "12.04.11",
    "rating": "10",
    "author": "kos4****",
    "review_id": "6207517",
    "movie_id": "10251"
  },
  {
    "review": "보는 내내 은근한 긴장감과 호기심을 끄는. 77년작인데도 느낌이 좋아요..",
    "date": "12.03.18",
    "rating": "9",
    "author": "oope****",
    "review_id": "6151910",
    "movie_id": "10251"
  },
  {
    "review": "SF의 참맛을 느낄 수 있었다.",
    "date": "12.02.27",
    "rating": "10",
    "author": "rnal****",
    "review_id": "6108089",
    "movie_id": "10251"
  },
  {
    "review": "마지막부분만으로 가치있는 영화. 지루하게보다 느끼는 전율은 대단하다.",
    "date": "12.02.25",
    "rating": "8",
    "author": "supe****",
    "review_id": "6102518",
    "movie_id": "10251"
  },
  {
    "review": "이 영화를 위해서라도 외계생명체는 반드시 존재해야한다.",
    "date": "12.02.19",
    "rating": "10",
    "author": "heod****",
    "review_id": "6088886",
    "movie_id": "10251"
  },
  {
    "review": "미스터리한 느낌과 절정에서의 신비한 느낌",
    "date": "12.02.14",
    "rating": "8",
    "author": "ccpp****",
    "review_id": "6075223",
    "movie_id": "10251"
  },
  {
    "review": "제목 그대로",
    "date": "12.02.14",
    "rating": "8",
    "author": "rame****",
    "review_id": "6075220",
    "movie_id": "10251"
  },
  {
    "review": "요즘의 노골적인 외계인 영화에 비하면 다소 싱겁게 끝났지만, 그게 나름의 매력",
    "date": "12.02.14",
    "rating": "8",
    "author": "kpcc****",
    "review_id": "6075218",
    "movie_id": "10251"
  },
  {
    "review": "재밌다. 오래 기억에 남는 작품이다.!",
    "date": "12.01.20",
    "rating": "9",
    "author": "kid9****",
    "review_id": "6003626",
    "movie_id": "10251"
  },
  {
    "review": "과연 그날은 올것인가?피아노 건반소리가 아직도 메아리 친다.기억해야지",
    "date": "12.01.16",
    "rating": "8",
    "author": "ador****",
    "review_id": "5991869",
    "movie_id": "10251"
  },
  {
    "review": "옛날영화에다 cg가 좀 별로(당연함)이지만 그 놀라움을 아직 잊을수가 없다.",
    "date": "11.12.25",
    "rating": "10",
    "author": "tjdn****",
    "review_id": "5932740",
    "movie_id": "10251"
  },
  {
    "review": "역시... 이 설레임과 두근거림은 스티븐스필버그 밖에 없다.",
    "date": "11.11.14",
    "rating": "9",
    "author": "dhfb****",
    "review_id": "5848622",
    "movie_id": "10251"
  },
  {
    "review": "너무 어렵다",
    "date": "11.10.08",
    "rating": "8",
    "author": "oper****",
    "review_id": "5777527",
    "movie_id": "10251"
  },
  {
    "review": "이티 탄생의 모티브가 된 스필버그 최고의 마스터피스",
    "date": "11.10.01",
    "rating": "10",
    "author": "dene****",
    "review_id": "5764242",
    "movie_id": "10251"
  },
  {
    "review": "재밌게 보긴 했는데 끝에 하이라이트 나오기 전까지는 좀 졸렸다...",
    "date": "11.10.01",
    "rating": "7",
    "author": "lkm2****",
    "review_id": "5764216",
    "movie_id": "10251"
  },
  {
    "review": "말이 안 나온다. 정말 대단한 영화",
    "date": "11.09.18",
    "rating": "10",
    "author": "blac****",
    "review_id": "5739265",
    "movie_id": "10251"
  },
  {
    "review": "영화사에 길이 남을 스필버그 감독만이 만들수 있는 실화보다 더 실화같은 영화다.",
    "date": "11.08.18",
    "rating": "10",
    "author": "heal****",
    "review_id": "5664844",
    "movie_id": "10251"
  },
  {
    "review": "외계인에 대한 경외감에 벅차기도 하지만 좀 심심하기도 하다.",
    "date": "11.08.05",
    "rating": "7",
    "author": "kusa****",
    "review_id": "5606445",
    "movie_id": "10251"
  },
  {
    "review": "외계 영화에 시초적인 영화. 스필버그는 상상력 하나 만큼은 누구도 못 따라 간다.",
    "date": "11.08.04",
    "rating": "6",
    "author": "kimg****",
    "review_id": "5599271",
    "movie_id": "10251"
  },
  {
    "review": "내 생에 SF영화 본것중에 최고였다.",
    "date": "11.07.21",
    "rating": "10",
    "author": "dizz****",
    "review_id": "5558438",
    "movie_id": "10251"
  },
  {
    "review": "마지막 장면은 잊혀지지않을 것 같다.",
    "date": "11.07.03",
    "rating": "10",
    "author": "disn****",
    "review_id": "5520124",
    "movie_id": "10251"
  },
  {
    "review": "어릴적 주말의 명화로 몇번을 봤지만 매번 신선한 충격이었다",
    "date": "11.07.01",
    "rating": "7",
    "author": "foun****",
    "review_id": "5511277",
    "movie_id": "10251"
  },
  {
    "review": "다소 긴 감이 없지않아 있지만, 스필버그의 연출력만큼은 대단하다.",
    "date": "11.06.30",
    "rating": "8",
    "author": "jys4****",
    "review_id": "5510538",
    "movie_id": "10251"
  },
  {
    "review": "음악은 세계공용어라는 걸 확인시켜준 영화. 아름답긴 하지만 지금 보기엔 지루하다.",
    "date": "11.06.23",
    "rating": "6",
    "author": "team****",
    "review_id": "5494689",
    "movie_id": "10251"
  },
  {
    "review": "어릴적 상당한 영감을 준 영화",
    "date": "11.06.12",
    "rating": "10",
    "author": "junh****",
    "review_id": "5477176",
    "movie_id": "10251"
  },
  {
    "review": "황홀함을 느끼게 하는 스필버그의 뛰어난 연출이 돋보임",
    "date": "11.06.09",
    "rating": "8",
    "author": "shys****",
    "review_id": "5472166",
    "movie_id": "10251"
  },
  {
    "review": "어릴적에 너무나 충격적이고 감탄하면서 봤던 영화...",
    "date": "11.06.06",
    "rating": "9",
    "author": "maxi****",
    "review_id": "5468069",
    "movie_id": "10251"
  },
  {
    "review": "지금은 지루하지만 시기를 생각하면 엄청난 그래픽과 촬영이다.",
    "date": "11.06.02",
    "rating": "6",
    "author": "bbq2****",
    "review_id": "5461113",
    "movie_id": "10251"
  },
  {
    "review": "스필버그 영화라서 너무 크게 기대한듯 .",
    "date": "11.05.08",
    "rating": "6",
    "author": "babo****",
    "review_id": "5414598",
    "movie_id": "10251"
  },
  {
    "review": "Good",
    "date": "11.05.07",
    "rating": "10",
    "author": "subw****",
    "review_id": "5412143",
    "movie_id": "10251"
  },
  {
    "review": "별로라고생각했다 77년도보고 놀랬다  dl",
    "date": "11.04.08",
    "rating": "9",
    "author": "tall****",
    "review_id": "5361783",
    "movie_id": "10251"
  },
  {
    "review": "쓸때없이 높다.. 킬링타임용..",
    "date": "11.04.07",
    "rating": "1",
    "author": "skyb****",
    "review_id": "5358643",
    "movie_id": "10251"
  },
  {
    "review": "77년작이라는게 믿겨지지가 않는다... 정말 대단한영화.",
    "date": "11.03.25",
    "rating": "10",
    "author": "sayk****",
    "review_id": "5334720",
    "movie_id": "10251"
  },
  {
    "review": "15년전 본 영화지만 아직도 선명하게 남아있는 영화 너무나 환상적인 작품",
    "date": "11.01.21",
    "rating": "10",
    "author": "kjs9****",
    "review_id": "5172792",
    "movie_id": "10251"
  },
  {
    "review": "맨날 외계인과 싸우는 우리...하지만 이 영화 감동적이다....",
    "date": "11.01.04",
    "rating": "10",
    "author": "to66****",
    "review_id": "5128706",
    "movie_id": "10251"
  },
  {
    "review": "올 만에 다시봐도 역시 스필버그네..77년도 영화를 지금봐도 잼나다니",
    "date": "10.12.04",
    "rating": "10",
    "author": "come****",
    "review_id": "5020808",
    "movie_id": "10251"
  },
  {
    "review": "미션투 마스같은 영화네... 뒤가더 궁금한 영화;;;",
    "date": "10.11.24",
    "rating": "8",
    "author": "help****",
    "review_id": "4984446",
    "movie_id": "10251"
  },
  {
    "review": "1977이라 그때 이런 그래픽이 가능하단말인가... 천재영화라고 평가 하고 싶다",
    "date": "10.10.19",
    "rating": "10",
    "author": "jihu****",
    "review_id": "4911078",
    "movie_id": "10251"
  },
  {
    "review": "제목과 그래픽은 그럴싸하지만...",
    "date": "10.09.02",
    "rating": "2",
    "author": "west****",
    "review_id": "4811586",
    "movie_id": "10251"
  },
  {
    "review": "왠지모를 두려움에 떨었음... 1977년작품이라니",
    "date": "10.07.29",
    "rating": "10",
    "author": "alsw****",
    "review_id": "4685077",
    "movie_id": "10251"
  },
  {
    "review": "밤하늘을 올려다보게 하는 영화!!",
    "date": "10.06.28",
    "rating": "10",
    "author": "lite****",
    "review_id": "4596179",
    "movie_id": "10251"
  },
  {
    "review": "재미있는지는 모르겠음....",
    "date": "10.05.30",
    "rating": "7",
    "author": "lee2****",
    "review_id": "4532970",
    "movie_id": "10251"
  },
  {
    "review": "두번 다시 이런 명작이 나올수 있을까",
    "date": "10.05.04",
    "rating": "10",
    "author": "leed****",
    "review_id": "4479142",
    "movie_id": "10251"
  },
  {
    "review": "가고 싶다 우주-",
    "date": "10.04.27",
    "rating": "9",
    "author": "holo****",
    "review_id": "4459046",
    "movie_id": "10251"
  },
  {
    "review": "마지막 장면을 위한 뜸들이기....대단한 감동과 음악.....",
    "date": "10.04.21",
    "rating": "10",
    "author": "jedi****",
    "review_id": "4447333",
    "movie_id": "10251"
  },
  {
    "review": "감동 그리고 감동",
    "date": "10.04.12",
    "rating": "10",
    "author": "zipp****",
    "review_id": "4427986",
    "movie_id": "10251"
  },
  {
    "review": "놀라운 영화",
    "date": "10.03.18",
    "rating": "10",
    "author": "rjw9****",
    "review_id": "4364308",
    "movie_id": "10251"
  },
  {
    "review": "정말대박이다 74년도 영화라니 믿기지 않는다 그당시의 충격은 어땠을까..",
    "date": "10.02.23",
    "rating": "10",
    "author": "psh8****",
    "review_id": "4310998",
    "movie_id": "10251"
  },
  {
    "review": "평균맞추자",
    "date": "10.01.25",
    "rating": "10",
    "author": "only****",
    "review_id": "4206746",
    "movie_id": "10251"
  }
]